file,predicted_category,subject,body,true_category
dasovich-j/notes_inbox/2613.,Work,AReM Media Alert,"I helped make this more agressive.  The first draft I saw just said take note 
that the CPUC is considering doing this. 

We know that Kate Berry of OCo Register is doing a story. She called Jeff on 
it.

Sue Mara
Enron Corp.
Tel: (415) 782-7802
Fax:(415) 782-7854
----- Forwarded by Susan J Mara/NA/Enron on 06/07/2001 11:06 AM -----

	""Manuel, Erica"" <Erica.Manuel@edelman.com>
	06/07/2001 11:00 AM
		 
		 To: ""Allen, Stevan"" <stevan.allen@edelman.com>, arm@phaser.com, 
""brbarkovich@earthlink.net"" <bbarkovich@earthlink.net'>, 
cra@calretailers.com, Delaney Hunter <dhunter@s-k-w.com>, 
dennis.flatt@kp.org, DJ Smith <djsmith@s-k-w.com>, 
Dominic.DiMare@calchamber.com, drothrock@cmta.net, ""Fairchild, Tracy"" 
<tracy.fairchild@edelman.com>, gdoar@newpower.com, gharrison@calstate.edu, 
hgovenar@go",Work
tholt-j/_sent_mail/163.,Personal,RE: Faith Hill,"Tickets are free.   I don't think we'll need binoculars-seats are on floor.  
Enjoyed helping you over the week-end-that's what friends are for-at least 
where we came from.  The flowers you sent me are beautiful .. All of my 
favorites-gerber daisies and liliies.  You didn't  to do that with all of the 
furniture you gave me.  By the way-are your legs killing you.  My calves hurt 
like hell-think it's from going up and down the stairs barefoot on Saturday.  
I think your decorator was a little disappointed in all of the progress we 
made.-he probably thought you would want to hire help.  Can't believe he 
didn't say anything about all of the beautiful glas syou have.  Hey-we may 
want to thin about putting one of your big mirrors in your purple/black 
bedroom next to the TV hutch-nearthat",Personal
shankman-j/all_documents/161.,Work,Your Order Is Complete!,"FYI.  Jeff
----- Forwarded by Jeffrey A Shankman/HOU/ECT on 02/05/2001 01:09 PM -----

	""eFulfillment Optimization Summit"" <eFulfillment.35@updates.icdevents.com>
	02/01/2001 02:07 PM
		 
		 To: jshankm@enron.com
		 cc: 
		 Subject: Your Order Is Complete!



Would you like to have this message sent to every one of 
your Online Customers within 24 hours?

Register Today for The eFullfillment Optimization Summit 
and hear the newest online fulfillment strategies and find 
out how to exceed your customers' expectations! Register at 
http://updates.icdevents.com/go/eF-E5-t1/register/ or call
877-423-3111.

By attending this conference, you will gain insight and 
practical knowledge on:

* Real-time order processing and customer service methodologies
* Real-time inventory management systems an",Other
gay-r/discussion_threads/11.,Personal,THinking of you.,"... and retirement.  I resigned on Friday but it won't be effective until Feb 
28.  Check out the cabinet I made.

Love 

Rob",Personal
martin-t/sent_items/44.,Personal,RE: Fw: Memorial Chase Web Site,"Sounds like a pretty good deal.  I am always in favor of ""free"".

Tom

 -----Original Message-----
From: 	""Lyne Martin"" <lynemartin@msn.com>@ENRON  
Sent:	Monday, January 07, 2002 10:56 AM
To:	Martin, Thomas A.
Subject:	Fw: Fw: Memorial Chase Web Site


Tom,
We received this information from Memorial Chase.  Wendy is going to look into it. 
Lyne
 
----- Original Message -----
From: Lyne Martin
Sent: Monday, January 07, 2002 12:54 PM
To: mark bain
Cc: Wendy Lijewski
Subject: Re: Fw: Memorial Chase Web Site
 
Dear Mark,
 
Thank you so much for your e-mail.  I am forwarding it to our website coordinators, Wendy & Eric Lijewski.  They may be in contact with you if they have any questions.  I am going to ask them to look into the eteamz.  It sounds like just what we need. Thanks for the suggest",Personal
kean-s/caliornia___investigations/30.,Mailing List,AReM/WPTF Comments on Draft Decisions Regarding PX Credit and,"Dan Douglass has drafted joint comments for two coalitions in which Enron i=
s a member -- Alliance for Retail Energy Markets and Western Power Trading =
Forum.  Robert, feel free to contact Dan directly with your comments.  Let =
me know your thoughts as well.  I am out of the office at a WPTF meeting. D=
an is here as well. If you need to contact me, you can leave me a message o=
n my office phone or try my cell (415 -- 902-4108), but I'm not sure the ce=
ll is working all the time.

Sue Mara
Enron Corp.
Tel: (415) 782-7802
Fax:(415) 782-7854
----- Forwarded by Susan J Mara/NA/Enron on 06/22/2001 07:35 AM -----


=09""Dan Douglass"" <douglass@energyattorney.com> 06/20/2001 10:59 PM =09   T=
o: ""ARM"" <arem@electric.com>  cc:   Subject: Comments on Draft Decisions Re=
garding PX Credit and D",Work
kean-s/discussion_threads/1659.,Mailing List,Thoughts on KM and Other Matters,"Steve,

Thank you for taking the time to see me whenever I have requested an 
appointment with you. I believe there are discussions to consolidate Enron 
websites and also to develop a Knowledge Management infrastructure.  You and 
I have shared some thoughts on these subjects. Properly managed, these are 
potent tools in the strategic mix that would help keep Enron innovative. I 
know that no concrete plans have yet emerged from your deliberations but I 
can foresee when you might want someone to lead this effort full time.

It is eminently sensible to move towards consolidation in both areas. Among 
the several benefits, a common infrastructure would sharply reduce both 
development and maintenance costs.  Also, we would eliminate duplications and 
give coherence to the look and feel of ",Work
schwieger-j/sent_items/75.,Personal,FW: Latin American Energy Crisis Conference Call,"THIS MAYBE A REASON FOR ENE BEING DOWN?  I DO NOT KNOW WHAT IT IS.  IF YOU HAVE TIME TOMORROW YOU MIGHT TRY TO LISTEN IN ALSO.

	SWIG

 -----Original Message-----
From: 	""Emery, Henry"" <henry.emery@ubspainewebber.com>@ENRON [mailto:IMCEANOTES-+22Emery+2C+20Henry+22+20+3Chenry+2Eemery+40ubspainewebber+2Ecom+3E+40ENRON@ENRON.com] 
Sent:	Thursday, May 17, 2001 2:44 PM
Cc:	Ann Bennett (E-mail); Bill Brandenberger (E-mail); chung wu (E-mail); Craig Rathjen; Don Blake; Greg Jones; Jerry Garner; John Kenny; Julie Haviland; Ken Logsdon; Mike Dowd; Pat Dowd; Pat Mendenhall; Patti Trieglaff; Paul Margraves; Rob Nichols; Rocky Emery; Steve Benotti; SUSAN LEWIS (E-mail); Tim Dowd; Toby Pullig; Vince Wier; Willie Finnegan
Subject:	Latin American Energy Crisis Conference Call

Attached is an announcemen",Work
stokley-c/chris_stokley/sent/148.,Personal,Baseball and Softball Links,http://www.eteamz.com/sherwoodbaseball/links/,Personal
wolfe-j/inbox/306.,Personal,Game Night,"Travis Cherry has invited you to ""Game Night"".



Click below to visit Evite for more information about the event and also to RSVP.
http://www.evite.com/r?iid=OKQBGOHNYNJAIYAQSLOR




This invitation was sent to you by Travis Cherry using Evite. To remove yourself
from this guest list please contact us at support@evite.com


This Evite Invite is covered by Evite's privacy policy*.
To view this privacy policy, click here:
http://www.evite.com/privacy


*********************************



*********************************









HAVING TROUBLE?
Perhaps your email program doesn't recognize the Web address as an active
link. To view your invitation, copy the entire URL and paste it into your browser.


If you would like further assistance, please send
email to support@evite.com

* Updated 0",Personal
schwieger-j/deleted_items/9.,Work,TRV Notification:  (FT - Texas P/L - 05/30/2001),"The report named:
<http://trv.dev.corp.enron.com/linkFromExcel.asp?report_cd=8&report_name
=FT+-+Texas+P/L&category_cd=4&category_name=TEXAS&toc_hide=1&sTV1=4&TV1E
xp=Y&current_efct_date=05/30/2001> FT - Texas P/L, published as of
05/30/2001 is now available for viewing on the website.",Work
zipper-a/sent_items/270.,Personal,RE: Addis,I think it relates to Paul not getting the top job in their soon to be spun off unregulated unit. That job went to some guy named Shockley who Eric Vanderwald will report to. Their press release makes for fun reading.,Work
bass-e/all_documents/1164.,Personal,Gonzalez,What do you want for tony gonzalez?,Personal
sager-e/inbox/495.,Mailing List,Grant PUD Status Report,"Status of Grant PUD Termination

EPMI has a WSPP Master Agreement with the Grant Public Utility District (""Grant ""PUD"").  Grant PUD terminated this agreement with EPMI on December 13, 2001.  All transactions were for physical power, and were documented and confirmed under the WSPP agreement.  Pursuant to a pre-petition agreement, at least two of the deals were converted to a cash payment and the physical delivery obligation was cancelled.

Grant calculated the termination payment as being $16,454,632.  On December 18, 2001, Grant paid this amount to Enron Account No. 40781075.  Our forward curves show that Grant still owes us approximately $450,000.   We are working with Grant PUD to ""true up"" the termination payment, and we expect to reach an agreement soon on the true-up payment.

We hav",Work
hayslett-r/projects/northern_border/1.,Mailing List,Williams GP Interest in NBP,"As you requested the following are my thoughts on the value of Williams' 17.5% GP interest in Northern Border.

Based on the acquisition of the Duke GP interest the value would be $14.5 million.  (We acquired the Duke 32.5% GP interest for $27 million in total consideration.)  This transaction was completed in December, 1998.  Our projections indicated a 17.4% return based on annual common unit distributions growing from  $2.40 per unit to $2.80 per unit by 2001 (we're currently at $3.05).  Also, this transaction arguably included a control premium since our vote at the MLP went to 82.5% (from 50%) and at NBPL went to 57.75% (from 35%).

Distributions to the GP have increased significantly since the Duke acquisition due to the GP promote.  Williams' GP interest receives the following annua",Work
farmer-d/discussion_threads/30.,Mailing List,Miscellaneous,"---------------------- Forwarded by Ami Chokshi/Corp/Enron on 12/17/99 03:46 
PM ---------------------------


dscott1@columbiaenergygroup.com on 12/17/99 03:34:44 PM
To: Ami Chokshi/Corp/Enron@ENRON
cc:  

Subject: Miscellaneous



Sorry I'm just now getting back to you.  Here are some answers to your
questions.

Waskom is a field in East Texas (Harrison County) where we purchase gas from
PennzEnergy at the Bryson C.P. and Jeter #2 wells.  The gas is termed up to 
New
Waskom Gas Gathering (NWGG) through June 2001 (the term of the PennzEnergy
purchase).  We then buy the gas back from NWGG into our Tetco East Texas pool
... also termed up through 6/01.

Virginia Field used to be associated with NGPL, but several years ago
PennzEnergy worked out a processing arrangement with Corpus Christi G",Work
griffith-j/mesa/4.,Mailing List,City of Mesa Update,"Dave/Jeff,

I spoke with Jason Williams (Enron Credit) and he confirmed there will be no 
credit reserve on the new index deal.  He is verifying that there is no need 
to ""e-dash"" the deal.  I will get back to you as soon as I hear word.  If one 
is required, we will help get the document pushed through the system.

The next step, if you and the City of Mesa are ready, is to get a firm quote 
from Mike Grigsby this afternoon.

Let me know.

Regards,

Eric


PS - Attached is an e-dash.  If one is needed, you will need to complete the 
first section describing the deal.  As you can tell by the matrix, it does 
not appear an e-dash is necessary because the City of Mesa has a AA- rating 
and the transaction is approx $8 million and less than 1 year.",Work
dasovich-j/all_documents/3052.,Work,CCF Large Customer Program --- Next Steps,"FYI.
---------------------- Forwarded by Mona L Petrochko/NA/Enron on 11/06/2000 
12:10 PM ---------------------------


""Patterson, Allison"" <APatterson@SDGE.com> on 11/02/2000 06:41:09 PM
To: ""'bchen@newenergy.com'"" <bchen@newenergy.com>, 
""'katherine_hammack@apses.com'"" <katherine_hammack@apses.com>, 
""'tjho@dynegy.com'"" <tjho@dynegy.com>, ""'ken@tenderland.com'"" 
<ken@tenderland.com>, ""'lmiles@amdax.com'"" <lmiles@amdax.com>, 
""'gmirich@enron.com'"" <gmirich@enron.com>, ""'jmolinda@sel.com'"" 
<jmolinda@sel.com>, ""'jsmollon@newwestenergy.com'"" 
<jsmollon@newwestenergy.com>, ""'tjon@dynegy.com'"" <tjon@dynegy.com>, ""'Mona L 
Petrochko'"" <mpetroch@enron.com>, ""'athomas@newenergy.com'"" 
<athomas@newenergy.com>, ""'aweller@sel.com'"" <aweller@sel.com>
cc: ""Clay, Lora"" <LClay@SDGE.com>, ""Osborne, Da",Work
kaminski-v/all_documents/9894.,Personal,RE: summer internship,"Vince,

I appreciate your inquiry regarding an extra spot in the summer associate
pool. I am looking forward to hearing from you soon.

Best regards,


 ---------oOOo-----oOOo----------
Cantekin Dincerler

Doctoral Candidate
The University of Texas at Austin
Graduate School of Business
Department of Finance
office: (512) 471-1676
fax   : (512) 471-5073
home  : (512) 472-5356
http://uts.cc.utexas.edu/~cantekin
 -------------oooO-----Oooo----------


> -----Original Message-----
> From: Vince J Kaminski [mailto:Vince.J.Kaminski@enron.com]
> Sent: Wednesday, March 29, 2000 8:34 AM
> To: cantekin@mail.utexas.edu
> Cc: Vince J Kaminski; Vasant Shanbhogue
> Subject: Re: summer internship
>
>
>
>
> Cantekin,
>
> The summer associate program has closed but I shall check to see
> if I can get one e",Work
shackleton-s/all_documents/2215.,Work,Twister Omnibus/Assignment,"Team,

I have had a few conversations over the past couple of days with Terry 
Brownrigg at Twister Gas Services, LLC and Todd Tharp with Sanguine, Ltd..  
We transacted with Twister last week and I had sent you a credit worksheet 
for the transaction.  Twister is a broker who transacts on behalf of small 
E&P companies, and in this case, the E&P agreed to post the L/C we quoted for 
the transaction.  After talking to Sara, it sounds like we are going to go 
ahead and send a confirmation to Twister for the deal and attach to the 
confirmation an assignment of the deal from Twister to Sanguine.  It is my 
understanding that both Terry and Todd will need to sign both the 
confirmation and the assignment, so I think we will need to carefully 
coordinate the steps through the Confirmation Desk",Work
germany-c/transport/97.,Mailing List,Storage deal,"Just had a thought, according to Joanies worksheet, we can inject a max of 
1,210,121 into storage for the month of May.  For now, our target injection 
volume in storage for May will be 1,210,121.  When we overinject, like we did 
for the first four days, we need to decrease the volumes on deal 231214 for 
the rest of the month so that the total volume on this deal will be 
1,210,121.

I will try to monitor the deal volume.

Thanks.",Work
hernandez-j/inbox/172.,Work,CNC Containers Corporation,We received the executed EEI Master Power Purchase and Sale Agreement dated 7/26/01 from the referenced CP.  A copy will be scanned into Livelink.,Work
bass-e/all_documents/1217.,Personal,And the WINNERS are . . . .Campaign Begins,"what's up with the biz? is he an associate?
---------------------- Forwarded by Eric Bass/HOU/ECT on 08/10/2000 08:45 AM 
---------------------------


Joan Woodson
08/10/2000 08:28 AM
To: Angela Matheson/NA/Enron@Enron
cc:  
Subject: And the WINNERS are . . . .Campaign Begins


---------------------- Forwarded by Joan Woodson/HOU/ECT on 08/10/2000 08:26 
AM ---------------------------
   
	Enron Investment Partners
	
	From:  Bert Frazier                           08/09/2000 05:24 PM
	

To: Joan Woodson/HOU/ECT@ECT, Crissy Collett/Enron Communications@Enron 
Communications
cc:  
Subject: And the WINNERS are . . . .Campaign Begins




Congratulations!  You've all won!

...Now comes the fun part....

The following have made a team for the game show on August 17th!.

Thanks to all who volunte",Work
lay-k/inbox/480.,Mailing List,FW:  Pacific NW Lawmakers Gear Up To Oppose FERC RTO Mandate,"FYI
 -----Original Message-----
From: 	Shapiro, Richard  
Sent:	Friday, October 05, 2001 1:36 PM
To:	Presto, Kevin M.; Sherriff, John; Brown, Michael - COO London; Frevert, Mark; Dietrich, Janet; Delainey, David; Lavorato, John; Kitchen, Louise; Whalley, Greg; Belden, Tim
Cc:	Novosel, Sarah; Steffes, James D.; Kean, Steven J.
Subject:	 Pacific NW Lawmakers Gear Up To Oppose FERC RTO Mandate

Note highlighted sentence....perhaps DeFazio is right( for the wrong reasons granted).....I know the RTO efforts can't be ""marked"" today, but you might want to hug ( but not, of course,  in a budgetary sense) your favorite regulatory person today.



Pacific NW Lawmakers Gear Up To Oppose FERC RTO Mandate
By Bryan Lee

10/04/2001
Dow Jones Energy Service
(Copyright (c) 2001, Dow Jones & Company, Inc.)
",Work
kean-s/calendar/untitled/8321.,Mailing List,NYTimes.com Article: Power Concern Offers California a Secret Deal,"This article stems from confidential docs submitted to the Governor's offic=
e,=20
which were leaked to the press.

Sue Mara
Enron Corp.
Tel: (415) 782-7802
Fax:(415) 782-7854
----- Forwarded by Susan J Mara/NA/Enron on 05/02/2001 09:54 AM -----

=09smara@enron.com
=09Sent by: articles-email@ms1.lga2.nytimes.com
=0905/02/2001 09:51 AM
=09Please respond to smara
=09=09=20
=09=09 To: smara@enron.com
=09=09 cc:=20
=09=09 Subject: NYTimes.com Article: Power Concern Offers California a Secr=
et Deal

This article from NYTimes.com=20
has been sent to you by smara@enron.com.



/-------------------- advertisement -----------------------\


Let NYTimes.com Come to You

Sign up for one of our weekly e-mails=20
and the news will come directly to you.=20
YOUR MONEY brings you a wealth of analysis
and",Work
tycholiz-b/inbox/12.,Work,Re: CIG Rate case intervention,"Mark, I'll look at the protest that Burlington and Amoco/BP filed and see if they raised any of the same issues.  I do know Pete Cervin, and I also know the Amoco attorney as well as the outside counsel who will be representing them.  If the FERC data base is up to date (not always the case), there weren't that many other parties who protested.  I'll check their filings, too.

If we decide to join with Burlington and Amoco/BP, we would probably need to sign some sort of agreement on splitting expenses for outside counsel and any consultants.  This would make it more difficult to back out so we'd need to be sure before we committed.

I'll let you know what it looks like after I've had a chance to review all the filings.



From:	Mark Whitt@ENRON on 04/18/2001 01:01 PM MDT
Sent by:	Mark Whit",Work
cash-m/inbox/222.,Personal,RE: Employee List,"Michelle/Jo Ann, these people do not show up in the HR Data Warehouse (HRGIS or EPC structures) from what we can tell based off the names provided.  If they have identification numbers that we can use, it may help since names can be misspelled easily.  We searched by last name then checked each one for a match on first or middle name.  Let me know if you have any other information.
 
Kathy

-----Original Message-----
From: Hill, Jo Ann 
Sent: Tuesday, November 13, 2001 9:02 AM
To: Schultea, Kathryn
Cc: Cash, Michelle
Subject: FW: Employee List


Kathy -- please see attached file.  For those individuals listed as having no record in SAP, can you please check to see if these people are in either EPC or HRGIS and provide the requested information?
Please return the file to Michelle Cash.
Than",Work
beck-s/doorstep/123.,Mailing List,Mariner - Door Step,Attached is a preliminary assessment of Mariner based upon our April 6 review,Work
kaminski-v/sent/4836.,Work,RE: Executive Program on Credit Risk,"Tanya,

I t makes sense to wait till October.

Vince




Tanya Tamarchenko
01/07/2000 01:56 PM
To: Vince J Kaminski/HOU/ECT@ECT
cc:  
Subject: RE: Executive Program on Credit Risk  

Vince,
next time this program will be offered in CA in October (see below).
Let me know what you think,

Tanya.



""Isero, Alicia"" <isero_alicia@gsb.stanford.edu> on 01/07/2000 12:38:12 PM
To: Tanya Tamarchenko/HOU/ECT@ECT
cc:  
Subject: RE: Executive Program on Credit Risk



Thank you for your message.  Yes, it will be offered in California at
Stanford, but not until October 15 - 20.  If you look on our website:
www.gsb.stanford.edu/exed <http://www.gsb.stanford.edu/exed>
(click on programs)

it will give you the information for both programs (London and Stanford).

Regards,
Alicia Steinaecker Isero
Program ",Work
steffes-j/security___collateral/14.,Mailing List,RE: SoCal Margin Agreement,"Update - 

this afternoon Kris, Sarah, Gloria and I talked with Bob Detonte and Carol Consolver from SoCal.  They will provide Kris with information reconciling imbalance data.  They clarified that imbalance trading will be reflected immediately, thus lessening our exposure.  They agreed to several changes in the contract including procedures for posting of margin.  They agreed to consider our requests to increase imbalance tolerance from $2.5 million to $10 million, and to scale the requirement according to our credit rating.  We expect an answer on these latter issues later today or early tomorrow.  The first reaction was that $10 million may be a ""little too rich"".",Work
germany-c/discussion_threads/1484.,Mailing List,Please Take Charge,"Mike;
Can you and Dave coordinate with Scott on the issues that we are currently 
facing? Thanks
 
---------------------- Forwarded by Timothy L Ray/HOU/EES on 07/18/2000 03:56 
PM ---------------------------


Scott Goodell@ENRON
07/12/2000 10:25 AM
To: Timothy L Ray/HOU/EES@EES, Chris Germany/HOU/ECT@ECT, Dick 
Jenkins/HOU/ECT@ECT
cc:  
Subject: 

Congratulations on your purchase of CES Retail.  Chris and I usually handle 
the capacity so we wanted to touch base with you before August business 
begins.
Are you keeping the CES entity for the month of August or switching to TNPC?  
If you don't switch for August, when do you expect the name change to occur?

If you stay under the CES name, business should proceed as usual.  If you 
switch, keep in mind:

For the Columbia Choice programs, t",Work
beck-s/sent/609.,Work,"Out of Office - Thursday, February 3","I will be attending a funeral in Austin on Thursday.  I can be reached on my 
cell phone (713-417-1951) in the morning and afternoon while driving to and 
from Austin.  If you need immediate information and I can not be reached on 
my cell phone, please contact Brent Price at x37647.  I will be back in the 
office on Friday.",Work
arnold-j/all_documents/990.,Personal,Re: Vanguard,"no thx
i'll send them soon




Karen Arnold <klarnold@flash.net> on 01/16/2001 09:29:13 PM
To: john.arnold@enron.com
cc:  
Subject: Vanguard


I finished your 1999 Vanguard statements.  Do you want me to return them to
you?
Now I need your 2000 year end statements.  Please forward as soon as possible.
Thank you once again for George Foreman.
Love, Mom",Personal
kaminski-v/all_documents/10299.,Work,PPT File,"Stinson,

The 1st presentation.

Vince",Work
shankman-j/inbox/14.,Mailing List,Enron Mentions,"Enron Discusses Credit Line of $1 Billion to $2 Billion With Banks
The Wall Street Journal, 10/29/01
Manager's Journal: How Enron Ran Out of Gas
The Wall Street Journal, 10/29/01
Enron Seeks Additional Financing
The New York Times, 10/29/01
GLOBAL INVESTING: Enron stock plunge deals a heavy blow to mutual funds=20
Financial Times; Oct 29, 2001

COMMENT & ANALYSIS - Enron flickers.
Financial Times, 10/29/01
FRONT PAGE - COMPANIES & MARKETS - Enron asks banks for additional credit.
Financial Times, 10/29/01
Enron Seeks Further Credit to Reassure Investors, WSJ Says
Bloomberg, 10/29/01

USA: REPEAT-Electric cowboys get roped in at the energy corral.
Reuters English News Service, 10/29/01

Enron seeks new credit line; reportedly for 1-2 bln usd
AFX (AP), 10/29/01
Enron Said Seeking New Credit ",Work
jones-t/all_documents/11203.,Mailing List,Second Amendment to License Agreement,"At the request of Julie Ferrara with EnronOnline, I am attaching the Second 
Amendment to the License Agreement extending the term to October 31, 2001.  
The First Amendment extended the term to April 30, 2001 and expires and the 
end of this month.

If the enclosed meets with your approval, would you please execute the 
attached Second Amendment and return it to me via fax no. (713) 646-3490.  I 
will then have it executed by an officer of EnronOnline and return a copy to 
you via fax.  If you have any comments or questions please do not hesitate to 
call me at (713) 853-3399.",Work
dasovich-j/notes_inbox/3860.,Mailing List,California Update 4/27/01,"The following report contains confidential and sensitive information.  Please 
treat with discretion.

Executive Summary:
? FERC price cap decision reflects Bush political and economic objectives. 
Politically, Bush is determined to let the crisis blame fall on Davis; from 
an economic perspective, he is unwilling to create disincentives for new 
power generation
? Davis finds four major flaws with FERC plan, most notably its exclusion of 
out-of-state generators
? June 1st ""kill clause"" for FERC order could coincide with new Bush regional 
plan
? California facing growing fiscal risk following bond downgrade, expected 
$20 billion power bill this summer--economic crisis would force deeper 
Administration involvement
? QF bid for advance payments from PG&E likely to fail in bankruptcy cour",Work
sager-e/all_documents/268.,Work,Re: Andy Becnel and Bruce Reemsnyder,"Yeah  - go ahead and see if he wants a challenging position in a rewarding 
place.
Thanks",Work
love-p/sent/102.,Work,RE: Hands free cellular telephones,"Actually I was told it was a military invention and that we simply licensed 
the technology rights.
PL",Personal
hyatt-k/personal/33.,Personal,Invoice Notification,"---------- Auto Krafters --- and --- Focus Performance ----------

Thank you for choosing us as your source for parts. The items listed below have been shipped today. If you have any questions, please reference the following when you Reply to this message: 

Your  Customer #:  CM270732  

Bill to:

JESS K. HYATT
18715 HICKORY ASHE DRIVE
HUMBLE  TX  77346


Ship to:

JESS K.  HYATT
18715 HICKORY ASHE DRIVE
HUMBLE  TX  77346


Subtotal: $82.80 
Shipping: $7.95 
Tax: $0.00 
Total: $90.75 
 
 
 Items shipped today: 
(quantity, part number, part name, unit price, extended price)
1	C7ZZ-10732	BATTERY TRAY - 67-70 COUG & 67-70 MUST	16.95	0.00
1	533-62R	TRUNK FLOOR EXT RH - 69/70 COUGAR	26.95	26.95
1	533-62L	TRUNK FLOOR EXT LH - 69/70 COUGAR	26.95	26.95
1	C3AZ-3C651A	POWER CYL.  BOOT INSULATOR KIT",Personal
schwieger-j/all_documents/1.,Personal,Fw: [CSSANews] Fw: Official Democratic Seal,"I will let y'all use your discretion as to whether  to forward this to 
McClendon or not!!


 - demoseal (2).jpg",Personal
hain-m/discussion_threads/129.,Mailing List,List of Issues,"I have thrown together the following list of issues that people have raised 
so far:

Opportunity Costs under the soft cap
$150 too low
Benchmarks for Forward contracts
Regulation of long term sales
Preemption of PUC ""buy"" requirement
Commission's findings concerning exercise of market power
PUC's request for protective order",Work
causholli-m/deleted_items/138.,Work,NewsBeat:Daily News 10/16/2001,"<http://www.forestweb.com/digest/images/news/corps/199.gif>

NewsBeat:Daily News 10/16/2001



This email is a daily service of Forestweb <http://www.forestweb.com>'s NewsBeat. 

All the stories from Tuesday, Oct. 16, are available under Tuesday's Headlines. <http://www.forestweb.com/taf/yesterday.taf?dt=10/16/01> 

Newly posted in Commentary: Advertising/Paper Consumption as Impacted by the Events of 9/11/01 from Reel Time. Click Reel Time  <http://www.forestweb.com/editorial/analyst/reeltime/reeltime.10.16.01.pdf>to download. 

If this NewsBeat. was forwarded to you by a colleague, please respect our copyright and order your own subscription. Corporate rates are available. For more information email NewsBeat <mailto:newsbeat@forestweb.com> 


Contents


FOEX NBSK price increases again; U",Other
brawner-s/deleted_items/250.,Work,FW: TE Request for TABS-2 Assistance,"fyi.

-----Original Message-----
From: Boudreaux, Shanna 
Sent: Monday, November 26, 2001 7:37 AM
To: Townsend, Judy; Neal, Scott; Versen, Victoria; Lamadrid, Victor;
Ordway, Chris; Pritchard, Michael
Subject: FW: TE Request for TABS-2 Assistance


FYI

-----Original Message-----
From: infopost@duke-energy.com [mailto:infopost@duke-energy.com]
Sent: Sunday, November 25, 2001 12:00 AM
To: infopost@duke-energy.com
Subject: TE Request for TABS-2 Assistance


November 25, 2001

Due to continued unseasonably mild weather and shippers filling contract
storage inventories in anticipation of the coming winter heating season,
Texas Eastern has virtually no storage capacity or linepack available
for system operational purposes and cannot continue to absorb imbalances
left on the system.

Pursuant to",Work
shackleton-s/all_documents/770.,Work,Re: Tiger guaranty,"There are no outstanding issues as to the Tiger guaranty.  We need to have it 
executed.  Although we have not seen a redraft from the Tiger lawyers, Per 
seems to think that he'll be ablt to transact this week.  Thanks.  Sara
---------------------- Forwarded by Sara Shackleton/HOU/ECT on 10/25/99 11:32 
AM ---------------------------


Susan Bailey
10/25/99 10:44 AM
To: Sara Shackleton/HOU/ECT@ECT
cc:  
Subject: Re: Tiger guaranty  

Sara,

I never received any word beyond your e:mail concerning the Tiger Guaranty.

Therefore, the Guaranty has not been sent to Clement for signature.

I will be happy to help when called upon.



Sara Shackleton
10/25/99 10:29 AM
To: Susan Bailey/HOU/ECT@ECT
cc:  
Subject: Tiger guaranty

On Friday, did you send the Tiger guaranty to Clem for execution?  SS",Work
zufferli-j/calendar/2.,Mailing List,Updated: NETCO - Currency Issues,"Issues to discuss:
1)  Having NETCO's functional currency as US$
2)  Treasury role in NETCO

Kathy",Work
kitchen-l/deleted_items/71.,Mailing List,RE: Day 1 list additions,"Sorry I missed your email. Have been working from home, with Bob assisting from the office. If you need me, please call my home number: 281 992 2713.
 
Dave

-----Original Message----- 
From: Kitchen, Louise 
Sent: Sat 2/2/2002 1:56 PM 
To: Forster, David 
Cc: 
Subject: RE: Day 1 list additions


ARe you in the office?

-----Original Message-----
From: Forster, David 
Sent: Saturday, February 02, 2002 1:12 PM
To: Bradford, William S.; Brackett, Debbie R.; 'pat.odonnell@ubsw.com'; 'louis.eber@ubsw.com'; 'william.glass@ubsw.com'; 'colette.dow@ubsw.com'
Cc: Shults, Bob; Kitchen, Louise
Subject: Day 1 list additions


As per my email from yesterday;
 
Attached are Pipeline companies, Transmission Company (Ercot) and Canadian companies not on the prior ""Louise Approved"" list which credit has be",Work
arnold-j/_sent_mail/643.,Work,,"Forgot, I'm leaving town tomorrow afternoon.  Will be back Thursday morn.  
We'll do it some other time.",Personal
campbell-l/all_documents/1699.,Personal,ArdorNY.com - Best Value Apartments,"ArdorNY.com-Manhattan's Best Value Apartment Rentals.
=+=+=+=+=+=+=+=+=+=+=+=+=+=+=+=+=+=+=+=+=+=+=+=+=+=+=+=+=+=+=
WEEKLY UPDATE OF OUR LATEST & NOTEWORTHY APARTMENTS.
As selected by our apartment rental specialists on 05/08/2001
=+=+=+=+=+=+=+=+=+=+=+=+=+=+=+=+=+=+=+=+=+=+=+=+=+=+=+=+=+=+=
>>>Read at the bottom of this letter how to have your friends SUBSCRIBE to 
our FREE weekly updates and SAVE up to $500.00 towards your next apartment 
rental !!

>>>NOW EXPANDING!! ArdorNY.com is in the process of opening a new 
state-of-the-art office location on West 24th Street in Manhattan. We are now 
hiring apartment rental and listing agents for that location. Candidates must 
be either licensed or in the process of becoming licensed Real Estate 
salespeople with a strong work ethic and good cu",Other
stokley-c/chris_stokley/iso/mrkt_info/57.,Work,CAISO Communication:  April 2001 Preliminary Invoices,"IMPORTANT NOTICE
April Preliminary Market and GMC Invoices Available

Preliminary invoices for the month of April were sent to Market Participants
on Friday 6/22/01 for your review.

Please open your EDI mailbox to retrieve them if you have not done so
already.

As a reminder, payments (market payments due-ISO and GMC) for the April
preliminary invoices will be due at the ISO no later than 10:00 a.m. PST on
Friday, June 29, 2001.  The ISO will transmit market payments due-SCs based
on collections from SCs as soon thereafter as practicable.

Please remember how critical it is for the ISO to receive all payments by
10:00 a.m. PST on the due date and the importance of using the correct
account number which appears on each invoice.

Client Relations Communication
CRCommunications@caiso.com",Work
scott-s/_sent_mail/438.,Personal,Apartment Lease,"The apartment complex needs for you to fax them a statement saying you are no 
longer living in our apartment and they need it by tomorrow morning.  If I 
don't here from you via email/msngr  by the end of tonight I'm going to forge 
one and fax it to them.  Actually, I can do that regardless if you don't 
mind.  Just drop me a line and let me know what works for you.

Hope things are going well.  I actually worked 21 straight hours the other 
day/night (7:45 am Tuesday until 4:45 am Wednesday)...I think this 
constitutes cruel and unusual punishment.",Personal
love-p/_sent_mail/394.,Work,Re: Resumes for Risk position Req. # 108785,"Please schedule Robert Cummings for an interview.  Darron Giron, Kam Keiser, 
Dame Baumbach and I need to interview him and we would like to do those two 
at a time.  Thanks.
PL



From: Imelda Trevino/ENRON@enronXgate on 04/30/2001 06:13 PM
To: Kam Keiser/HOU/ECT@ECT
cc: Toni Graham/ENRON@enronXgate, Darron C Giron/HOU/ECT@ECT, Phillip M 
Love/HOU/ECT@ECT, Errol McLaughlin/Corp/Enron@ENRON, David 
Baumbach/HOU/ECT@ECT 
Subject: Resumes for Risk position Req. # 108785

Hi Kam,
I am working with Toni Graham in reviewing resumes for your Risk Management 
position, Req. # 108785. I have reviewed all of the postings to date.  These 
were the ones that  were worth sending to you.  Please review and let me know 
which ones you would like me to phone screen. I will actively be looking for 
more r",Work
dasovich-j/inbox/1543.,Work,RE:,"grossed me out...

 -----Original Message-----
From: 	Dasovich, Jeff  
Sent:	Tuesday, November 06, 2001 11:30 AM
To:	Denne, Karen
Subject:	

eeegads.  you heard about the story circulating that skilling attended a ""high society"" pajama party last weekend in houston. eeks.",Work
staab-t/to_do_list/9.,Work,FW: September Confirmations,"Theresa,

Could you email me the spreadsheet for September deals?  I don't think you've sent it and I can't find a copy in my inbox.

Thanks,
SBR x30569

 -----Original Message-----
From: 	Perlingiere, Debra  
Sent:	Wednesday, September 12, 2001 5:52 PM
To:	Wallumrod, Ellen; Staab, Theresa; Nemec, Gerald; Richardson, Stacey
Subject:	September Confirmations


 Ellen attached are Confirms for September.

        

Debra Perlingiere
Enron North America Legal
1400 Smith Street, EB 3885
Houston, Texas 77002
dperlin@enron
713-853-7658
713-646-3490 Fax",Work
horton-s/all_documents/461.,Personal,Re: Officially with Redeployment,"I have asked Wilson Barbee t9o see if he can provide any assistance to you.  
I do hope you find something that meets your qualifications.

Thanks for keeping me updated.

Stan",Work
horton-s/all_documents/242.,Mailing List,Re: Meeting With Koch,"FYI.  I tried sending this earlier, but got a delivery failure.  SWD
----- Forwarded by Steve Duffy/Houston/Eott on 05/26/2000 03:23 PM -----

	Steve Duffy
	05/26/2000 02:56 PM
		
		 To: Dana Gibbs/Houston/Eott@Eott
		 cc: Michael Burke/Houston/Eott@Eott, Shelly Worrell/Houston/Eott@Eott, 
Stephanie Boothe/Houston/Eott@Eott, rbaird@velaw.com, Stan Horton, Lori 
Maddox/Houston/Eott@Eott, Mike Moran
		 Subject: Re: Meeting With Koch


	


Bob Baird and I are already working with Tye Darland at Koch on this general 
issue.  Tye is Koch's in-house securities lawyer.  Shelly should not call 
Koch.  Instead, Bob and I should arrange any larger EOTT/Koch meeting through 
Tye or we could wind up with confusion and possible legal difficulties.  At 
this juncture, Bob and I think it best to let the ",Work
shackleton-s/all_documents/11012.,Work,Raptor and the South American Swap,"Mary:

Remember, this is the swap that you finally decided to go ahead and terminate 
yourself.  There was much confusion about how many S.A. swaps actually 
exsited (only one) and after sorting through the mess, when I asked if you 
had estabished a Raptor ""format for termination"", you decided to do the 
drafting.  Let me know if there is a problem.

Sara Shackleton
Enron North America Corp.
1400 Smith Street, EB 3801a
Houston, Texas  77002
713-853-5620 (phone)
713-646-3490 (fax)
sara.shackleton@enron.com
----- Forwarded by Sara Shackleton/HOU/ECT on 05/14/2001 01:31 PM -----

	Mary Cook
	05/11/2001 11:38 AM
		 
		 To: Sara Shackleton/HOU/ECT@ECT
		 cc: Maricela Trevino/Enron@EnronXGate, Gordon McKillop/Enron@EnronXGate, 
Joel Ephross/Enron@EnronXGate
		 Subject: Raptor and the South Amer",Work
germany-c/sent/1669.,Mailing List,PSEG capacity,"I just added the PSE&G demand charges on Transco to our capacity worksheet.  
The net impact is $0 because I'm also showing this as a reimbursement.  How 
should we put this in Sitara.  I'm showing a transport demand charge on the 
capacity deal ticket.  How do we get the money back from PSE&G?",Work
kaminski-v/sent_items/976.,Mailing List,FW: Thoughts on Reorg,"-----Original Message-----
From: 	Lu, Zimin  
Sent:	Friday, June 08, 2001 5:29 PM
To:	Kaminski, Vince J
Cc:	'ziminlu@yahoo.com'
Subject:	Thoughts on Reorg



Vince, 

Here is my thoughts on the upcoming reorg.  In my mind,
it seems logical to create a team specialized in EWS trading/origination
support.  

I would suggest Vasant to oversee EBS support.  Where do you
want to put  the power fundamental team ?  Vasant has more 
experience to manage this team although they can be also classified
as trading support.  In term of head counts, I am inclined to let Vasant
supervise this team.

Zimin







 

<Embedded Picture (Metafile)>",Work
ruscitti-k/inbox/176.,Personal,Re: FW: Baseball Trivia,"I'd like to buy a vowel Pat...........
Oops, wrong trivia show.",Personal
tholt-j/deleted_items/139.,Personal,Re: Thanksgiving,"You mean the stuff you buy or the gas that comes out of my butt after I make chili.  Speaking of chili, what does Joe put in his to spice it up.

Jane.M.Tholt@enron.com wrote:

> All the gas stocks getting hammered.  Natural gas is bursting at the seams.
> Your bill should go way down
>
>     -----Original Message-----
>    From:   ""John Maliszewski"" <jmalisz@qwest.com>@ENRON
>    Sent:   Thursday, November 15, 2001 12:19 PM
>    To:     Tholt, Jane M.
>    Subject:  Thanksgiving
>
>    I ordered the pies for our big Thanksgiving day feast at Jeanies.  Wish
>    you could be there.  Dad is bringing the beer, he said one  12 pack
>    would do, I told him to bring a case, just in case someone wants more
>    that one can. I know that Joan is not coming to dinner.  Should we
>    invite her ",Personal
campbell-l/inbox/687.,Work,Price Reservations 19 July 2001 Real-Time Market and 20 July 2001,"TTotten@nyiso.com writes to the NYISO_TECH_EXCHANGE Discussion List:

The NYISO is reserving hour beginning 13 in the July 19, 2001 Real-Time
market as well as the following hours per ECA20010608B to verify prices:

HQ:  0, 2, 4, 7-8, 23
NE:  0, 2, 4, 7-8, 23
OH:  0, 2, 4, 7-8, 23
PJM: 0, 2, 4, 7-8, 23

Prices in the July 20, 2001 Day-Ahead Market are correct.

This e-mail information is a copy of the official posting, which can be
found at the following address on our website:
http://mis.nyiso.com/public/htm/OperMessages/CurrentOperMessages.htm#mm",Work
zipper-a/deleted_items/114.,Mailing List,Bloomberg Technical discussion,"When: Friday, June 01, 2001 9:00 AM-10:00 AM (GMT-06:00) Central Time (US & Canada).
Where: EB2712

*~*~*~*~*~*~*~*~*~*

We have struck common commercial ground with Bloomberg after all these months, however, there is still a technical obstacle.  This meeting's objective is to introduce our QDF and let them know what they have to build to.

Due to resource constraints this is not a deal we would consider until later in the year IF it requires additional development.  For now, your assistance in ""selling"" the QDF architecture would be valuable.

Is there anyone else you would include?",Work
ruscitti-k/_sent_mail/127.,Personal,Wedding,"Chump,

Long time no hear.  Sorry it's taken me so long to touch base with you.  
Between work, the wedding,
and the fact that we just purchased a house (pending inspections) I've been 
pretty stressed.
As far as the wedding goes Lisa and I have decided to scale down 
considerably.  We're only going
to have immediately family and the folks in the wedding party.  For me that 
includes you of course, Moller,
Kampy and Peremes (even though she won't be in the wedding).  Don't tell her 
though, she's the only
one I haven't mentioned anything to.  I'll make sure you and Moller get to 
share a room.  I feel kinda bad
about not inviting Lowery since I was in his wedding, but I don't feel like 
dealing with Kim.  She's really 
annoyed me the last few times I've seen her.

We still plan on having i",Personal
mann-k/sent/1790.,Work,Re:,"At the time I asked you to set it up I did not not the Joe Defner and Mike J 
Miller would be attending.


From: Suzanne Adams@ECT on 12/07/2000 10:31 AM
To: Kay Mann/Corp/Enron@ENRON
cc:  

Subject: Re:   

There isn't one up here, I looked yesterday. I'll look elsewhere.  Please 
tell me when you ask me to set up the meeting if you will need a conference 
room.  



	Kay Mann@ENRON
	12/07/2000 10:24 AM
		 
		 To: Suzanne Adams/HOU/ECT@ECT
		 cc: 
		 Subject: 

Please see if you can get a conference room for the 300 call.  If there isn't 
one here, try 28 or 29.  Thanks, Kay",Work
quigley-d/sent_items/257.,Personal,FW: NFL Pick'em,"-----Original Message-----
From: 	Brian Dunlavy <bwdunlavy@yahoo.com>@ENRON [mailto:IMCEANOTES-Brian+20Dunlavy+20+3Cbwdunlavy+40yahoo+2Ecom+3E+40ENRON@ENRON.com] 
Sent:	Tuesday, August 28, 2001 4:47 PM
To:	bwdunlavy@yahoo.com
Subject:	NFL Pick'em

This is an invitation for you to join the best NFL office pool since
well, last year's pool.  During the off-season, a secret vote was
apparently held to designate me as the commissioner for this year's
league.  Well let's do it...

General Q&A about this league to help you realize you should sign up
and play (for those of you who have not played before):

Q1.  How much does this cost me?
A1.  Ah yes, the most important question.  It costs $100 per player.
The money is due to me by Sunday, September 9.  You don't pay...you
don't play!  Get your f",Personal
brawner-s/contract/4.,Mailing List,Fort Pierce Press Release,"Attached is a copy of the Fort Pierce Press Release included in the 8/18 
edition of the Fort Pierce Tribune.
I have also included an updated version of the Deal Team list.  Let me know 
of any updates or changes.

Mathew",Work
nemec-g/all_documents/1047.,Work,Re: Wildhorse Letter,"i guess this looks good to me.  you do ask for a response by aug 1st, which 
means that they will get this on monday, and have 24 hrs to turn it around.  
didn't know if that's what you wanted.

i found something small for you to change up.




To: Dan J Bump/DEN/ECT@Enron, Joan Quick/HOU/ECT@ECT, Scott 
Josey/Corp/Enron@ENRON
cc: Brian Redmond/HOU/ECT@ECT, Barbara Gray 
Subject: Wildhorse Letter

Attached is the latest version of the Wildhorse Entrada Letter.  Please 
review.  I reviewed the letter with Jim Osborne and Ken Krisa yesterday and 
should get their comments today.  My plan is to Fedex to Midland for Ken's 
signature tomorrow morning and from there it will got to Wildhorse.",Work
williams-w3/bill_williams_iii/302.,Work,COI & PDCI de-rates,"After the Day ahead market ran, the COI branch group TTC in the (N-S)
direction was changed from 4300 MW to 4020 MW and in the (S-N) direction was
changed from 3675 MW to 2450 MW for HE's 1900 through 2400; and the PDCI
branch group TTC in the (N-S) direction was changed from 2875 MW to 1956 MW
and in the (S-N) direction was changed from 2084 MW to 1904 MW for HE's 2100
through 2200 for operating day 8/13/01.  The reason(s) for the change is,
for the COI, line work; and for the PDCI, the Celilo Valve Group #1 was
forced out of service.  This applies to real time only.  The ISO will update
you of any changes in line rating status.  Sent by Market Operations,
inquiries please call the Hour Ahead Desk.

The system conditions described in this communication are dynamic and
subject to change.  ",Work
dasovich-j/notes_inbox/5324.,Mailing List,Re: California Call Agenda for Call 2-15-01,"Agenda:

Legislative Update, incl AB31x
Ruelte call w/ Ken Lay - Jeff Dasovich
FERC order on creditworthiness
Other",Work
zipper-a/deleted_items/199.,Work,Lite Bytz RSVP,"This week's Lite Bytz presentation will feature the following TOOLZ speaker:

Richard McDougall
Solaris 8
Thursday, June 7, 2001

If you have not already signed up, please RSVP via email to litebytz@enron.com by the end of the day Tuesday, June 5, 2001.

*Remember: this is now a Brown Bag Event--so bring your lunch and we will provide cookies and drinks.

Click below for more details.

http://home.enron.com:84/messaging/litebytztoolzprint.jpg",Work
germany-c/_sent_mail/1173.,Mailing List,CES First-of-the-Month Requirements for May '00,"---------------------- Forwarded by Chris Germany/HOU/ECT on 04/24/2000 07:21 
AM ---------------------------


dkinney@columbiaenergygroup.com on 04/21/2000 02:36:13 PM
To: "" - *Kevin.Ruscitti@enron.com"" <Kevin.Ruscitti@enron.com>, "" - 
*chris.germany@enron.com"" <chris.germany@enron.com>
cc: "" - *Molly.Johnson@enron.com"" <Molly.Johnson@enron.com>, "" - *Dalphon, 
Charles"" <cdalpho@columbiaenergygroup.com>, "" - *Scott, David"" 
<dscott1@columbiaenergygroup.com>, "" - *Bizik, Kim"" 
<knovsek@columbiaenergygroup.com>, "" - *Jones, Donna"" 
<djones1@columbiaenergygroup.com>, "" - *Destephanis, Kara"" 
<kdestep@columbiaenergygroup.com>, "" - *Boyd, Heidi"" 
<hboyd@columbiaenergygroup.com>, "" - *cfrankl2@enron.com"" 
<cfrankl2@enron.com>, "" - *joan.veselack@enron.com"" 
<joan.veselack@enron.com>, "" - *vver",Work
keiser-k/calendar/30.,Mailing List,Asset Management/ ComGas,"Would like to meet about asset management per Frank Vickers.  Louise Kitchen has requested a presentation from Frank and/or myself for Tuesday of next week (9/04/01).  Basically would like to walk through an example (eg. ComGas) to illustrate why the manner in which the desk is structured and the way in which different desks liquidate to one another prevent asset optimization for Enron as a whole.
Thanks very much,
Jim Willis
East Gas Origination",Work
hain-m/all_documents/5.,Personal,Action Requested:  Invoice Requires Coding/Issue,"Please do not reply to this e-mail.

You are receiving this message because an invoice requiring coding, issue 
resolution, or approval has been submitted to your iBuyit Payables in-box.  
This requires your action through iBuyit Payables.

To launch iBuyit Payables, click on the link below:
http://iBuyitPayables.enron.com

Note:  Log into iBuyitPayables using the same Employee PID (P-Number) and 
Password you use to enter the eHRonline system and/or SAP.

First time iBuyit Payables user?  For training materials, click on the link 
below:
http://sap.enron.com/sap_doclib/user/file_list.asp?cabinet_id=265

Need help?
Please contact the ISC Call Center at (713) 345-4727.",Work
hyvl-d/sent/34.,Mailing List,Smurfit Stone Containerboard 3 month extension attached,"Chris,
 The above document is the November 17, 1999 document which has been changed 
to a 3 month deal with the price change you specified.  I have received the 
copy of the type of contract that they would like us to use.  I note that we 
will have to make a lot of changes which is probably not warranted for a 3 
month deal.  If you want us to consider using their form for a long term 
deal, I will start making the necessary changes and send you back a red-lined 
single transaction contract.  Will the long term deal have the same terms as 
our last long term deal except for price?",Work
kaminski-v/all_documents/5226.,Personal,Re: Confidential,"Yannis,

Yes, very much. Please stop by this week or  during the week
of the 24th. I am in Australia next week.


Vince",Work
mann-k/general_stuff/36.,Personal,XMS - Expense Management System,"Expense Management System (XMS) version 6.01 is now available to current=20
users.  You can access the system from the Enron Home Page by typing in the=
=20
address field http://xms.enron.com. =20

The new system features coding validation at the line item level and suppor=
ts=20
inter-company transactions . The foreign currency activity window is now mo=
re=20
user-friendly.

LOGON ID:
Each night HR information is loaded automatically into XMS.  However, that=
=20
process is not yet finalized.  An incomplete load can result in some people=
=20
having their old ID (first initial and last name in lower case) and some=20
having their eHRonline ID (begins with the letter =01&P=018).  If your old =
logon=20
does not work, try your =01&P=018 logon.=20

PASSWORD
 The password for all is upper ca",Work
sanders-r/senator_dunn_inv_/19.,Personal,Fwd: Select Cmte Sept 6 hearing and letter,"The information contained in this e-mail message and any accompanying documents is subject to the attorney-client privilege and/or the attorney work product rule and is confidential business information intended only for the use of the individual or entity named above.  The information herein may also be protected by the Electronic Communications Privacy Act, 18 U.S.C. ?? 2510-2521.  If the reader of this message is not the intended recipient or representative of the recipient, you are hereby notified that any dissemination of this communication is strictly prohibited.  If you have received this communication in error, please notify the Systems Administrator at admin@pkns.com and immediately delete this message from your system.
Received: from lcmail2.lc.ca.gov	by PKNS.COM; Tue, 04 Sep 200",Work
shackleton-s/notes_inbox/2504.,Work,FW: ISDA Schedule and Paragraph 13 to the Credit Support Annex -,"-----Original Message-----
From:  Shackleton, Sara  
Sent: Thursday, April 12, 2001 3:01 PM
To: fortem@coned.com
Cc: Scheuer, Janelle; Sacks, Edward
Subject: ISDA Schedule and Paragraph 13 to the Credit Support Annex - DRAFT 
dated 1/24/01

Mike:

At Janelle's request, please find attached Enron North America Corp.'s 
orignial draft of the ISDA Schedule and Paragraph 13 prepared for you earlier 
this year.



Sara Shackleton
Enron North America Corp.
1400 Smith Street, EB 3801a
Houston, Texas  77002
713-853-5620 (phone)
713-646-3490 (fax)
sara.shackleton@enron.com",Work
dasovich-j/deleted_items/547.,Mailing List,RE: California Update--0717.01,"still no word from Richard Sanders.  Left a message and he hasn't called back.  Will let you know as soon as i hear anything, but did get a message from a reporter who said he heard we had dropped our lawsuit?? Any word? kd

 -----Original Message-----
From: 	Dasovich, Jeff  
Sent:	Tuesday, July 17, 2001 7:31 PM
To:	skean@enron.com; Shapiro, Richard; Steffes, James; Mara, Susan; Kingerski, Harry; Lawner, Leslie; Tribolet, Michael; Walsh, Kristin; Denne, Karen; mpalmer@enron.com; Guerrero, Janel; Kaufman, Paul; Susan M Landwehr/Enron@EnronXGate; Robertson, Linda
Subject:	California Update--0717.01

What people know:

Hertzberg (et al's) bill (82XX)was heard in an ""informational"" hearing today and still sits in the Assembly Energy Committee.  It will be heard again tomorrow (perhaps beginnin",Work
shackleton-s/notes_inbox/2083.,Work,Re: Goldman Sach $ repo docs,"Sara,
it is between ECL and GS & Co.  but  GS ;s Gail shandley sent over the docs 
to you.",Work
kaminski-v/all_documents/4563.,Personal,Re: Hello from Vince Kaminski at Enron,"Vince,

Thank you for forwarding the following messages.  I am sorry that I am just 
now getting back to you, my lotus notes was down all afternoon yesterday. 

We currently have the Cal Berkeley General Presentation set for Wednesday, 
October 18th at 7:00 p.m. which works out well because it is just prior to 
the time deadline for students to submit their resumes.  The General 
Presentation is a general overview of Enron, the Program, the interview 
process, as well as a chance for students to meet and chat with Enron reps.  
Since this is the first year that we are recruiting from Cal Berkeley, I 
think that it is important that I attend this event on campus so that I can 
answer any interview process questions.  I will check the schedule and see if 
it is possible to move the presentat",Work
salisbury-h/inbox/342.,Work,RE: Fall Analyst and Associate Happy Hour,"Just a reminder that our Happy Hour is this Thursday!  Mark your calendars!



Analyst and Associate Happy Hour!
When: Thursday, November 8
Time: 6 - 8 pm
Where: Paragon
1309 NW Hoyt St.
Appetizers and drinks provided",Personal
thomas-p/deleted_items/321.,Work,Updated Information on EFCU Workshop,"Updated Information on
EFCU's ""Surviving a Layoff"" Workshop


Good News for Bus Riders
The Enron Shuttle will be available to transport downtown employees to and from the Doubletree Post Oak for the January 15 workshop.  The shuttle will leave Andrews St. at 11:30 a.m. and will return immediately following the workshop.  If you would like to reserve a space on the shuttle, please e-mail joy.wagman@enron.com.  Limited spaces are available.


Workshops are Now Combined
We have combined the 10:00 and 12:00 workshops into one 12:00 workshop.  All confirmed attendees for the 10:00 session will be added to the 12:00 list and notified in an additional e-mail as well.


It's Not Too Late
RSVPs for the 12:00 session are still being accepted!  E-mail joy.wagman@enron.com today to reserve your spot.",Work
jones-t/sent/169.,Personal,RE: Assistance to Global Counterparty,"Thanks to you and Scott for your help, I appreciate it!  I hope all is going 
well...",Work
beck-s/sent/21.,Personal,RE: Baby Shower,"Whew!! Your schedule makes me tired!  I am sure that Brigeda is happy that 
you are involved in so many activities with her school - and then on the 
other hand, sometimes you wonder if they notice!  Work sounds crazy for you, 
but how nice that you will be off from December 21 until the 2nd.  

I hope that make it over the week before Christmas.  The week is kind of 
crazy for us, so I am trying to find a time that will work.  Sunday the 17th 
we are having a dessert party at our house, inviting neighbors, old Huntwick 
friends, etc.  It is for families, and Meagan and Amanda each included 4 of 
their friends in the invitiation list, along with their familities.  It will 
be multi-generational - I hope fun, as it would be a nice tradition to 
continue.  On Monday, I think that David plans",Personal
keavey-p/inbox/234.,Work,crude & product spreads and heat & gas cracks 4/18,"The information contained herein is based on sources that we believe to be
reliable, but we do not represent that it is accurate or complete.  Nothing
contained herein should be considered as an offer to sell or a solicitation
of an offer to buy any financial instruments discussed herein.  Any
opinions expressed herein are solely those of the author.  As such, they
may differ in material respects from those of, or expressed or published by
on behalf of Carr Futures or its officers, directors, employees or
affiliates.  ? 2001 Carr Futures


The charts are now available on the web by clicking on the hot link(s)
contained in this email. If for any reason you are unable to receive the
charts via the web, please contact me via email and I will email the charts
to you as attachments.

Crude Spre",Other
giron-d/sent/71.,Work,TW transportation index hedges entered into 1/2001,"---------------------- Forwarded by Darron C Giron/HOU/ECT on 04/11/2001 
04:09 PM ---------------------------


Jeffrey C Gossett
04/11/2001 02:37 PM
To: Darron C Giron/HOU/ECT@ECT
cc:  
Subject: TW transportation index hedges entered into 1/2001

More Deals.
---------------------- Forwarded by Jeffrey C Gossett/HOU/ECT on 04/11/2001 
02:36 PM ---------------------------
   
	Enron North America Corp.
	
	From:  Dan Fancler @ ENRON                           04/11/2001 02:33 PM
	

To: Georgeanne Hodges/HOU/ECT, Jeffrey C Gossett/HOU/ECT@ECT
cc: Vincent Strohmeyer/ET&S/Enron@Enron, James Saunders/FGT/Enron, Bob 
Chandler/ET&S/Enron@Enron, Roger G 
Leworthy/ENRON_DEVELOPMENT@ENRON_DEVELOPMENt, Ron Baker/Corp/Enron 
Subject: TW transportation index hedges entered into 1/2001

Thanks for your a",Work
campbell-l/notes_inbox/418.,Mailing List,Conflict of Interest Policy Mailing to Vendors,"Attached is a copy of a letter which we are sending to our Corporate, Enron=
=20
North America Corp., Enron Energy Services Operations, Inc., Enron Broadban=
d=20
Services, Inc., Enron Net Works, LLC, Enron Engineering and Construction=20
Company, EGEP Services, Inc., Enron Transportation Services Company, Enron=
=20
Property Services Company, and Portland General Electric Company vendors as=
=20
an additional step toward implementing our commitment to conduct our busine=
ss=20
affairs in accordance with the highest ethical standards.

We are sending you a copy of this letter so that you will be aware that you=
r=20
vendors will be receiving this letter and so that you will be reminded that=
=20
Enron does enlist the cooperation of its vendors in adhering to its Busines=
s=20
Ethics Policy",Work
dean-c/inbox/505.,Work,A website you want to make your favorites -,P:\Scheduling\EnronWestSchedulingWebsite.html,Work
shapiro-r/deleted_items/258.,Mailing List,Regulatory Risks Tied to DA in California,"Here's a cut at the taxonomy of regulatory risks associated with Direct Access. Please let  us know if the list looks about right.

FYI:  Sue and I are scheduled to travel to Portland to sit down with Steve Swain & Co. in the attempt to ensure that the folks managing the book are well briefed on the regulatory risks.

Finally, note that though the risks listed below are linked to PUC actions, the California Legislature could take actions that could trigger the same risks.  For example, the Legislature could pass a bill directing the PUC how to allocate costs associated with the utilties' undercollection, the bonds issued to recover general fund money used to purchase power, DWR's long term contracts, etc. 

Best,
Jeff
  
1.	Retroactive Suspension of DA Contracts:  The PUC rules in a subseq",Work
presto-k/sent_items/484.,Personal,RE: Craig Carmichael,"Let's bring him in for an interview.

 -----Original Message-----
From: 	Will, Lloyd  
Sent:	Saturday, June 23, 2001 8:21 AM
To:	Presto, Kevin M.
Subject:	FW: Craig Carmichael

Kevin this is the forecaster with an attitude.

Sounds like he has a fair amount of drive and would fit in well at Enron.

I have been emailing Craig once a week until I heard from Gerald who I have a lot of faith in as far as reference as I did not want to inherit a problem PHD.  I have asked research (Vasant) to check him out as well.

I believe that this cat might be what I need to get the forecast Rogers and Services need for our wholesale to retail delivery amounts with limited or no metering.  I would have him work on a project that uses the metering we receive to forecast Rogers wholesale delivery requirement",Work
germany-c/_sent_mail/1202.,Mailing List,Re: CES Daily April '00 Requirements for 4/10/00 and after,"Hey guy, please copy Scott Goodell and Molly on anything you send me in the 
future.  Molly will be working with me on all the CES deals.  Her email 
address is Molly.Johnson@enron.com.

Thanks






dkinney@columbiaenergygroup.com on 04/13/2000 09:06:05 AM
To: "" - *Kevin.Ruscitti@enron.com"" <Kevin.Ruscitti@enron.com>, "" - 
*chris.germany@enron.com"" <chris.germany@enron.com>
cc: "" - *Dalphon, Charles"" <cdalpho@columbiaenergygroup.com>, "" - *Scott, 
David"" <dscott1@columbiaenergygroup.com>, "" - *Bizik, Kim"" 
<knovsek@columbiaenergygroup.com>, "" - *Jones, Donna"" 
<djones1@columbiaenergygroup.com>, "" - *Destephanis, Kara"" 
<kdestep@columbiaenergygroup.com>, "" - *Boyd, Heidi"" 
<hboyd@columbiaenergygroup.com>, "" - *cfrankl2@enron.com"" 
<cfrankl2@enron.com>, "" - *joan.veselack@enron.com"" 
<joan.",Work
campbell-l/personnal/36.,Personal,Program Changes,"As you know, this is an unprecedented time in Enron's history.  We must adapt our employee programs to fit the immediate needs of our company during this time of transition.  It is especially difficult to announce the immediate suspension of the following programs.

?	ClickAtHome - Enron has suspended the ClickAtHome program.  The program will no longer accept new participants, PC orders, or Internet service orders.  Orders submitted and confirmed prior to November 20, 2001 will be honored.  Enron will also discontinue subsidized Internet service.  Effective January 1, 2002, employees who are currently subscribers to subsidized Internet service will be switched to the regular commercial rate of their service provider and be responsible for the entire cost of the service.
?	Matching Gifts a",Work
mann-k/discussion_threads/3415.,Work,FW: This E-mail is sent at the request of M. Kahn and J. DeBerry,"Any comments?

Thanks,

Kay
---------------------- Forwarded by Kay Mann/Corp/Enron on 04/20/2001 09:38 
AM ---------------------------


""Reuter, Marisa"" <MReuter@KSLAW.com> on 04/20/2001 09:34:36 AM
To: ""'kay.mann@enron.com'"" <kay.mann@enron.com>
cc: ""Keffer, John"" <JKeffer@KSLAW.com> 

Subject: FW: This E-mail is sent at the request of M. Kahn and J. DeBerry


Kay:

Attached is a revised draft of the LLC Agreement which has been marked to
indicate the changes from the draft distributed on Friday, April 13.  Since
the most substantive change made to the LLC Agreement reflects
NorthWestern's desire to have the LLC treated as a single member limited
liability company for tax purposes, it might be a good idea to get your tax
team to sign off on the revised draft.  Call me if you have any qu",Work
germany-c/all_documents/2119.,Mailing List,March '00 Needs update,"Chris--Attached is an updated version of our March '00 Needs spreadsheet from
the one that I sent you last night.   The only changes relative to the 
previous
version are as follows:





I'll give you a call shortly.













Doug Kinney
Ph:  703-561-6339
Fax:  703-561-7317

 - 03 00 SUPPLY NEEDS - ALL LDCS                     (MASTER).xls",Work
whalley-l/notes_inbox/58.,Mailing List,Florida Projects,"FYI:  The Deerfield Beach City Commission approved the Developer's Agreement 
for the Deerfield Beach Energy Center today and we expect the Development 
Review Committee to issue their approval of the project in the morning at a 
10 am meeting.",Work
mann-k/discussion_threads/4253.,Work,Rev5 of the GE World Hunger T&Cs,"Attached is a clean version of Rev 5 and a redline to Rev 4 of the draft 
""World Hunger"" document.  The Enron team has not had the opportunity to 
review this draft, thus I must reserve Enron's rights to make withdraw and 
add changes.",Work
shankman-j/old_email/14.,Work,Quant Skills + Trading Experience + Petroleum Experience,"I think this may be the junior trader your are looking for. If you don't want 
him -- I will certainly interview him for fundamentals, but I think he is 
over qualified
---------------------- Forwarded by Jennifer Fraser/HOU/ECT on 09/01/2001 
14:30 ---------------------------


""michalon"" <michalon@math.uchicago.edu> on 09/01/2001 13:53:24
To: <jfraser@ect.enron.com>
cc:  
Subject: Informational interview


Sir Fraser,


In June 2001 I will graduate from the University of Chicago with a Master of
Science degree in Financial Mathematics.
I have graduated from the IFP (French Institute of Petroleum) Engineering
School in Paris with a Master of Science degree in Petroleum Economics.

I am very interested in a career in Energy markets and I would like to know
more about your activities in the",Work
mann-k/all_documents/476.,Work,VEPCO Tax Language,"Nancy,

Please incorporate this language from Enron's Tax Guys.

Thanks,

Kay
---------------------- Forwarded by Kay Mann/Corp/Enron on 08/04/2000 12:48 
PM ---------------------------
   
	
	
	From:  Matthew F Gockerman @ ECT                           08/03/2000 08:02 PM
	

To: Heather Kroll/HOU/ECT@ECT
cc: Kay Mann/Corp/Enron@Enron 

Subject: VEPCO Tax Language

Heather:

My recommendation is that we ""tighten up"" tax  language in the ENA - Virginia 
Electric and Power Company (""VEPCO"") Power Purchase & Sale Agreement.  Below 
please find my recommendations.  Please note that the New Tax burden is upon 
VEPCO.  This is in keeping with our standard power contracts.

- Matt
x33979

1) Replace the ""Tax"" definition with the following:

""Taxes""  means any or all ad valorem, property, occupati",Work
jones-t/all_documents/3942.,Work,Re: Arizona Public Service Company,"At a ratio of 10:1, you should have your 4th one signed and have the fifth 
one on the way...



	Marie Heard@ENRON COMMUNICATIONS
	09/19/2000 05:40 PM
		
		 To: Tana Jones/HOU/ECT@ECT@ENRON
		 cc: 
		 Subject: Re: Arizona Public Service Company

ONLY 450!  Why, I thought you guys hit 450 a long time ago.

Marie Heard
Senior Legal Specialist
Enron Broadband Services
Phone:  (713) 853-3907
Fax:  (713) 646-8537
Marie_Heard@Enron.net



	Tana Jones@ECT
	09/19/00 05:34 PM
		 
		 To: Marie Heard/Enron Communications@Enron Communications
		 cc: 
		 Subject: Arizona Public Service Company

Well, I do believe this makes 450!  A nice round number if I do say so myself!
----- Forwarded by Tana Jones/HOU/ECT on 09/19/2000 05:34 PM -----

	Susan Bailey
	09/19/2000 05:30 PM
		 
		 To: Bob Bowen/HOU/ECT",Work
taylor-m/all_documents/8338.,Work,Credit Watch List--Week of 5/14/01,"Attached is a revised Credit Watch listing for the week of 5/14/01.   
If there are any personnel in your group that were not included in this 
distribution, please insure that they receive a copy of this report.
To add additional people to this distribution, or if this report has been 
sent to you in error, please contact Veronica Espinoza at x6-6002.
For other questions, please contact Jason R. Williams at x5-3923, Russell 
Diamond at x5-7095, or Veronica Espinoza at x6-6002.",Work
kuykendall-t/sent/99.,Mailing List,Re: FW: ENA v. Triad,"scott and i talked and we cannot say definitively that triad called us first 
every single day -- there may have been some days when we called them.  we 
can call you if you need further explanation.",Work
dean-c/all_documents/63.,Personal,FW: True Orange Fax/E-Mail #56,"---------------------- Forwarded by David M Gagliardi/TTG/HouInd on
06/23/2000 09:01 AM ---------------------------


Tracy Ralston <wdr3@swbell.net> on 06/22/2000 10:30:48 PM

To:   wdr3@swbell.net
cc:

Subject:  FW: True Orange Fax/E-Mail #56




-----Original Message-----
From: TruOrange@aol.com [mailto:TruOrange@aol.com]
Sent: Wednesday, June 21, 2000 8:45 PM
To: TruOrange@aol.com
Subject: True Orange Fax/E-Mail #56


True Orange Fax/E-Mail Service
Volume 8, Fax/E-Mail #56, Wednesday, June 21, 2000
Jerry Scarbrough's True Orange, P. O. Box 26530, Austin, Texas 78755 -
Phone
512-795-8536

Longhorns Get Pledge from Euless Trinity Defensive Back

Braden Johnson, 6-2, 200, 4.4, a defensive back from Euless Trinity who
came
to one of Texas' three-day summer camps earlier this month, committ",Other
dasovich-j/all_documents/12994.,Mailing List,"California Update #2, 5/23/01","Republican Plan B
A source reports the following regarding the Republican Plan B proposal:
? Encourage direct access for consumers.  (The problem with this, however, is 
that these direct access deals would not have a dedicated rate component, and 
too many might undermine the cash flow and credit worthiness of the bonds.)
? The Republicans will ""suggest"" that generators take a 30% haircut.  ""We 
think this is doable.""
? The Republicans strongly oppose purchasing the transmission assets.
? Restore the invetor-owned utility model for generation.  They would 
establish a dedicated rate component for construction of native generation by 
the utilities.  They would grant ratepayers equity interest in these plants.
? Resolve the QFs' financial issues.

Assemblyman Cox commented afterward that t",Work
watson-k/inbox/153.,Work,I miss all of you,"Dear All,

   This is Youyi from Hong Kong who misses all of you.
I am sorry for not contacting you earlier because of loss
of your contacts. Everything is fine to me in Hong Kong now
except for a big shock for the terror attack on WTC and Pentagon.
If you find out a chance of visiting Hong Kong, please give me
a call at (852)2609-8242 (O) or (852)2994-3485 (H). I will be
very happy to have a gathering with you.

Cheers,

Youyi",Personal
dasovich-j/all_documents/27958.,Personal,RE: The Bums,"That will be great!! I am so excited...

Aren't they tied right now??


Cameron Sellers
Vice President, Business Development
PERFECT
1860 Embarcadero Road - Suite 210
Palo Alto, CA 94303
cameron@perfect.com
650.798.3366 (direct dial)
650.269.3366 (cell)
650.858.1095 (fax)

-----Original Message-----
From:  Jeff.Dasovich@enron.com [mailto:Jeff.Dasovich@enron.com]
Sent: Tuesday, June 19, 2001 5:36 PM
To: cameron@perfect.com; psellers@Haas.Berkeley.EDU; scottwl@hotmail.com
Subject: The Bums

Recall that at 4:05 PM on Wednesday, June 27th, we are scheduled to see the
Giants clobber the bums.",Personal
jones-t/notes_inbox/5178.,Work,Re-keying file cabinets,"For your information,

I have been advised by facilities that a locksmith should arrive within 24 
hours to re-key the 5-drawer cabinets containing the blue and green files.  
You will be able to open any of the seven cabinets with one key.  They will 
delivery 5 copies of the key (one for each specialist).


Taffy Milligan
Sr. Admin Assistant
EWS-Legal
Tele: 713-345-7373
Fax:  713-646-6058",Work
kean-s/sent_items/229.,Work,Re: Last FINAL version,"Has this gone to Ken yet.  If not please send.




Maureen McVicker
06/21/2001 02:55 PM
To:	Lora Sullivan/Corp/Enron@ENRON, Steven J Kean/NA/Enron@Enron, Jeff Dasovich/NA/Enron@Enron
cc:	 

Subject:	Last FINAL version

Lora:

This is the new ""Final"" version.  The difference from the earlier version is - a few slides were taken out and the order of the remaining slides were rearranged.

Please get a copy of this new ""Final"" to Ken Lay.  

Thanks.

----- Forwarded by Maureen McVicker/NA/Enron on 06/21/2001 02:53 PM -----


	Ursula Brenner 06/21/2001 01:05 PM 	   To: Karen Denne/Corp/Enron@ENRON, Steven J Kean/NA/Enron@Enron  cc: Maureen McVicker/NA/Enron@Enron  Subject: Last version	


This is the final version, including the changes Jeff just requested.

 

Ursula",Work
taylor-m/notes_inbox/1492.,Mailing List,Re: LME Contracts,"Justin,

Thank you.

I have your questions. I will get back to you ASAP.

All the best,

Ned

>>> <Justin.Boyd@enron.com> 09/25/00 06:03pm >>>
Ken, Ned,

Thank you both for your written advice concerning the marketing of LME
registered contracts   I would be grateful if you could both answer the
following additional questions:

1.  Can Enron Metals Ltd market LME Contracts to the 40 or so existing US
customers of MG London Inc.(as well as, of course, new US customers)?

2.  So far as marketing by Enron Metals Ltd is concerned, do all written
marketing materials (e.g letters, faxes, brochures, fliers and mailshots)
need explicitly to be sent in the name of Enron Metals Ltd?  Alternatively,
is it possible for such materials to be sent under the cover of EnronOnline
but with a footer appearin",Work
cash-m/sent_items/151.,Personal,RE: Heads Up,"Absolutely!  I agree that it would be great for you.  

 -----Original Message-----
From: 	Hope, Valeria A.  
Sent:	Tuesday, July 31, 2001 8:54 AM
To:	Cash, Michelle
Subject:	Heads Up


Last night Sheila Walton asked if I would be interested in being the Generalist for Corporate HR (just an extra assignment along with my other responsibilities).  I told her I would be interested but would need to talk with you about it and of course she would need to discuss it with David.

The reason I'm interested is because it would allow me to keep up with what is happening in the Generalist world.  When I was the HR Rep for HR North America, I mostly dealt with Employee Relations type issues for the HR group.  Although those type problems with HR occur infrequently it requires someone who could handle",Work
fossum-d/_sent_mail/295.,Work,FW: It Could Happen,"I love this--even more so because it is being circulated by one of our 
competitors.  DF
---------------------- Forwarded by Drew Fossum/ET&S/Enron on 06/23/2000 
03:40 PM ---------------------------

> -----Original Message-----
> From: Cook, Mark
> Sent: Friday, June 23, 2000 11:07 AM
> To: Horgan, V.J.; Hooker, David; Poehling, Robert
> Subject: FW: It Could Happen
>
> Funny!
>
> FOR IMMEDIATE RELEASE
> -----------------------
> Today Enron and Hades announced a definitive energy services agreement
> said to be worth an estimated $666 Trillion.  In the deal, Enron will
> provide both gas and electric commodities to Hades' facilities throughout
> and under North America.  John D. Rockefeller, former CEO of energy
> monopolist Standard Oil, is now head of Hades' energy management division",Personal
kean-s/heat_wave/30.,Mailing List,Enron Mentions,"California Adopts Variable Pricing, Raising Ire of Generators, Traders
The Wall Street Journal, 10/30/00

Enron Offers Cash To Help Azurix Take Itself Private
The Wall Street Journal, 10/30/00

Companies: U.S. Companies
The Wall Street Journal Europe, 10/30/00

Wessex switch likely
The Times of London, 10/28/00

Enron water unit could go private under loan plan
Houston Chronicle, 10/28/00

Quietly, Bush's team talks about transition; Plenty of folks in Austin would 
love to follow Bush to D.C.
Austin American-Statesman, 10/28/00

Dynegy: Calif Price Caps Will Compromise Elec Reliability
Dow Jones Energy Service, 10/28/00

SEC Filing Shows 3rd Parties Contacted Enron About Azurix
Dow Jones News Service, 10/27/00

Enron offers to buy out Azurix
Financial Times, October 27 2000 



California",Work
mann-k/_sent_mail/1966.,Work,Re: Michael Stories,I love these stories!,Personal
neal-s/deleted_items/27.,Mailing List,Ken Lay Resigns from Board,"Ken Lay announced today that he has resigned from Enron's Board of Directors.  His resignation is effective immediately.  

In a press release, Ken said, ""I want to see Enron survive and successfully emerge from reorganization.  Due to the multiple inquiries and investigations, some of which are focused on me personally, I believe that my involvement has become a distraction to achieving this goal.""

He added, ""My concern is for current and former Enron employees and other stakeholders, and I feel that it is in their best interest for me to step down from the Board.""",Work
kitchen-l/_americas/regulatory/204.,Mailing List,Press clippings - letter on Californian utilities,"Please find attached the following article:

'Californian Utilities' - Financial Times (also sent to California Distribution team)

 

Kind Regards,
Kuldeep Chana",Work
bass-e/discussion_threads/676.,Work,WE HAVE THE TICKETS!!!!!!!!!,"Major breakthrough, we have 16 tickets.  Now we need to win 'em.  After the 
f'''aggies near victory vs. ou, these tickets are now priceless.  Therefore, 
we must win at all cost THIS Saturday, the 18th.  

The team to date is as follows:

Stephen 
Eric
Luis
Paul
Sarah   
Myself
Christopher Chenoweth - new addition (recruited away from Webb Jennings' team 
at no small cost)

One other unnamed guy (Luis, I need this name).

===

To do:

1.   I need all of you to confirm (by voice or email) that you will be able 
to play on Saturday.  If I don't hear from you, I will have to replace you.  
If you think there is a chance that you won't make, please contact me ASAP.

2.   We need to deliver $2,000 in donations.  If you haven't started bringing 
in donations, please do so immediately.  I have t",Personal
rogers-b/all_documents/2033.,Work,,"The meeting with Peco will be at 1:00pm in 3125b.  Thanks
Ben",Work
rodrique-r/discussion_threads/187.,Work,11/7 Management VAR,"EFF_DT PORTFOLIO_ID DOWN95
11/7/00  MANAGEMENT-CRD 0
11/7/00  MANAGEMENT-GAS 630,912
11/7/00  MANAGEMENT-PWR 272,969
11/7/00  AGG-MANAGEMENT 703,128",Work
delainey-d/_sent_mail/176.,Work,Re: Today's filming,"Tim, don't worry about me - it worked out fine.  Just a bad day on the P/L 
side.  Thanks for leading some of these efforts it is often a thankless job.

Regards
Delainey",Work
presto-k/sent_items/884.,Mailing List,RE: New Gen Update,"I would like a consolidated report on all generation projects monitored to date.   My recollection was we had identified approx. 50-75 projects to monitor.

thanks.

 -----Original Message-----
From: 	Holman, Kelly  
Sent:	Wednesday, May 30, 2001 2:17 PM
To:	Will, Lloyd; Presto, Kevin M.; Sturm, Fletcher J.; Davis, Mark Dana; Herndon, Rogers; Imai, Rika; SMITH, Douglas
Cc:	Walsh, Kristin
Subject:	New Gen Update
Importance:	High
Sensitivity:	Confidential

Lloyd,

Please find below information regarding the New Gen project.  If you have any questions or comments, feel free to contact me at (3-9844) or Kristin Walsh (3-9510).


LG&E
	Monroe County Merchant
Unit 3 - performance testing is currently being conducted with power going to the grid.
Entire plant will be online Friday, June 1.",Work
whitt-m/sent_items/135.,Work,FW: A good chuckle.,"-----Original Message-----
From: Appling, Mike [mailto:mappling@chematch.com]
Sent: Friday, September 28, 2001 11:51 AM
To: Arthur Carpentier (E-mail); Brett Treadwell (E-mail); Brian Cannell
(E-mail); David Zaozirny (E-mail); 'Dean Patry' (E-mail); 'Diane Appling
(E-mail); Dwayne Hyzak (E-mail); George Appling (E-mail); Jeff Sproull
(E-mail); Jeff Thomas (E-mail); Jeff Todes (E-mail); Jerry Jernigan
(E-mail); Morris, Jesse; John Carr (E-mail); Kelly Boston (E-mail);
Kevin Baros (E-mail); Kregg Lunsford (E-mail); Kristi Bishop (E-mail);
Larry St Martin (E-mail); Leslie cell (E-mail); Leslie cell (E-mail 2);
Whitt, Mark; Matt Hill (E-mail); 'Pam. Glynn (E-mail); Simon Palmer
(E-mail); Steven Jernigan (E-mail); Steven Wolf (E-mail); Steven. B.
Brown (E-mail); Todd Quattlebaum (E-mail 2); Wad",Personal
stclair-c/all_documents/859.,Mailing List,Re: Legal risk factors for Dash,"Leslie:
Just 2 comments to this:

1. Should we mention their ability to exercise subrogation rights and the 
effect it may have on our counterparties?  This is really not a risk as much 
as it is a relationship issue.

2. With respect to Section 6.1(a), based on last night's conversation, I 
doubt very much that they will remove the reference to counterparties.  They 
really feel that this is a risk taht we should bear given our relationship to 
the counterparties.  Bill is speaking with them about this issue this morning.


Carol St. Clair
EB 3892
713-853-3989 (Phone)
713-646-3393 (Fax)
carol.st.clair@enron.com



	Leslie Hansen
	06/28/2000 02:53 PM
		 
		 To: Carol St Clair/HOU/ECT@ECT
		 cc: 
		 Subject: Legal risk factors for Dash

Carol:

Gaurav asked me to summarize all relevant risk",Work
mann-k/_sent_mail/3549.,Work,VEPCO Interconnection Agreement,"Ben,

We have a draft of the VEPCO ""standard"" interconnect, which has been 
internally reviewed by Mitch Robinson and Christi Nicolay.  Would you like a 
copy? Nancy Wodka (Bracewell & Patterson, DC office) is outside counsel 
working on it as well.  We have had no substantive discussions with VEPCO 
about this agreement at all.

Let me know how you want to proceed.

Thanks,

Kay
---------------------- Forwarded by Kay Mann/Corp/Enron on 09/12/2000 11:06 
AM ---------------------------


Heather Kroll@ECT
09/12/2000 10:44 AM
To: Ben Jacoby/HOU/ECT@ECT
cc: Ozzie Pagan/HOU/ECT@ECT, Kay Mann/Corp/Enron@Enron 

Subject: VEPCO Interconnection Agreement

Ben,

I spoke with the VA Power contact today who is responsible for the 
interconnection agreement.  His name is Wayne Duman (804.257.4096, 
W",Work
dasovich-j/sent/12076.,Mailing List,Re: DA Language,"Correction:

1) ensures that DA customers' costs are NOT shifted to utility customers.",Work
taylor-m/all_documents/1119.,Mailing List,Re: OTC market size,"Thank you very much - can I get a copy of the Risk article?  

The BIS numbers unfortunately do not distinguish which of the commodity 
numbers are applicable to energy, and worse yet they include only numbers 
from reporting banks.  In the energy area a large proportion of the 
transactions are by non-bank institutions -this makes finding the numbers 
much harder because companies like Enron are not required to publicly 
disclose their positions.  Hopefully the Risk article has some numbers but if 
you can find anything else specifically relating to the size of the energy 
derivatives markets that would be helpful.




Judith Schlesinger
01/25/2000 09:42 AM
To: Mark Taylor/HOU/ECT@ECT
cc:  
Subject: OTC market size


Mark,

I found an article in Risk, April 1999 titled ""Banking on energy ",Work
kitchen-l/_americas/east_power/175.,Mailing List,*Update*,"Attached you will find the revised update on the current activities of East Power, Generation Investments and Generation Development.  If you have any questions, feel free to contact me.


 

Regards,
Dave Duran
x3-7364",Work
mclaughlin-e/gossett/58.,Work,"Re: January 12, 2001 - Brokered Deal Errors","This is great information.  However,  without knowing who entered the deals 
there is little we can do to fix this.  ie.  Is it a trader?  Which book 
admin is it?  Can you get names of the person entering the deals on the 
report?  And do you put every deal that has to be changed on this report?  Or 
just the deals that are in wrong for more than a certain time period?  I 
would caution if you are putting every deal that changes into this report you 
might want to change your practice, as now that the traders have TDS they 
tend to want to see the economic impact ASAP and so everyone including the 
trader is rushing to get the position into the system.  Please let me know if 
there is anything I can do to help.

JG


   
	Enron North America Corp.
	
	From:  Bianca Ornelas @ ENRON         ",Work
blair-l/deleted_items/448.,Personal,Here is the credit card you NEED!,"Quick Inspirations =09 [IMAGE]  Home   [IMAGE]  [IMAGE]=09


[IMAGE] =09[IMAGE]   [IMAGE]   [IMAGE]  [IMAGE]  [IMAGE]  [IMAGE]   Your in=
spirational quote for the day:  [IMAGE]    [IMAGE]   KEEP OUR FRIENDSHIP AL=
IVE   [IMAGE]  There's a miracle called Friendship   That dwells in the hea=
rt   You don't know how it happens   Or when it gets it start    But you kn=
ow the special lift   It always brings   And you realize that Friendship   =
Is God's most precious gift!    Friends are a very rare jewel,indeed.   The=
y make you smile and   encourage you to succeed.    They lend an ear, they =
share a   word of praise, and they   always want to open their heart to us.=
    ********************** Did you know, you can order printer ink now for =
75% off and get a FREE GIFT? Order now at AllY",Other
haedicke-m/all_documents/4910.,Work,Deseret DASH,"This deal has reached a point where it needs to be placed upon your 
respective radar screens, which this message hereby attempts to do. ----cgy
---------------------- Forwarded by Christian Yoder/HOU/ECT on 04/11/2001 
03:55 PM ---------------------------


Tracy Ngo
04/11/2001 10:13 AM
To: Paul Choi/SF/ECT@ECT, Christian Yoder/HOU/ECT@ECT
cc:  
Subject: Deseret DASH


---------------------- Forwarded by Tracy Ngo/PDX/ECT on 04/11/2001 10:21 AM 
---------------------------
From: Chip Schneider/ENRON@enronXgate on 04/11/2001 09:52 AM
To: Tracy Ngo/PDX/ECT@ECT
cc:  

Subject: Deseret DASH

I believe the deal is changing, to some degree, from what is represented in 
the DASH.




Regards,

Chip Schneider
713-853-1789
EB 2852",Work
shankman-j/discussion_threads/533.,Personal,,"give me a call when you get a chance so we can address your bonus.  thanks.   
Jeff",Work
kaminski-v/_sent_mail/5.,Personal,Virus Alert: Magistrad Worm,"---------------------- Forwarded by Vince J Kaminski/HOU/ECT on 05/07/2001 
03:24 PM ---------------------------


Rick Russell <rickr@is.rice.edu> (by way of Suzana Gamez-Vazquez <ramos on 
05/07/2001 02:26:23 PM
To: (Recipient list suppressed)
cc:  
Subject: Virus Alert: Magistrad Worm


The Magistrad Worm

    Systems affected: PCs with Windows 95/98/ME, Windows NT/2000 with poor
security

    Method of propagation:  E-mail attachment; when opened it attaches
itself to Windows executable files and sends itself to e-mail recipients.
It can grab e-mail recipient addresses from Outlook, Outlook Express,
Netscape and/or Microsoft Internet Mail and News.

    Risk to the Rice campus:  High. It spreads quickly, and it can damage
or destroy files and damage the system BIOS. It does not attack ",Work
haedicke-m/sent/965.,Mailing List,Enron Wholesale Services Legal Department Monthly Report,"The attached report summarizes current significant legal activities of EWS 
Legal as of May 15, 2001.  This report does not attempt to list all 
transactions or include reference to on-going maintenance of completed 
transactions.

Please let me know if you have questions.",Work
delainey-d/sent/8.,Work,MEH Turbines,"Brett, can you give me the particulars on the four MEH turbines (ie) 
scheduled delivery, price, fuel options, heat rate, output,etc - including 
transferablility to NA.

Regards
Delainey",Work
germany-c/all_documents/2496.,Mailing List,,- GAS PURCHASE AGREEMENT EXHIBIT                     1.xls,Work
weldon-c/all_documents/90.,Work,t,t,Work
beck-s/all_documents/5030.,Personal,Performance Management Process - New Password,"According to our system records, you have not yet logged into the Enron 
Performance Management system (PEP).   As a result your temporary password 
for the PEP system has expired.  Your  User Id and new password are provided 
below.

During the feedback phase you will need to access PEP at 
http://pep.corp.enron.com to suggest reviewers who can provide feedback on 
your performance.  You may also be requested to provide feedback on fellow 
employees, but the system will only be open for feedback until November 17th!

HelpDesk representatives will be available to answer questions throughout the 
process.  You may contact the HelpDesk at:

Houston:  1-713-853-4777, Option 4
London:  44-207-783-4040, Option 4
E-mail:  perfmgmt@enron.com

Your  User Id and new PEP password are:

User ID: 9001",Work
merriss-s/notes_inbox/23.,Work,Extra PGE Park Tickets for Tonight,"For those of you interested in obtaining tickets for opening night (tonight!) 
at PGE Park, please e-mail me by 3 PM today.

Who: Portland Beavers vs. Fresno Grizzlies
When:  6:30 PM, Tonight!
Where:  PGE Park (formerly Civic Stadium)

Two tickets per employee - first come, first served.

Please e-mail me to indicate interest.

Thanks!
Anna",Personal
may-l/inbox/935.,Personal,FW: Quite possibly the best JOKE I've heard in a long while!!,"> A little boy and his father are walking around New York, many years after
> the tragedy. They pass a memorial to the twin towers. Intrigued, the boy
> asks:
> ""Daddy, what are the twin towers?"".
> The father:
> ""They were enormous towers, the bastion of capitalism, but they don't
> exist any more, son.""
> ""What happened to them?""
> ""Some years ago some Arabs destroyed them.""
> The little boy seems intrigued, and asks:
> ""Daddy, what are Arabs?"".
>
>
>
>",Personal
lenhart-m/all_documents/98.,Mailing List,Re: JP Balance Update,"that is right.  i was looking at our operations group numbers which are 
incorrect.",Work
dasovich-j/sent_items/2397.,Personal,RE: TYTYTYTYTY,"You have just used your quota of exclamation points for the remainder of this year and for all of 2002.  It was very fun.

-----Original Message-----
From: Nancy Sellers [mailto:Nancy.Sellers@RobertMondavi.com]
Sent: Monday, December 10, 2001 3:08 PM
To: 'Jeff Dasovich'
Subject: TYTYTYTYTY


Thank you so much for a wonderful night on Friday.  You were far too
generous in paying for dinner since the wine and corkage were our share and
there wasn't much of that!  It was so fun and I think Prentice really had a
good time too.  Lots  of love and kisses!



Nancy
(707) 251-4870 (phone)
(707) 265-5446 (fax)
""Plus je bois, mieux je chante""",Personal
keavey-p/discussion_threads/380.,Work,Real Deals from Travelocity.com,"Dear Peter,

Now is a great time to be a Travelocity member. This month, we have 
another great array of Deals to help stretch your travel dollars, 
from free nights in the Bahamas and Hawaii to low rates on rental 
cars all over the U.S. We're also introducing something new: The 
Travelocity Preferred Traveler Program can help you save money every 
time you travel--It's the ultimate upgrade! Read on for more 
information on this exciting new program. 

Featured this Week
? Rates from $599 on Eastern and Western Caribbean Cruises!
? Win a Night on the Town for Six with Travelocity Preferred Traveler
Vacations
? 7th Night FREE at Sheraton Grand Resort in Nassau!
? 5th Night FREE at the Pacific Beach in Oahu!
Cruises
? Balcony Staterooms on Weeklong Southern Caribbean Sailings
??from $747!
?",Other
scott-s/_sent_mail/1278.,Personal,Re: mark your calendar!,"Congrats!....Lisa told me the good news last night.  Can't wait for the big=
 day, I know you guys will be very happy together.


  =20

=09Enron Capital & Trade Resources Corp.  From:  Laura Jahnke <ljahnke@aero=
tek.com>                           04/23/2001 03:47 PM=09
=09=09


Please respond to ljahnke@aerotek.com
To:=09Ash Mace <ashley.a.mace@williams.com>, susan <susan.s.edwards@us.pwcg=
lobal.com>, Katie Allison <KAllison@StageStores.com>, Katy Hester <katyhest=
er@hotmail.com>, Stephanie Webb <SW13@hou-metro.harris.tx.us>, ""Kelbarker@a=
ol.com"" <Kelbarker@aol.com>, Laura White <LWhite@StageStores.com>, ""Lisa.Gi=
llette@enron.com"" <Lisa.Gillette@enron.com>, Kasey Walker <kaseywalker@mind=
spring.com>, Jennifer Houghton <jlh4801@aol.com>, ""Jeff Ridlen (E-mail)"" <j=
mr8189@hotmail.com>",Personal
kean-s/all_documents/576.,Mailing List,Hot list of Public Affairs issues in ESA,"To give you a broad perspective on the issues I am dealing in our area, in 
addition to the ""regional integration/opening markets theme"".

""High-noon"" show-down over the gas issues. Enron needs to decide to veto the 
gas contracts between Petrobras and the gas distribution companies in our 
concessions.  We are been positioned as the stumbling block, preventing the 
gas contracts for the emergency power plant program, eventually a national 
security issue. If we agree with the contracts, we risk some value of the 
distribution concessions.

Press articles about a deal with ABEGAS (Gas Distributors Association). The 
ABEGAS representative has been negotiating on a number of limited issues. He 
does not have the power to negotiate for the individual gas companies.

Project California.-  I ha",Work
skilling-j/inbox/393.,Personal,Thank You,"Mr. Skilling,

Thank you so much for delivering my resume to your Associate Program
recruiting personnel.  I have been in contact with them for the last couple
weeks, and recently confirmed an interview date for Wednesday, May 23rd.

I am very excited about the possibility of joining Enron and look forward to
a challenging visit next week.  It would be an honor to become a member of
your prestigious team.

Again, I greatly appreciate your time and assistance.  You have been a great
help.  Have a wonderful week and congratulations on all your continued
success!


Sincerely,

Jon Friedberg
3919 Villa Costera
Malibu, CA   90265

Phone: 310.456.2792
Email: Jon@JonFriedberg.com",Work
jones-t/online_trading/112.,Mailing List,Re: EOL / Credit / GCP Responses 6/30/00,"Tana:

None of the following CPs are authorized to trade US power:

Louis Dreyfus Plastics Corp. - restricted by credit
Citation Crude Marketing, Inc. - restricted by credit
Lyondell Chemical Company - restricted by credit
Terra Industries, Inc. - not a current trading partner/not FERC approved

Leslie",Work
germany-c/discussion_threads/1835.,Personal,XMS - Expense Management System,"Expense Management System (XMS) version 6.01 is now available to current=20
users.  You can access the system from the Enron Home Page by typing in the=
=20
address field http://xms.enron.com. =20

The new system features coding validation at the line item level and suppor=
ts=20
inter-company transactions . The foreign currency activity window is now mo=
re=20
user-friendly.

LOGON ID:
Each night HR information is loaded automatically into XMS.  However, that=
=20
process is not yet finalized.  An incomplete load can result in some people=
=20
having their old ID (first initial and last name in lower case) and some=20
having their eHRonline ID (begins with the letter =01&P=018).  If your old =
logon=20
does not work, try your =01&P=018 logon.=20

PASSWORD
 The password for all is upper ca",Work
lokay-m/discussion_threads/200.,Personal,Re: Hi!!,"How are you?  I was just thinking of you guys and wanted to say ""hi""!!!",Personal
sanders-r/all_documents/1036.,Work,RE: Duke LNG,"303-294-4499



	""Neal S. Manne"" <NMANNE@SusmanGodfrey.com>
	11/29/2000 09:52 AM
		 
		 To: Richard.B.Sanders@enron.com
		 cc: Robert Rivera <RRIVERA@SusmanGodfrey.com>, Shawn Raymond 
<sraymond@susmangodfrey.com>, ""Jonathan J. Ross"" <JROSS@SusmanGodfrey.com>
		 Subject: RE: Duke LNG


Thanks, Richard.  Do you have a tel # for Mike?  Thanks.

> -----Original Message-----
> From: Richard.B.Sanders@enron.com [mailto:Richard.B.Sanders@enron.com]
> Sent: Tuesday, November 28, 2000 6:44 PM
> To: Neal S. Manne
> Cc: Brian.Redmond@enron.com; David.Fairley@enron.com;
> Eric.Boyt@enron.com; Jeffrey.T.Hodge@enron.com; Robert Rivera
> Subject: RE: Duke LNG
>
>
>
> I agree that we should send such a letter.
> Also-- I talked to Mike Beatty and he is willing and able to
> serve as our
> party designate",Work
jones-t/online_trading/236.,Work,Re: Counterparty Approval List for 1/28/00,"Tana please take my name of your distribution and add Sheri Thomas  thanks


   
	Enron North America Corp.
	
	From:  Tana Jones                           01/31/2000 02:35 PM
	

To: Frank L Davis/HOU/ECT@ECT, Bob Shults/HOU/ECT@ECT
cc:  
Subject: Counterparty Approval List for 1/28/00

Attached please find referenced list.  The only amended counterparty with a 
change was Murphy Exploration which was shut down for power.  I wonder, when 
we are working with amended counterparties, if there is some way that my 
prior approval could be on the recent spread sheet?  Right now I have to go 
find the old spread sheet to find out what I approved it for last time to see 
if I have any problem with the change.  So usually, unless I have - change 
next to amended, it means I had no change to what I ",Work
symes-k/all_documents/3255.,Work,Out of Balance,"Kate,

We are out of balance for 04/10/01.  We are long1600 mws(100 per hour) on 
peak in NP15.  This is not an hourly deal, and there were no cuts.  Also deal 
#574882 was entered in SP-15 under ST-Whourly...I zeroed this deal out.  I 
appreciate you trying to flatten us out, but please check with me before 
putting in deals under the ST-Whourly book...

Thanks,
Bill",Work
kitchen-l/_americas/esvl/642.,Mailing List,We are doing OK,"It's the week-end!  This is just a general overview , if anyone wants detail, please give me a ring.

In general we are doing OK.  In terms of cash out the door today, we were actually going to be positive until Kinder Morgan refused to send our cash back.  We should be ($5.81mm).

Cut us off:
1. 	FPL (balance of month transactions only)
2.	Enbridge (Consumers)
3.	Proliance
4.	Con Agra
5.	Los Angeles Department of Water
6.	Apache
7.	PSEG (physical gas sales only)
10. 	PowerEx (Cash and Real time only)
11. 	Salt River Project
12.	Pacificorp (NorthWest Cash only)


Issues:
1.	PJM Interconnection LLC - want $30mm LC, we are working with them on their calculation methodology.  Awaiting a letter before we react.
2.	AEP  - We completed $50mm of assignment transactions with them on Friday night. ",Work
kaminski-v/eci/eci/100.,Mailing List,Optical Network Engineering & Enron Research Offsite Meeting,"Hi John, as per our discussion and e-mails, I am suggesting the following 
dates for the subject offsite:  April 14 & 15 th (Friday & Sat).  Place and 
agenda to follow once this date is nailed up.   The heads of each group will 
decide who will attend.  We would also invite Kevin Hannon, Scott Yeager, Tom 
Gros, Ted Seitz and Jean Mrha once the dates and agenda are agreed upon by 
the Technical folks.

As before, the idea is to introduce the two of the most technical groups 
within Enron and to exchange ideas and issues.  The Enron research team will 
provide trading and modeling presentations and the Optical Network 
Engineering team will present networking and components related topics.

Take away from the two days will be to provide John Griebling's group with 
better understanding abo",Work
skilling-j/deleted_items/108.,Mailing List,"EnronOnline Executive Summary for July 30, 2001","Following please find the Daily EnronOnline Executive Summary.

 









<Embedded Picture (Metafile)>",Work
haedicke-m/notes_inbox/1391.,Mailing List,Pastoria - Risk Memo,"Mark,
Here is my risk memo for the sale of Pastoria to Calpine.  I also faxed this 
to you tonight.  I look forward to our call at 1:30 your time tomorrow.

Regards,
Karen",Work
germany-c/ces/81.,Mailing List,Package ID - Exclude,"In Navigator, the profile I use excludes the following package id's. This 
will be necessary to get the CES true volume number!!!!!!!!!!! 

ENA as Shipper:
152-TRI
154-CON
Bayst.
Covept
Empire
ENA
Enron
Engage
FP&L
Herald Oil & Gas
Hopewel
Hopewll
K Petroleum M&B
Mid Amer
North Coast Energy
Penfuel
Sempra
Statoil
Texaco
Triad
Woodwrd

Calp as Shipper:
152-TRI
888-CES
Boonville
Calp
Delmarv
Empire
ENA
Keyspan
TRIAD

CES package ID's (can't remember them all... these are some of them... you 
can look at Chris's reports for other id's):
CES Enduser
Choice
Timet
Swing",Work
dasovich-j/all_documents/13474.,Work,RE: AReM Media Alert,"what do you think about this idea?
---------------------- Forwarded by Karen Denne/Corp/Enron on 06/07/2001 
02:04 PM ---------------------------


Sandra Yamane <SYamane@marathon-com.com> on 06/07/2001 01:56:57 PM
To: ""'Karen.Denne@enron.com'"" <Karen.Denne@enron.com>
cc:  

Subject: RE: AReM Media Alert


Are you interested in alerting the CEO's with whom Ken Lay met last month or
sending a letter to the group of 120 CEO's regarding the PUC meeting and
asking that they write a letter in support of direct access?

-----Original Message-----
From: Karen.Denne@enron.com [mailto:Karen.Denne@enron.com]
Sent: Thursday, June 07, 2001 11:13 AM
To: jkradin@marathon-com.com; syamane@marathon-com.com;
rlichtenstein@marathon-com.com
Subject: AReM Media Alert


fyi...
---------------------- Forwarded ",Work
germany-c/sent/1931.,Work,Re:,"My leg hurts still.  This is what I'm taking

Lodine XL Tab 600MG - take 1 tab in the morning after my breakfeast snack
Cyclobenzaprine Tab 10MG - take 1 tab before going to bed",Personal
dasovich-j/sent_items/897.,Mailing List,DWR consulting contracts on-line,"----- Forwarded by Jeff Dasovich/NA/Enron on 07/09/2001 02:24 PM -----
In addition to a summary of DWR's long-term contracts and the pages of the contracts that were formerly censored, Connell's site now has copies of the consulting contracts:

http://www.sco.ca.gov/power_page/consulting_contracts.htm",Work
kaminski-v/deleted_items/386.,Work,RIGZONE Special Offer - Offshore Drilling Permits &amp; Rig Data,"=09=09=09[IMAGE]=09=09
=09=09 =09=09=09
=09=09=09[IMAGE]=09=09
=09=09=09[IMAGE]=09=09
[IMAGE]=09=09 RIGZONE [IMAGE] [IMAGE] [IMAGE] =09[IMAGE]=09=09
[IMAGE]=09=09   home    | news    | search    | maps    | data    | jobs   =
 | market    | store  =09[IMAGE]=09=09
=09=09=09[IMAGE]=09=09
[IMAGE]=09=09      Get 1 Month Free! Purchase a 12-month subscription to an=
y of Rigzone's data subscription products mentioned in this newsletter betw=
een now and January 31, and we'll extend your subscription by one additiona=
l month free of charge! Want to learn more? Check out our products below.  =
     [IMAGE]   Take a look into the future with Rigzone's Permit Service. C=
overing the offshore Gulf of Mexico area, our permits and plans provide val=
uable insight into things to come - when a drillin",Other
germany-c/ces/281.,Mailing List,"Re: Working Session on February 10, 2000","Should I attend?  Let me know your thoughts.
Scott




Doug Kinney
01/27/2000 08:39 AM

To: Scott Goodell/CES/ColumbiaGas@ColumbiaGas, David
Scott/CES/ColumbiaGas@ColumbiaGas
cc:
Subject: Working Session on February 10, 2000

FYI
---------------------- Forwarded by Doug Kinney/CES/ColumbiaGas on 01/27/2000
09:35 AM ---------------------------


GuthrieL@EpEnergy.com on 01/26/2000 06:53:36 PM
Please respond to GuthrieL@EpEnergy.com


To:
cc:

Subject: Working Session on February 10, 2000

Southern is hosting a meeting for AGL and the certificated marketers on
February 10, 2000 from 8:00 a.m. - 5:00 p.m. CCT at our offices in
Birmingham, AL.  This meeting is designed to provide a working session for
all attendees to reach agreement on the mechanics of allocating deliveries
when no-notice ser",Work
beck-s/discussion_threads/905.,Personal,John Postlewaite,"Sally,
I just wanted to follow up with you on John Postlewaite's options that we 
discussed when we enticed him to stay here at Enron.  I asked Kim Melodick 
and Norma Villareal if they knew anything about them and they did not.  I 
know you spoke to David Oxley about this.  Can I follow up with him?  Thanks.
Kristin",Work
beck-s/sent/915.,Work,Re: Dinner Invitation,"---------------------- Forwarded by Sally Beck/HOU/ECT on 01/29/2001 04:05 PM 
---------------------------


""Heather.L.Pinkerton-1"" <Heather.L.Pinkerton-1@ou.edu> on 01/29/2001 03:16:44 
PM
To: Sally.Beck@enron.com
cc:  
Subject: Re: Dinner Invitation


Dear Mrs. Beck,

Thank you very much for the invitation.
I'm excited to tour Enron field because even though I am from Houston, I have
yet to attend an Astro's game.  I look forward to attending, and I thank you
for supporting our Energy Management program at OU.

Sincerly,
Heather Pinkerton

Sally.Beck@enron.com wrote:

> (See attached file: OU Invitation.pps)
>
>   ------------------------------------------------------------------------
>                         Name: OU Invitation.pps
>    OU Invitation.pps    Type: POWERPNT File (appli",Work
badeer-r/all_documents/1.,Mailing List,FERC Presentation on California/West Wholesale Market,"Last Thursday, I made the first attached presentation to the FERC Staff at 
the power marketer's meeting on the FERC's investigation of the wholesale 
market in the West (and in particular California).  Ellen Wolf (of Tabors 
Caramanis) and I created this presentation building on previous presentations 
by Tim Belden and Dave Parquet.  In the presentation and the meeting we made 
the following points:
There isn't much FERC can do because the cause of the price spikes is not in 
the wholesale market.  We discouraged FERC from taking any action that would 
hurt the vibrant wholesale market in the California and the rest of the West 
as well.
High prices logically resulted from scarcity and if the Commission does 
anything it should (1) investigate whether market power was being exercised 
by",Work
davis-d/sent/142.,Personal,Re: Outlook Training,"Have you sent in the sign up sheet yet?  Who is that one person?


   
	Enron North America Corp.
	
	From:  Nicole Mendez                           02/16/2001 08:58 AM
	

To: Hope Vargas/HOU/ECT@ECT, Pam Becton/HOU/ECT@ECT, Marnie 
Lamb/NA/Enron@Enron, Brad Carey/NA/Enron@Enron, Stephen Wolfe/HOU/ECT@ECT, 
Tammy Barta/HOU/ECT@ECT, Lisa Best/Corp/Enron@Enron, Lisa King/HOU/ECT@ECT, 
Rosalyn Lum/Corp/Enron@Enron, Dana Davis/HOU/ECT@ECT, Rufino 
Doroteo/HOU/ECT@ECT, Laynie East/HOU/ECT@ECT, Stacy Hardy/Corp/Enron@ENRON, 
Brian Schwertner/NA/Enron@Enron, Marnie Lamb/NA/Enron@Enron, Kristi 
Fredericks/NA/Enron@ENRON, Susan Rance/NA/Enron@Enron, Brian K 
Dawson/NA/Enron@ENRON, Lisa Kang/NA/Enron@Enron
cc:  
Subject: Outlook Training

So far I only have one person that would like to attend this a",Work
brawner-s/deleted_items/65.,Personal,"Love, Pam sent you a Yahoo! Greeting","Surprise! You've just received a Yahoo! Greeting
from ""Love, Pam"" (pama9@flash.net)!

To view this greeting card, click on the following
Web address at anytime within the next 60 days.

http://view.greetings.yahoo.com/greet/view?DW7ANYG7KGS4J

If that doesn't work, go to http://view.greetings.yahoo.com/pickup and
copy and paste this code:

DW7ANYG7KGS4J

Enjoy!

The Yahoo! Greetings Team


-------------------------
Yahoo! Greetings is a free service. If you'd like to send someone a
Yahoo! Greeting, you can do so at http://greetings.yahoo.com/

Find the one for you at Yahoo! Personals
http://rd.yahoo.com/mktg/greetings/txt/confirmation/tagline/?http://personals.yahoo.com",Personal
kaminski-v/all_documents/4633.,Personal,,"Please note that my email address has been changed to: jhanley@riskwaters.com 
Please update your address books.
Thanks.
Joel.



Direct: +44 (0) 20 7484 9885

www.riskwaters.com

 - att1.htm",Other
hyatt-k/sent_items/272.,Mailing List,weekly update 11/2,"Sun Devil: 
Sonoran Pipeline -  Market intelligence indicated KMI personnel are canvassing the Phoenix market to solicit interest in a new lateral off the proposed Sonoran project.  El Paso Natural Gas is also supposedly contacting their CD customers to verify interest in expanding the Maricopa lateral.
Marketing -
	Panda Energy - Meeting scheduled for 11/6 in Dallas to pitch various rate structures.
	AZ Public Service -  Will schedule next meeting based on Panda response to proposals.
	
Preparing detailed supply basin study and Phoenix supply / demand balance for management review.
El Paso / FERC  - Reviewing comments recently submitted.  Shippers indicate some decision likely from FERC as early as Dec 2001 or as late as March 2002.  
Copper Eagle Gas Storage - Submitted non-binding bid f",Work
keavey-p/deleted_items/280.,Mailing List,Update to Merger Q&A,"We've updated the Merger Q&A document on our Enron Updates site ( <http://home.enron.com/updates/mergerQA.html>), as a result of the many questions you've had concerning the merger between Enron and Dynegy. Questions addressed include those about Enron stock options, benefits and immigration status. Please stay tuned for additional updates.",Work
arnold-j/sent/549.,Work,daily charts and matrices as hot links 4/4,"---------------------- Forwarded by John Arnold/HOU/ECT on 04/04/2001 08:30 
AM ---------------------------


SOblander@carrfut.com on 04/04/2001 07:21:04 AM
To: soblander@carrfut.com
cc:  
Subject: daily charts and matrices as hot links 4/4


The information contained herein is based on sources that we believe to be
reliable, but we do not represent that it is accurate or complete.  Nothing
contained herein should be considered as an offer to sell or a solicitation
of an offer to buy any financial instruments discussed herein.  Any
opinions expressed herein are solely those of the author.  As such, they
may differ in material respects from those of, or expressed or published by
on behalf of Carr Futures or its officers, directors, employees or
affiliates.  , 2000 Carr Futures


The charts",Other
farmer-d/cleburne_plant____cornhusker_/224.,Personal,Cleburne,"Daren & John,

See the attached document regarding gas deliveries/nominations for the 
Cleburne site. Right now, I'm planning to be in the Houston office on 
Thursday, August 3, 2000 so we may be able to meet then. If there are any 
questions, please call me for additional info.

Michael Mazowita

Phone: (248) 442-4823
Cell: (248) 345-4002",Work
quigley-d/_exchange_info/68.,Mailing List,RE: Increased margin,"I know you guys are busy trying to trade right now, please call me when you and John can talk.  I will come up.  Sarah

 -----Original Message-----
From: 	Quigley, Dutch  
Sent:	Wednesday, November 07, 2001 3:24 PM
To:	Wesner-Soong, Sarah
Subject:	RE: Increased margin

yeah we read that when it came out
of all the stuff they could write about they pull that out 

 -----Original Message-----
From: 	Wesner-Soong, Sarah  
Sent:	Wednesday, November 07, 2001 2:13 PM
To:	Bradford, William S.; Shackleton, Sara
Cc:	Deffner, Joseph; Quigley, Dutch; Arnold, John
Subject:	Increased margin



 

 << OLE Object: Picture (Device Independent Bitmap) >>",Work
cuilla-m/personal/2.,Personal,Your ImageStation Order #41983,"Dear Zooey Wharton,

We are pleased to inform you that all items for
the following order, #41983 have been shipped as of 2/1/2001.

-----------------------------------------------------------


Prints
18 x $0.49
(total 18 prints; $8.82)

Subtotal:               $8.82
Shipping & Handling:    $1.99
Sales Tax:              $0.00
-------------------- --------
Total for the order:   $10.81 was charged to your
                              credit card ending in 4854

-----------------------------------------------------------

This order was shipped to:

Zooey Wharton
2218 Bellefontaine #B
Houston, TX  77030
United States

via Standard Ground shipping .
-----------------------------------------------------------

For questions regarding your order, please contact us at:

ImageStation
550 15th St",Personal
dasovich-j/all_documents/4123.,Personal,Re: FW: Bilas PD,Yep.  But Norm's wrong.  It always gets darkest before the light.....,Personal
baughman-d/personal/home_buy/2.,Personal,Fwd: Inspection Report,"Note: forwarded message attached.


__________________________________________________
Do You Yahoo!?
Yahoo! Auctions - Buy the things you want at great prices.
http://auctions.yahoo.com/
X-Apparently-To: dbaughm@yahoo.com via web10608
Received: from imo-d04.mx.aol.com (205.188.157.36)  by mta401.mail.yahoo.com 
with SMTP; 01 Mar 2001 20:13:58 -0800 (PST)
Received: from ChanceTex@aol.com by imo-d04.mx.aol.com (mail_out_v29.5.) id 
r.30.11305ab0 (4205)  for <dbaughm@yahoo.com>; Thu, 1 Mar 2001 23:13:42 -0500 
(EST)
From: ChanceTex@aol.com
Message-ID: <30.11305ab0.27d077f6@aol.com>
Date: Thu, 1 Mar 2001 23:13:42 EST
Subject: Inspection Report
To: dbaughm@yahoo.com
MIME-Version: 1.0
Content-Type: multipart/mixed; boundary=""part1_30.11305ab0.27d077f6_boundary""
X-Mailer: AOL 4.0 for Windows 95 ",Personal
hernandez-j/deleted_items/3.,Personal,Supported Internet Email Addresses,"Enron Global Technology is in the process of decommissioning the support for all non-standard Internet Email address formats. The only Internet Email address format that will be supported, once this effort is completed, is firstname.lastname@enron.com. We will no longer support Internet Email address formats such as name@enron.com, name@ect.enron.com, name@ei.enron.com  (where ""name"" is an abbreviation, acronym or alternative to an employees firstname and/or lastname). Every Enron employee has an Internet Email address of firstname.lastname@enron.com and must begin making the necessary arrangements to start using this Internet address format if they are not using it already.
Any new/existing application systems or business cards that reference a non-supported Internet Email address will ne",Work
germany-c/ces/30.,Mailing List,CES Unwind,"FYI, these are the CES deals in Satara. 


---------------------- Forwarded by Steve Jackson/HOU/ECT on 07/21/2000 11:08 
AM ---------------------------
   
	
	
	From:  William Kelly                           07/21/2000 11:07 AM
	

To: Steve Jackson/HOU/ECT@ECT
cc:  
Subject: CES Unwind


---------------------- Forwarded by William Kelly/HOU/ECT on 07/21/2000 11:04 
AM ---------------------------
   
	
	
	From:  William Kelly                           07/20/2000 06:38 PM
	

To: Colleen Sullivan/HOU/ECT@ECT
cc:  
Subject: CES Unwind",Work
smith-m/_sent_mail/242.,Work,RE: HR Position,"Hey, I'm going to give your resume to this girl, and I'll let you know when to follow up.

Mat

  



---------------------- Forwarded by Matt Smith/NA/Enron on 04/05/2001 05:32 PM ---------------------------
From:	Jeanie Slone/ENRON@enronXgate on 04/05/2001 04:58 PM
To:	Matt Smith/NA/Enron@ENRON
cc:	 

Subject:	RE: HR Position

We have an Analyst/Associate program for HR.  If she has an MBA or graduate degree we would consider her for the assoc. program.  Otherwise, she might fit in the analyst program.  Forward her resume to me and I will pass it along.  She can contact Karen Buckley at 713 345 4667 after you give me the resume.  Karen is the lead recruiter/program manager.  Let me know if you need more info.

 -----Original Message-----
From: 	Smith, Matt  
Sent:	Thursday, April 05, 200",Work
kaminski-v/c/mangmt/group/management/681.,Mailing List,Re: Tanya's vacation,"Everybody,
FYI: I will be out tomorrow 3/10/00 and all next week (3/13-3/17) on vacation.
Grant and Vincent can handle urgent matters while I am away.

Tanya.",Work
nemec-g/sent/2260.,Work,Revised Credit Agreement,"Brant,  Attached is a clean and redlined version of the revised agreement per 
our discussion",Work
germany-c/all_documents/1646.,Mailing List,Re: TCO Capacity to COH,"---------------------- Forwarded by Chris Germany/HOU/ECT on 04/05/2000 06:47 
AM ---------------------------


jporte1@columbiaenergygroup.com on 04/05/2000 06:31:50 AM
To: "" - *Chris.Germany@enron.com"" <Chris.Germany@enron.com>
cc:  
Subject: Re: TCO Capacity to COH


great thanks





Chris.Germany@enron.com on 04/04/2000 04:43:04 PM
Please respond to Chris.Germany@enron.com

To: Jeffrey Porter/CES/ColumbiaGas@COLUMBIAGAS
cc:
Subject: Re: TCO Capacity to COH


Secondary non-recallable, you can use $.14 year round

OR

$.05 for Apr-Oct which is probably a little high and $.15 for the winter.

The non-recallable factor is the hard thing to figure in.





jporte1@columbiaenergygroup.com on 04/04/2000 02:41:03 PM

To:   "" - *Chris.Germany@enron.com"" <Chris.Germany@enron.com>
cc:   "" - *Per",Work
salisbury-h/inbox/990.,Mailing List,ENA and EES Industrial SIC Codes,"INTEROFFICE MEMO

From: John Lavorato & Dave Delainey

To: All of ENA and EES

Re: ENA and EES Industrial SIC Codes

As Enron continues to build its origination and customer business in the US, it is becoming increasingly important that both ENA and EES target the appropriate industries and customers with our respective value propositions.  Double coverage and duplication waste resources and damages Enron's reputation in the market place.  It is also important that the right product, solution and sales technique are utilized to ensure the maximum benefit for our customers and Enron.

Consistent with the past, EES will be focused on those SIC codes or industries that are less energy intensive and are less sophisticated in their management of energy.  ENA shall continue to target and cover t",Work
rogers-b/all_documents/1685.,Personal,Re: ECC Meeting - March 14,"Just wanted to let you know that I joined the ECC and so I get their 
messages  know.  Thanks for keeping me in the loop.
Ben",Work
hendrickson-s/all_documents/182.,Work,Weekend Outage Report for 6-8-01 through 6-11-01,"------------------------------------------------------------------------------
------------------------
W E E K E N D   S Y S T E M S   A V A I L A B I L I T Y

F O R

June 8, 2001 5:00pm through June 11, 2001 12:00am
------------------------------------------------------------------------------
------------------------


ECS to ECN Network Interconnection, June 9th 2001         POSTPONED
This is a notification that the Enron Corp. I/T Networks team will be 
connecting the new building network infrastructure located in Enron Center 
South (ECS) to the existing Enron Center North (ECN) backbone network.  While 
this activity is not expected to produce a disruption to network services, 
this notice is designed to alert the organization to our activities.  No 
network hardware or systems are ",Work
arnold-j/sent/225.,Personal,Re: Young John?,"Glad to see you're having so much fun with this.  I've been here 5.5 years 
with nothing and then in one week I'm in Fortune and Time.  Pretty funny.  
Things are going well here .  The big E just chugging along, bringing the 
stock price with it.  Wish I could tell you everything new in my life, but I 
think I just did.   
Your long lost buddy,
John




Heather Robertson <hrobertson@hbk.com> on 08/31/2000 10:10:09 AM
To: john.arnold@enron.com
cc:  
Subject: Young John?


Is this ""the 26-year-old chief of natural-gas derivatives""?  If so, you
should write me back after you complete your ""nine hours and $1 billion in
trades"" today!!   Does this mean I have to start calling you ""Mr. John""?!
It was great to see you're doing so well....
Your long lost buddy,
Heather

Heather Lockhart Robertson",Personal
lewis-a/deleted_items/1341.,Work,"(ClearStation) Recommendation : CTXS (Long) by kensey , Wed Nov 21","===================================================
Need help gaining an investing edge?
Chicago Board Options Exchange recommends options trading.
Learn how options trading can benefit your portfolio.
Go now: http://www.cboe.com/options_trading101
===================================================

Recommend emails are a powerful way to get investment tips as they happen
from the ClearStation community. If you would like to UNSUBSCRIBE, go to
http://clearstation.etrade.com/doc/unsub_kensey.html

*NOTE : DO NOT reply to this email. Replies should be made within 'Discuss'
at the url given below.
+-+-+-+-+-+-+-+-+-
'kensey' has recommended CTXS (Long) at Nov 21 2001  2:47PM

Citrix Systems ( NASDAQ : CTXS )
Computer - Software : 0 new highs in group of 237

Symbol       Last     Time     Ch",Other
bass-e/all_documents/1782.,Personal,Re: Astros Tickets,"I can't make it during lunch.  Sorry.


   
	Enron North America Corp.
	
	From:  Gary W Lamphier                           03/05/2001 02:15 PM
	

To: Jason Mathew/Corp/Enron@ENRON
cc: Greg Brazaitis/HOU/ECT@ECT, Stacey Neuweiler/HOU/ECT@ECT, Eric 
Bass/HOU/ECT@ECT, Elsa Villarreal/HOU/ECT@ECT, Danny Conner/NA/Enron@Enron 
Subject: Astros Tickets  

OK Gang,
Time to select (and pay) for 2001 tickets.
What I have is:
Gary Lamphier  25 games
Greg Brazaitis  20 games
Jason Mathew  10 games $340
Stacey Neuweiler 10 games $340
Eric Bass     5 games $170
Elsa V      5  games $170
Danny Conner     5  games $170

Jim Homco has two seats next to us and is hoping to trade so any of us can 
have 4 seats to a game and he can then have 4 seats to a game.
We need to draft this week.  I will set the rotat",Personal
sanders-r/deleted_items/nsm/12.,Personal,NSM,"Gentlemen,

Steve asked that I forward the attached updated versions of Hellmold's rough
transcript.  I've bolded what appears to be the only two annotations made by
Steve and they are in the 6/13/01 transcript.

Sincerely,

Nancy O'Brien
                                                                                                                                                                                                                                                                                                                                                                                                                                                                                                                                                                                 ",Work
kean-s/archiving/untitled/4712.,Mailing List,Enron Mentions,"World Business Briefing Asia: India: Power Dispute
The New York Times, 05/31/01

World Watch
The Wall Street Journal, 05/31/01

Spin Control: Spain Hits Turning Point At Windmill Parks --- Some Are Well 
Planned, Others Scar the Landscape --- EU Pride and Promises at Stake
The Wall Street Journal Europe, 05/31/01

Struggling Enron plant in India stops production 
Houston Chronicle, 05/31/01

BP Doesn't Expect Lead Role In Saudi Gas Proj - Source
Dow Jones Energy Service, 05/31/01

Regulators want state trade-off for caps / Davis asked to give up control of 
power lines
The San Francisco Chronicle, 05/31/01

Plan would have biggest customers pay Edison's debt
The San Francisco Chronicle, 05/31/01

INDIA'S MSEB DOUBTFUL OVER DABHOL'S 10 PCT TARIFF CUT PROPOSAL
Asia Pulse, 05/31/01

India: In",Work
swerzbin-m/inbox/88.,Personal,SSARR Update Available Now,"<center><LI><a Href=""http://www.nwrfc.noaa.gov/cgi-bin/r_fcst_d?prod=rcc.hpg&desc=Long-Range_Daily_Columbia_Forecast""><font color=""blue"">Columbia River Basin and Lower Snake</font></A>.....Updated:   Jan  3, 2002 at 11:38</center>",Other
jones-t/all_documents/1271.,Mailing List,Assignment of ETA,"Effective March 1, 2000, Aquila Energy acquired the assets of USGT (U.S. Gas 
Transportation Inc.) , with the acquiring entity being USGT/Aquila L.P.  USGT 
has assigned the Electronic Trading Agreement it executed with ENA to 
USGT/Aquila L.P.  A copy of the assignment will be forwarded to Frank Davis.",Work
guzman-m/all_documents/1648.,Personal,SF,">From: postmaster@mail.hotmail.com
>To: kimberly_kirkwood@hotmail.com
>Subject: Delivery Status Notification (Failure)
>Date: Tue, 28 Nov 2000 17:03:11 -0800
>
>This is an automatically generated Delivery Status Notification.
>
>Delivery to the following recipients failed.
>
>        mark.guzman@eron.com
>
>
>

______________________________________________________________________________
_______
Get more from the Web.  FREE MSN Explorer download : http://explorer.msn.com

 - C.DTF
Received: from mail pickup service by hotmail.com with Microsoft SMTPSVC;  
Tue, 28 Nov 2000 17:03:10 -0800
Received: from 12.30.148.19 by lw8fd.law8.hotmail.msn.com with HTTP; Wed, 29 
Nov 2000 01:03:10 GMT
X-Originating-IP: [12.30.148.19]
From: ""Kimberly Kirkwood"" <kimberly_kirkwood@hotmail.com>
To: mark.guzma",Other
presto-k/sent_items/609.,Mailing List,04 Counterparties,"Louise indicated that credit has agreed to allow credit-worthy counterparties to trade through 2004.   The following are the counterparties East Power would like to have 04 access on EOL.

Dynegy
Duke
BP Energy
Aquilla
Morgan Stanley
El Paso
Williams
Reliant
AEP
Constellation
Calpine
Merrill Lynch
Allegheny
Conectiv
Mirant

Please let me know ASAP who gets approved and when EOL will grant trading rights.

Thanks.",Work
campbell-l/discussion_threads/455.,Work,,"John, I read Phil's statements concerning the Redrock air permit issue and 
would like to make sure everyone has the facts why  Transwestern was unaware 
of the delay in the agencies issance of the air permits.  I had met with each 
agency prior to submitting each application (February of this year) to ensure 
that each application contained the correct and proper information required 
by the EPA and State of Arizona.  When I told them that we would need the 
permits by the end of September, each agency indicated that a September 
permit issuance would not be a problem, in light of the fact that energy 
issues related to California were to be given top priority.   On a monthly 
baiss I phoned the  permit engineer assigned to each application to be kept 
aware of possible conflicts and reso",Work
shackleton-s/sent/178.,Work,Spot Prices,"FYI - here's the info I just received from the ""ECT trader"" in Buenos 
Aires!!!!!!!!
---------------------- Forwarded by Sara Shackleton/HOU/ECT on 07/22/99 03:46 
PM ---------------------------
From: ""Julian Poole/ENRON_DEVELOPMENT"" AT ENRON_DEVELOPMENT@CCMAIL on 
07/22/99 03:16 PM
To: Sara Shackleton@ECT
cc: Federico Cerisoli AT ENRON_DEVELOPMENT@CCMAIL, Brent Hendry AT 
ENRON_DEVELOPMENT@CCMAIL 
Subject: Spot Prices




Sara,

I think we must mention the following as the source of the index price for 
energy: ""Documento de Transacciones Economicas"" (DTE). This is an electronic 
document published by Cammesa, and is available to all participants of the 
Wholesale Electric Market in Argentina. It's a summary of all the economic 
transactions between the participants of the Wholesale Elect",Work
germany-c/bankrupt/transport/14.,Mailing List,RE: MichCon Storage Post Petition Payment Approval,"Please note that I have transposed the payment and the credit due to MichCon for the February 2002 Storage Invoice.  The Payment to MichCon should be $14,350 and the credit should be $20,950.

Sorry for the mistake.  I guess I need some time off for good behavior.

Ruth

 -----Original Message-----
From: 	Concannon, Ruth  
Sent:	Tuesday, March 05, 2002 2:13 PM
To:	Mann, Kay; 'mark.ellenberg@cwt.com'; 'sproctor@akllp.com'
Cc:	McMichael Jr., Ed; Garza, Maria; Germany, Chris; Polsky, Phil; Dhont, Margaret; Wynne, Rita
Subject:	MichCon Storage Post Petition Payment Approval

I need Legal's authorization to pay Michigan Consolidated Gas Company for the post petition storage withdrawal costs & monthly administration charges associated with Sylvia Pollan's deal to sell 50,000 Dth/day from ENA's M",Work
donoho-l/deleted_items/100.,Work,Randy's Calculation,"-----Original Message-----
From: 	Lohman, TK  
Sent:	Friday, January 04, 2002 8:40 AM
To:	Mulligan, Amy; Schoolcraft, Darrell
Subject:	FW: Compression Gas

FYI!                       TK

 -----Original Message-----
From: 	Gay, Randall L.  
Sent:	Friday, January 04, 2002 8:32 AM
To:	Lohman, TK
Subject:	RE: Compression Gas

tk:  we show we only actually scheduled 125,000 in december.  Richardson is taking the rest in Januaty, so we will be scheduling 21,447 a day jan 5th thru the 31st.  If you have any questions give me a call


Randy

 -----Original Message-----
From: 	Lohman, TK  
Sent:	Thursday, January 03, 2002 4:57 PM
To:	Gay, Randall L.
Subject:	FW: Compression Gas

Randy, Stephanie asked me to send this to you.  Is this correct with your records?

TK

 -----Original Message-----
From:",Work
farmer-d/all_documents/2043.,Personal,Kingwood Cove Golf Specials!!,"Welcome & Enjoy Kingwood Cove Golf Specials.  Please take advantage of the
special offers.  You will receive notices weekly or bi-weekly.  If you no
longer wish to receive these messages, simply reply with your request.
Keep it in the fairway.


                         **April E-mail Specials**

                            **3 Pay & 4 Play**
                         4 Play for the price of 3
                        Anytime-Monday thru Friday
                  After 12pm-Saturday, Sunday & Holidays
        (Offer valid with purchase of cart & green fee per player)
           Must present e-mail invitation prior to registration.
       Not valid with Sr/Jr rates or other offers . Expires 05/02/00
              Call Now to book your Tee-Time.  281-358-1155.
                                  ",Other
taylor-m/notes_inbox/1024.,Mailing List,Bermuda,"Mark,

Can you commence the process for ETA's and PA's for Bermuda?

Please advise as to how long you think this may take - and if the cost to us 
is likely to exceed $US 22,000

Thanks,

Dave
---------------------- Forwarded by David Forster/Corp/Enron on 07/17/2000 
09:04 AM ---------------------------


Seth Hurwitz
07/17/2000 07:59 AM
To: David Forster/Corp/Enron@Enron
cc:  

Subject: Bermuda

Dave, we'll pay the 15,000 pounds for the research on Bermuda law so that 
Bermuda companies like Commercial Risk can transact on Enron OnLine.",Work
benson-r/deleted_items/29.,Personal,CAN YOU HELP ME? ---  Rob Benson,"FROM Dr Arusi Agbara.
AUDITING AND ACCOUNTING UNIT.
FOREIGN REMITTANCE DEPT.
AFRICAN INTERNATIONAL BANK.
LOME-TOGO.
TEL:00228-911-40-37.
FAX:00228-222-45-84

DEAR,
                   (CONFIDETIAL PLEASE)

I am Dr Arusi Agbara, chief accountant for the bills
and credits in the foreign remittance dept. section of

African International Bank Lome-Togo in west Africa
with due respect and regard. I have decided to contact
you on a business transaction that will be very
beneficial to both of us at the end of the
transaction.

During our investigation and auditting in this bank,
my
department came across a very huge sum of money
belonging to a deceased person who died on november
1992 in a plane crash and the fund has been dormant in
his account with this Bank without any claim of the
fund in our",Other
kuykendall-t/_sent_mail/6.,Personal,Re: Address,"we all have the same address but different work station locations - let me 
get them for you -- 
 
 our street address is 1400 Smith
               Houston, TX 77002
 
here are the work locations:
 
Tori  EB3208C
Randy  EB3208D 
Patti  EB3208E
Kelli  EB3235B
 
Hope that helps.",Work
storey-g/estate/9.,Personal,RE:,"After each of your questions is my response.  It's immediately preceded by [Connie L. Babbitt], which was my original Microsoft Exchange address (I recently remarried).

-----Original Message-----
From: Storey, Geoff [mailto:Geoff.Storey@ENRON.com]
Sent: Monday, January 14, 2002 11:40 AM
To: Connie L. Babbitt
Subject: 


There was nothing written in your email

-----Original Message-----
From: Connie L. Babbitt [mailto:cestopinal@mohleadams.com]
Sent: Thursday, January 10, 2002 3:51 PM
To: Storey, Geoff
Subject: RE: Disclaiming Insurance


 

-----Original Message-----
From: Storey, Geoff [mailto:Geoff.Storey@ENRON.com]
Sent: Thursday, January 10, 2002 3:33 PM
To: Connie L. Babbitt
Subject: Disclaiming Insurance



Connie,

I think we finally decided how much money we want to disclaim for ",Personal
davis-d/deleted_items/10.,Personal,Need A New Credit File?,"Here's How You Can Have a Brand New 

AAA Credit Profile Created in 24 Hours!
Guaranteed!  

The Best Part is... It's 100% Legal, 100% Ethical, and Fully GUARANTEED! 

CLICK HERE FOR FREE DETAILS! <http://www.formulawebs.com/18/newcreditfile/>

  _____  

This email was sent to you by Coconut Bay Marketing Services in full compliance with all existing and proposed email legislation. 
You may automatically remove yourself from any future mailings by clicking here. <http://www.formulawebs.com/remove.html> The reply address on this email was active at 
the time this email was sent. Coconut Bay Marketing Services, SJO3016 PO Box 025216, Miami, FL 33102 tel:011-506-296-1109",Other
kaminski-v/all_documents/2823.,Personal,Vince Kaminski,"Vince:

Did you get the below email from Jim Garven?

Would you be able to stay over and speak at the Risk Management Fraternity
and perhaps come in a day early and speak to his students?

Shirley




 
---------------------- Forwarded by Shirley Crenshaw/HOU/ECT on 12/05/2000 
02:08 PM ---------------------------


Jim Garven <James_Garven@baylor.edu> on 12/05/2000 02:09:27 PM
To: ""Shirley Crenshaw"" <scrensh@ect.enron.com>
cc:  
Subject: Vince Kaminski


Dear Ms. Crenshaw,

On November 28, I sent Vince Kaminski an email inviting him to visit Baylor 
University (where I now hold an appointment as Professor of Finance & 
Insurance; having resigned from LSU this pas spring).? I have yet to receive 
a reply from him.? Can you bring this email (copied below) to his attention?

Thanks,

Jim Gar",Work
semperger-c/deleted_items/66.,Personal,Assistance for Former Employees,"Many of you have friends who are no longer with the company, so we wanted to provide you an overview of continuing efforts to assist Enron's former employees.

CAREER SERVICES
Last December Enron established a website to assist former employees identify jobs in Houston and throughout the United States.  Only former Enron employees and potential employers can access the site, http://careerservices.enron.com/

On this site, former employees can:
	? Post their resumes for approved employers to view
	? View job postings
	? Receive updates and information on career and community services available to them
As of January 25, 2002:
	? More than 1,300 companies had been approved to view resumes
	? Company recruiters had logged on more than 3,500 times to search for candidates
	? More than 600 jobs ",Work
jones-t/all_documents/3928.,Work,Re: EOL Credit Responses 09/19/00,"Assuming they want trade Australian power do  they have USD6million in assets?


From: Tana Jones@ECT on 19/09/2000 04:06 PM CDT
To: Alan Aronowitz/HOU/ECT@ECT, Jeffrey T Hodge/HOU/ECT@ECT, Stacy E 
Dickson/HOU/ECT@ECT, Leslie Hansen/HOU/ECT@ECT, Harry M Collins/HOU/ECT@ECT, 
David Minns/ENRON_DEVELOPMENT@ENRON_DEVELOPMENT, Marie Heard/Enron 
Communications@Enron Communications, Robbi Rossi/Enron Communications@Enron 
Communications, John Viverito/Corp/Enron@Enron, Jane McBride/AP/Enron@Enron
cc:  

Subject: EOL Credit Responses 09/19/00


----- Forwarded by Tana Jones/HOU/ECT on 09/19/2000 04:05 PM -----

	Bradley Diebner
	09/19/2000 03:45 PM
		 
		 To: Frank L Davis/HOU/ECT@ECT, Karen Lambert/HOU/ECT@ECT, Tana 
Jones/HOU/ECT@ECT, Samuel Schott/HOU/ECT@ECT, Sheri Thomas/HOU/ECT@ECT, Mark ",Work
dasovich-j/deleted_items/51.,Mailing List,SBX2 78  HEARING CANCELED,"The Assembly Appropriations Committee canceled the SBX2 78 hearing mid-way
through the presentation by Senator Polanco.  As Hedy indicated before, with
the Republicans not willing to vote for the bill, liberal Democrats crafted
11 new amendments which they felt were necessary in order to garner their
votes.  Clearly there was no consensus among committee members or leadership
on the amendments in question and the business community was up in arms.
Amid the confusion, Hertzberg effectively ordered the hearing canceled.
They intend to hear the bill again on Monday.",Work
shackleton-s/all_documents/4707.,Work,EWEB Deal,"Hi Sara, I will be out on Thursday and Friday of this week.  If the EWEB deal 
absolutely needs to go out please contact Sharen Cason in my absence.

Thanks!
Melissa",Work
kaminski-v/all_documents/5731.,Personal,Site,"http://www.science-finance.fr/publications.html
http://www.science-finance.fr/publications.html
http://www.science-finance.fr/publications.html",Work
nemec-g/all_documents/5566.,Personal,Don't Forget,"Hey there!

Don't let me forget tonight to take home those videos.  I need to return them
tomorrow!

I think that means that we are going to have to watch Dr. T and The Women!
Sorry!",Personal
baughman-d/discussion_threads/236.,Work,Attached: TradersNews hourly indexes for TVA and ComEd hubs,"???? ???  ??? ??? ??? ???  ??? ??? ??? ???  ??? TradersNews is a service of=
 =20
Internet Publishing Group, Inc.

Copyright , 2001 Internet  Publishing Group. All Rights Reserved.

Attached are two of TradersNews Energy's six hourly indexes, for the  ComEd=
=20
and TVA hubs.=20
?
NOTICE: This data is being distributed as part of a  formal evaluation of=
=20
TradersNews Energy=01v. It is intended only for the original  recipient of =
this=20
e-mail and may not be distributed to  others.
?
We will send you these new hourly indexes at no charge through  March 16,=
=20
when they and our new ERCOT hourly index will be available through a =20
subscription service, along with our hourly, daily and term indexes for=20
Cinergy,  AEP and Entergy/SPP.
=20

If you would like to participate in an eval",Other
bass-e/_sent_mail/1037.,Work,Re: Evite: Super Bowl Party,"I think we are staying in tonight.  I don't know of any big plans.






""Dan Feather"" <Dan_Feather@enron.com> on 01/27/2000 01:54:07 PM
To: Eric Bass/HOU/ECT@ECT
cc:  
Subject: Re: Evite: Super Bowl Party





Eric,

I'll be in Argentina on the day of the Super Bowl.  Thanks for the invite.
What's the plan for tonight?

Dan






""Eric Bass"" <ebass@ect.enron.com> on 01/25/2000 04:29:07 AM



 To:      Dan Feather/HOU/EES@EES

 cc:



 Subject: Evite: Super Bowl Party







Hi!

I'd like to invite you to: Super Bowl Party

Just click on the link below, and it will take you to my personal Evite
event page to see everyone's comments, RSVP, and get all the details.

http://www.evite.com/respond?iid=ICKFPPOYPDDPZAAWUWQV

I hope you can make it, and I look forward to seeing your reply on the e",Personal
jones-t/notes_inbox/815.,Work,Bellingham Cold Storage,"Tana,

Attached please find a cws for a Master ISDA Agreement between ENA and 
Bellingham Cold Storage.  Please call with any questions.

Regards,
Tracy
x3-0554",Work
lay-k/discussion_threads/819.,Personal,SEC Filings for November 2000 Activity,"Dear All,

We are preparing to file Form 4s for transactions in the month of  November.
Our records indicate that you did not have any transactions in Compaq stock
[other than possible purchases of Compaq stock through the ESPP or 401(k)
plan].  If this is true, then you do not need to do anything.

If this assumption is incorrect, please email me by the end of the day on
Tuesday, December 5 with transactions for open market trades, stock option
exercises, deferred compensation or 401(k) exchanges (including purchases
from dividend reinvestments), gifts, shares held by family members or
trusts in which you have a controlling interest, etc.  If you have any
questions please call me at 281-518-2189 or Linda at 281-514-1433.

 Regards,

Connie Levo
Corporate Law Group  ll773
Compaq Computer C",Work
smith-m/inbox/108.,Personal,Travelocity.com fare watcher update,"Wednesday, May 2, 2001

Dear MATHEW,

Travelocity's Fare Watcher, your ultimate tool for keeping on top of
rapidly changing air fares, found fare changes in 1 of the markets
you are watching.  When you review the airfares below, remember that
fares change rapidly!  Low fares sell out quickly, and the sooner you
check, the more likely you are to find available seats.

Have your travel needs changed? Are you looking to go someplace new?
Remember to update your Fare Watcher subscription so that you're
always notified when fares change to your favorite destinations.

To find one of the fares below, point your web browser to your
Personal Fare Watcher Page on Travelocity by clicking on the
following URL link.  You can also copy and paste the URL into your
browser.

http://dps1.travelocity.com:8",Other
dasovich-j/all_documents/9111.,Mailing List,Cal. PUC order re: interruptible contracts,"Steve,
In your absence, I left a voicemail for Guillermo yesterday pertaining to 
some information that I'm not certain Gruma was fully aware of when we met 
Monday.

Late last month, the CPUC decided to waive interruptible rate program 
penalties, except that they ""fully expect all interruptible customers to 
voluntarily respond to the maximum extent feasible.""

In essence, our interpretation is that this makes Gruma's response to an 
interruption completely voluntary, however, as we discussed Monday, the 
California supply-demand imbalances will remain for some time, and the 
utilities will likely resort to rolling black-outs if the now voluntary 
interruptions (or other measures) don't relieve the situation.  We recommend 
that Gruma confirm our interpretation directly with Edison.

I h",Work
kean-s/discussion_threads/3136.,Work,Voluntary Approaches to Climate Change - Action in Congress & the,"To: Mike Terraso
 Jeff Keeler

Cc: Steve Kean
Linda Robertson
Rick Shapiro
 Catherine McKalip-Thompson

From:   Lisa Jacobson

Re: Voluntary Approaches to Climate Change - Action in Congress & the=20
Administration

Date:   April 30, 2001

In the current debate over how the U.S. should approach domestic and=20
international climate change issues, focus has increased lately on explorin=
g=20
=01&voluntary=018 approaches to reduce greenhouse gases.  President Bush=01=
,s=20
statements that the U.S. would not impose mandatory CO2 reductions on power=
=20
plants as part of a multipollutant bill and his position that the U.S. shou=
ld=20
not move forward with work on the Kyoto Protocol (which contains actual=20
commitments on emission reductions) have driven the discussion about=20
voluntary pr",Work
beck-s/all_documents/2814.,Mailing List,Lite Bytz RSVP,"This week's Lite Bytz presentation will feature the following APPZ speaker:

Hal Elrod
CommodityLogic
Thursday, April 26, 2001

If you have not already signed up, please RSVP via email to 
litebytz@enron.com by the end of the day Tuesday, April 24, 2001.

*Remember: this is now a Brown Bag Event--so bring your lunch and we will 
provide 

http://home.enron.com:84/messaging/revisedhalelrod.ppt",Work
delainey-d/all_documents/848.,Personal,Bammel Storage Cushion Gas Issue.,"Jim, I can assure you that neither John or myself are trying to attract blame 
or ""cover our backsides"";  however, I do believe that there is/was a genuine 
breakdown in communication somewhere in the deal team, accounting and the 
desk.  As well, it appears that this is not completely a black and white 
issue and can legitimately attract a number of points of view.  As executives 
of this company, you, Brian, Tim and Tom absolutely were responsible to 
ensure that all aspects of this transaction are managed correctly.  
Nevertheless, I think it is amazing we have not had more problems with this 
divestment given the size, complexity, time and how intertwined it is into 
the overall framework of ENA.

I appreciate your candor and the unselfish maturity to bring to the trading 
floor.

I lo",Work
dasovich-j/inbox/655.,Work,RE: CEC Report on Natural Gas Supplies Adopted,"ok   so now that I read this email my last reply sounds just a bit air headed.  As will this comment...didn't know our friend Racicot was doing that.  Is he doing it on contract or was he named to some committee by W?

 -----Original Message-----
From: 	Dasovich, Jeff  
Sent:	Wednesday, October 17, 2001 7:09 PM
To:	Landwehr, Susan M.
Subject:	FW: CEC Report on Natural Gas Supplies Adopted 

Hey infrastructure team mate.  I'm forwarding you some infrastructure stuff from the West.  Heard Marc Racicot's going to be negotiating timber trade with Canada.  That's something, huh?

Best,
Jeff

 -----Original Message-----
From: 	Schoen, Mary  
Sent:	Thursday, October 04, 2001 11:58 AM
To:	Parquet, David; Wehn, Samuel; Comnes, Alan; Swain, Steve; Brodbeck, Kelly
Cc:	Keeler, Jeff; Dasovich, Jeff; Ma",Work
shackleton-s/notes_inbox/1118.,Mailing List,Re: Merrill Lynch Pierce Fenner and Smith/ENA Prime Brokerage,"I just spoke to Donna Durant at MLPF--as it turns out what they are trying to 
put in place is an ENA agreement.  Donna did not originally realize there is 
more than one ""Enron.""  I am checking with trading tomake sure they want to 
use MLPF as an executing broker for ENA trades, and will advise as soon as I 
hear.  I believe Donna is expecting us to mark it up to mirror the mark-ups 
we had made to the ECTI agreement and return the documents to them. 

Per Selena Gonzales, it is likely they will want to use MLPF to execute ENA 
trades.  Give me a call if you have any questions.",Work
campbell-l/notes_inbox/767.,Work,FW: Updated Information Regarding EPA's Current Thinking on Draft,"in case you didn't receive


---------------------- Forwarded by Arnold L Eisenstein/ENRON_DEVELOPMENT o=
n=20
04/25/2001 02:24 PM ---------------------------
From: Gary Choquette/ENRON@enronXgate on 04/25/2001 12:28 PM
To: William Kendrick/OTS/Enron@ENRON, Bill Osborne/OTS/Enron@Enron, John=20
Shafer/OTS/Enron@Enron
cc: Ben Asante/ET&S/Enron@ENRON, Morgan Gottsponer/ENRON@enronXgate, Arnold=
 L=20
Eisenstein/ENRON_DEVELOPMENT@ENRON_DEVELOPMENT, Ray Smith/ENRON@enronXgate=
=20
Subject: FW: Updated Information Regarding EPA's Current Thinking on Draft =
=20
MACT Content

FYI, Please review and pass along to those you think would be interested.

 -----Original Message-----
From:  Sam Clowney and Jim McCarthy <jim.mccarthy@gastechnology.org>@ENRON=
=20
[mailto:IMCEANOTES-Sam+20Clowney+20and+2",Work
kean-s/sent/1289.,Personal,<<Concur Expense Document>> - May 2001,"---------------------- Forwarded by Steven J Kean/NA/Enron on 05/17/2001 
11:50 AM ---------------------------


eserver@enron.com on 05/16/2001 10:46:18 AM
To: ""Steven.J.Kean@enron.com"" <Steven.J.Kean@enron.com>
cc:  

Subject: <<Concur Expense Document>> - May 2001

The following expense report is ready for approval:

Employee Name: Michael Terraso
Status last changed by:  Automated Administrator
Expense Report Name: May 2001
Report Total: $5,773.63
Amount Due Employee: $5,773.63


To approve this expense report, click on the following link for Concur 
Expense.
http://xms.enron.com",Work
kitchen-l/_americas/mrha/ooc/263.,Mailing List,FW: HBS Case Study,"FYI - 

 -----Original Message-----
From: 	Meg Wozny <mwozny@hbs.edu>
Sent:	Tuesday, April 03, 2001 10:00 AM
To:	Jafry, Rahil
Subject:	Re: HBS Case Study

Hi Rahil,

I'm attaching two EnronOnline cases that were put into our system couple of
weeks ago.
The second, short case, is a classroom handout that summarizes EOL's
success and signals new challenges.
Just FYI--we are now developing a multimedia EOL case, which will be
released on CD ROM.  It will have links to video interviews with Jeff, Ken
and Louise.

We are very happy with our Enron cases; they will most likely become
bestsellers.  It was a great learning experience for me and Prof. Bartlett,
and you were a big part of that experience.  Thank you so much for all your
help!  Please feel free to call me if you have any questions or ",Work
jones-t/notes_inbox/204.,Work,FW: Spain Bandwidth Trading Report,"---------------------- Forwarded by Mark Elliott/LON/ECT on 26/04/2000 18:08 
---------------------------


Mark Elliott
10/01/2000 14:26
To: Thomas D Gros/HOU/ECT@ECT, Jay Hawthorn/Enron Communications@Enron 
Communications
cc: Kristina Mordaunt/Enron Communications@Enron Communications, Alan 
Aronowitz/HOU/ECT@ECT, Michelle Hicks/Enron Communications@Enron 
Communications, Mary Nell Browning/LON/ECT@ECT, Mark Schroeder/LON/ECT@ECT 

Subject: FW: Spain Bandwidth Trading Report

Per previous e-mail, herewith the Bandwidth Due Diligence Report for Spain.

Kind regards

Mark
---------------------- Forwarded by Mark Elliott/LON/ECT on 10/01/2000 14:23 
---------------------------
   
	Enron Capital & Trade Resources Corp.
	
	From:  Ann.Buckingham@CliffordChance.com                           0",Work
mann-k/discussion_threads/221.,Work,ABB Transformer Agreement,"fyi
---------------------- Forwarded by Kay Mann/Corp/Enron on 07/18/2000 05:44 
AM ---------------------------


""ROB TAYLOR"" <TAYLR@andrews-kurth.com> on 07/17/2000 07:03:45 PM
To: <kay.mann@enron.com>
cc: <Roseann.Engeldorf@enron.com> 

Subject: ABB Transformer Agreement

Kay:

The revised draft of the ABB Contract that I received today looked fine.

Regards,

Rob Taylor
Andrews & Kurth L.L.P.
Chase Tower
600 Travis Street
Suite 4200
Houston, Texas  77002

Tel:  (713) 220-4436
Fax:  (713) 238-7273

robtaylor@andrews-kurth.com

This e-mail (and any attachment(s) hereto) is intended only for use by the 
addressee(s) named herein and may contain legally privileged and/or 
confidential information.  If you are not the intended recipient of this 
e-mail, you are hereby notified that any diss",Work
bass-e/notes_inbox/411.,Personal,New 90 US Cities $198-298 RT Thru Aug 15 Coast-To-Coast,"********* Welcome to Bestfares.com's HOT DEALS BY EMAIL ************

BESTFARES.COM is your source for HOT TRAVEL DEALS. Visit our home
page at http://www.bestfares.com. Also, remember to visit our Newsdesk
daily at http://www.bestfares.com/travel_center/desks/newsdesk.asp
where we post hundreds of deals every day that could save you up
to 70% every time you travel! Subscribe and unsubscribe information
can be found at the bottom of this newsletter.

**************************** November 16, 2000  ************************

Don=01,t worry about airfares going up. We=01,ll lock in a low fare for you=
 for
travel through August 15, 2001. This deal includes 90 cities and the
roundtrip fare is just $298 coast-to-coast. From California (home of a
million still uncounted absentee ballots) to Flor",Other
bass-e/_sent_mail/184.,Personal,A&M/UT Flag Football Invitation,"Here is the info on the tourney.  We are one person short and could really=
=20
use your help.  Please try to let me know ASAP whether you can play so I ca=
n=20
explore other alternatives.

Thanks,


Eric
x3-0977
---------------------- Forwarded by Eric Bass/HOU/ECT on 11/13/2000 10:32 A=
M=20
---------------------------
  =20
=09Enron North America Corp.
=09
=09From:  Flag Football Challenge @ ENRON                           10/21/2=
000=20
10:38 PM
=09

Sent by: Enron Announcements@ENRON
To: Flag Football Invite
cc: =20
Subject: A&M/UT Flag Football Invitation

                =20

Enron and Andersen Consulting are proud to sponsor the 2nd Annual=20
Aggie-Longhorn=20
Flag Football Challenge on Saturday, November 18.  The purpose of this even=
t=20
is to=20
raise money for both schools, ",Personal
hernandez-j/notes_inbox/170.,Personal,Recommended by: Angela Barnett,"One of your friends sent this email through our website.
Friend's name: Angela Barnett
Friend's IP address: 192.152.140.9
Date and Time: 11/29/00 6:17:45 AM EST
See the bottom of this message to report abuse.


Hi,

Angela Barnett would like you to see this Web page:

http://www.daily-blessings.com/brother.htm

check this out!  :)

================================================
Angela Barnett also included this note:


================================================



Win a Billion Dollars!
Win a Billion Dollars!
Win a Billion Dollars!
Win a Billion Dollars!

go to:
http://mailbits.net/grab/taf.asp
<a href=""http://mailbits.net/grab/taf.asp"">Win a Billion Dollars !!!</a>




____
***IMPORTANT NOTE***

This is a free service provided by MailBits.com.
Compared to regular email, this is a ",Other
kaminski-v/all_documents/1039.,Personal,List0319,"isranir@rice.edu, demianen@rice.edu, tbal93@yahoo.com, maue@rice.edu,
loughrid@rice.edu, jblantonjr@yahoo.com, gjohnson@rice.edu,
emchombo@rice.edu, nazareth@rice.edu, vanstone@rice.edu, ganguzza@rice.edu,
nelsonb@rice.edu, sssmith@rice.edu, wheelock@rice.edu, westmore@rice.edu,
gaudette@rice.edu, otaylor@rice.edu, dikeman@rice.edu, jettke@rice.edu,
litton@rice.edu, chilkina@rice.edu, helms@rice.edu, wankhade@rice.edu,
monfan@rice.edu, kostya@rice.edu, pcp@rice.edu, yueguo@rice.edu,
nlwbio@rice.edu, zhangn@rice.edu, rishad@rice.edu, yoshiura@rice.edu,
howard@rice.edu, dayangd@rice.edu, wuwei@rice.edu, so@rice.edu,
wooddy@rice.edu, lamas@rice.edu, tbalestrery@houston.rr.com,
hingoran@rice.edu,
planck@rice.edu",Other
stepenovitch-j/discussion_threads/134.,Personal,Your 1-800 CONTACTS order has shipped!,"Joseph,

Thank you for choosing 1-800 CONTACTS.

We appreciate your business and look forward to serving your
contact lens needs again soon.  Listed below you will find a
personalized confirmation that your order has been shipped.  If
you have any questions regarding your order please don't
hesitate to contact us:

Call 1-800-CONTACTS (1-800-266-8228) or email us at:
info@1800contacts.com

Sincerely,

The team at 1-800 CONTACTS

------------------------------------------------------------------------------
-------

This confirms your order has been shipped to:

Joseph Stepenovitch
5353 Memorial Dr
Apt 1058
Houston, TX  77007
(713) 802-9262

Order#: 0007571470  Order Date: 02/27/01
Customer#: 01725189
Delivery: US Postal Service
--------------------------------------------------------------",Personal
kean-s/deleted_items/265.,Mailing List,Enron Mentions,"Fitch Puts Enron On Rating Watch Negative
Bloomberg, 10/25/01

STOCKWATCH Enron higher after dismissing CFO Fastow
AFX News, 10/25/01

DJ Concerned Energy Cos Make Few Changes In Enron Dealings
2001-10-25 14:13 (New York)

Calif Guarantees Allow Williams To Book Power Revenues
Dow Jones Energy Service, 10/25/01
Stocks Expected to Open Lower, Hurt By Weak Economic News
Dow Jones Business News, 10/25/01

Kaplan Fox Seeks To Recover Losses For Investors Who Purchased E
Bloomberg, 10/25/01

Enron CNBC: Squawk Box, 
10/25/01






Fitch Puts Enron On Rating Watch Negative
2001-10-25 13:49 (New York)

Fitch Puts Enron On Rating Watch Negative

Fitch-NY-October 25, 2001: Fitch places the following Enron
securities on Rating Watch Negative: senior unsecured debt
`BBB+'; subordinated debt `BBB'; pr",Work
taylor-m/all_documents/2185.,Work,Seminar and Doctor's Appt.,"I am planning to attend the NYMEX Futures and options Seminar tomorrow from 
8-12 and I have a doctors appt. at 2:30 but will be back in the office.",Work
love-p/discussion_threads/47.,Mailing List,Monthly Lunches,"Please find attached a spreadsheet noting the days of the month when you have 
been invited  to go to lunch with Carrie Hollomon.   If the days conflict 
with something you already have scheduled please call me at 3-6279 and we can 
work out another date.  Be sure and mark your calendars for each month as 
this does follow through to July. 




Thanks
Chantelle",Work
nemec-g/inbox/1663.,Mailing List,Master Netting Agreement Assignments,Attached is the updated list of master netting agreement assignments.,Work
lokay-m/corporate/2.,Mailing List,Human Resources Organization,"As Enron continues to address the Human Capital Needs of the organization,=
=20
there are several changes in Enron=01,s Human Resources (HR) Organization I=
=01,d=20
like to share with you:

In Corporate Human Resources:

Brian Schaffer will lead the Office of Labor and Employment Relations=20
function, including Resource Management, Corporate Training activities, and=
=20
Workforce Development.

Mary Joyce will continue to have responsibility for Executive Compensation=
=20
and our Global Equity Plans. =20

Cynthia Barrow, in addition to Benefits, will be responsible for the=20
development of Work Life Programs across Enron. =20

Brad Coleman will be responsible for Analysis and Reporting, in addition to=
=20
the re-engineering of the HR Service Center. =20

Gerry Gibson will work closely",Work
symes-k/discussion_threads/3670.,Personal,sustainable living,"Hi Kate,
 I gave your work number to Rick North from the Northwest Earth Institute.
 We just finished an eight week discussion group in my office on ""Choices
for Sustainable Living"" and it was very interesting, eye opening. Thought
that with all you are learning about energy, you and some of your more
environmentally oriented co-workers might be interested in such a
discussion group.  I told him you would be changing jobs soon, and may not
have time to get anything started.  He suggested that you may know someone
else in your office who could help.  It's really quite important, this
business of sustainability.  I hope you can look into it.  Mom.",Personal
jones-t/online_trading/275.,Mailing List,EOL Credit Responses 12/9,"Please find attached Credit's EOL responses for 12/9.



Regards
Molly",Work
dasovich-j/all_documents/29284.,Mailing List,RE-SCHEDULE NOTICE - Western Government Affairs Meeting,"Dear All,

As a result of the recent volume of activity in Washington DC, with mediation 
proceedings, refund discussions and the need for key members of our team that 
need to attend these meetings, it has been decided to re-schedule the meeting 
of the Western Government Affairs group to Wednesday, September 12, in 
Portland, 10AM-5PM.

For those of you who had planned on attending, I am sorry to cause you this 
inconvenience.  Hopefully for those of you who wanted to attend, but 
couldn't, this will offer you the opportunity to participate on September 12.

Due to the volatility of policy related issues in our region, I would expect 
there may be some modifications to our current agenda below.  As these 
changes occur I will communicate this information to you.

Any questions or concern",Work
kean-s/archiving/untitled/6337.,Mailing List,Update -- Third Session -- Day 2 - TREASURY TAKES OVER FOR FERC,"High-level meetings took place between officials of the Clinto 
Administration, Governor Davis and other parties on Tuesday night (Ken Lay 
and Rick Shapiro attended for Enron). The parties agreed to continue the CA 
talks at Treasury and to suspend the FERC process.  The FERC chief judge and 
FERC staff attended the meetings at Treasury on Wednesday.  The Tuesday 
meeting is called the meeting of ""principals.""

Apparent   Process
Tuesday meeting gave two assignments to us.  
 (1)  Develop framework for auction for long-term contracts and resolving QF 
issues
 (2)  Develop framework for dealing with utility debt, including supplier 
""forbearance""

Long-term contracts--Attended by Sue Mara
 -- After much debate, divided into three subgroups:
  (a) Timeline/Implementation
  (b) Utility Needs",Work
kaminski-v/ut/18.,Work,RE: Energy Finance Conference participation -Feb 22-23,"Thank you. We look forward to having you here.

Sincerely,
Angela

**************
Angela Dorsey
Assistant Director
Center for Energy Finance Education & Research
The University of Texas at Austin
Department of Finance, CBA 6.222
Austin, TX 78712
angela.dorsey@bus.utexas.edu
**************

-----Original Message-----
From: Vince.J.Kaminski@enron.com [mailto:Vince.J.Kaminski@enron.com]
Sent: Wednesday, January 17, 2001 1:46 PM
To: Angela Dorsey
Cc: Vince.J.Kaminski@enron.com; Shirley.Crenshaw@enron.com;
vkaminski@aol.com
Subject: Re: Energy Finance Conference participation -Feb 22-23



Angela,

Thanks for your message. I shall be glad to attend the conference,
both days. I shall call Dr. Ronn to discuss my participation.

Vince Kaminski




""Angela Dorsey"" <Angela.Dorsey@bus.utexas.edu> on ",Work
hain-m/all_documents/798.,Work,Fwd: AP - Edison Creditor Secures Plant Lien,"Content-Transfer-Encoding: quoted-printable
Date: Fri, 16 Mar 2001 09:01:51 -0600
From: ""Tracey Bradley"" <tbradley@bracepatt.com>
To: ""Paul Fox"" <pfox@bracepatt.com>
Cc: ""Alfredo Perez"" <aperez@bracepatt.com>, ""Jeffrey Watkiss"" 
<dwatkiss@bracepatt.com>, ""Mark Evans"" <mevans@bracepatt.com>, ""Ronald 
Carroll"" <rcarroll@bracepatt.com>
Subject: AP - Edison Creditor Secures Plant Lien
Mime-Version: 1.0
Content-Type: text/plain; charset=US-ASCII
Content-Disposition: inline

Thursday March 15, 9:14 pm Eastern Time

Edison Creditor Secures Plant Lien

By LESLIE GORNSTEIN
AP Business Writer

LOS ANGELES (AP) -- Breaking away from a pack of creditors owed billions by 
Southern California Edison, Caithness Energy got permission Wednesday to 
secure a lien against one of the utility's plants.

The ju",Work
stclair-c/important_e_mails/5.,Work,Draft of ISDA Schedule and Enron Guaranty,"Carol,
I've just returned to the office after 6 months away, and have discovered
that we have not finalized the ISDA documents with Enron, nor the Guaranty.
Attached is the file which you emailed to us last year - I'm not sure if
there is a more updated version, so perhaps you can confirm. Also, please
forward to me Enron's most recent version of Paragraph 13 to the Credit
Support Annex, as we have not reviewed that document.

On review of the attached file received from you on January 9, 2001, I
provide the following comments:

Part 3 - delivery of documents, the part requesting Commercial Risks (Party
B4s) annual financial statements looks like it needs some clarification. It
appears that Enron wants to receive quarterly financials, however we only
publish annual statements as a privatel",Work
baughman-d/inbox/59.,Personal,RE: this is good,"Way to go Andrea!  I love the Urban Legends website.

-----Original Message-----
From: Andrea Walters [mailto:awalters96@yahoo.com]
Sent: Thursday, January 24, 2002 12:29 PM
To: Marc Stewart; 'Allison Damon'; 'Christine'; 'Don Baughman'; 'Donna
Wilkerson'; 'Eric Korth'; 'Glenda Rosales'; 'Heather Zubke'; 'Joy
Korth'; 'Kelly Warner'; 'Kevin Walters'; 'Lalena Stavinoha'; 'Lara
Tippett'; 'Lisa Mudd'; 'Lynette Zoch'; 'Matt Thiem'; 'Reagan&Mary
Marshall'; 'Reid Home'; 'Reid Work'; 'Scott Tichavsky';
AddressListTooLong-Suppressed
Subject: Re: this is good


This is false.  Go to this website for more info:

http://urbanlegends.about.com/library/blnorth.htm

Here's Ollie's response to this e-mail that's going
around:

""As you will note, the originator attributes to me
certain statements regarding",Personal
williams-w3/schedule_crawler/182.,Work,Start Date: 1/30/02; HourAhead hour: 13;,"Start Date: 1/30/02; HourAhead hour: 13;  No ancillary schedules awarded.  No variances detected. 

    LOG MESSAGES:

PARSING FILE -->> O:\Portland\WestDesk\California Scheduling\ISO Final Schedules\2002013013.txt",Work
beck-s/commoditylogic/12.,Personal,Assistants' Holiday Gifts,"Please consider contributing towards the gifts/gift certificates we as a team 
will present to Brenda, Maria and McKenzie.  I would like to have the money 
by COB Monday if at all possible.  Recognizing that many of the team members 
have been here for only a short period of time, may I suggest that those of 
us who have been here the longest contribute the most.  In previous years, 
teams I have been a part of have used the guidelines below.  Please consider 
these only as guidelines, and feel free to contribute whatever you feel is 
appropriate:

VP  $10.00/month you have been on the team
Sr Director $7.50/month you have been on the team
Director  $5.00/month you have been on the team
Manager $2.50/month you have been on the team
Others  always welcome.


All the best,

Tom",Work
kean-s/attachments/592.,Mailing List,Energy Issues,Please see the attached articles:,Work
semperger-c/sent_items/246.,Mailing List,,<Embedded Picture (Metafile)>,Work
kaminski-v/personal/171.,Personal,RE: Request for two powerpoint presentations from RISK 2000 confe,"I did not get the attachments.  It may be better to send to my home Email --
firewall issues.  My home email is
BRYSONPA@HAL-PC.ORG


Thanks

Allen

> -----Original Message-----
> From: Vince.J.Kaminski@enron.com [SMTP:Vince.J.Kaminski@enron.com]
> Sent: Tuesday, June 27, 2000 7:56 AM
> To: R-Allen.Bryson@usa.conoco.com
> Cc: Vince.J.Kaminski@enron.com
> Subject: Re: Request for two powerpoint presentations from RISK 2000
> conferenc e
>
>
> Allen,
>
> I responded to your message from home.
>
> Please, let me know if you did not receive the attachments.
> AOL malfunctions sometimes.
>
> Vince
>
>
>
>
>
> ""Bryson, Allen"" <R-Allen.Bryson@usa.conoco.com> on 06/26/2000 09:17:07 AM
>
> To:   ""'vkamins@enron.com'"" <vkamins@enron.com>
> cc:
> Subject:  Request for two powerpoint presentations fro",Work
haedicke-m/all_documents/4801.,Mailing List,"Enron Stock Drops Amid Concerns About Broadband Business, General","Today's IssueAlert Sponsors:=20


[IMAGE]



The IBM e-Energy Executive Forum =01) ""Personalization, Partnership, and=20
Profitability""


Designed for executives in the utility industry looking to leverage Custome=
r=20
Relationship Management in the competitive marketplace. Topics will focus o=
n=20
how process and technology can be leveraged to gain competitive advantage.=
=20
Featured speakers will include IT analysts, solution partners, IBM=20
executives, and customers including: John Goodman, President of e-Satisfy;=
=20
Richard Grimes, Director of CRM Energy Services; David Bonnett, Global=20
e-Energy Sales Executive, Siebel Systems.=20

www.ibm.com
[IMAGE]

Rapidpartsmart is the newest, most powerful online parts search engine in =
=20
the power industry. Rapidpartsmart is the compl",Other
dasovich-j/sent/1251.,Personal,"Re: Vacation, Sweet Vacation","Thank you so much.  Really sorry to bother you so much.



	Michelle Hargrave@ECT
	12/04/2000 04:19 PM
		
		 To: Jeff Dasovich/Na/Enron@ENRON
		 cc: Mary Lessor/HR/Corp/Enron@ENRON
		 Subject: Re: Vacation, Sweet Vacation

Hello My Favorite Problem Child!! (Just kidding!)

You truly only have 27 hrs remaining.  What is confusing is the ""entitlement"" 
piece.  What that means that as of 7/1/00 you had 75 hrs remaining when we 
moved to SAP.  You begain the year with 126 hrs, took 51 hrs prior to 7/1/00 
leaving you 75 hrs.  After 7/1/00 you took 48 hrs leaving you with 27 hrs as 
your balance.  Hope this helps!

Mary - can you help Jeff with his deferral enrollment?  He apparently does 
not have that piece on his eHRonline.  He is way out in San Francisco and a 
really nice guy - can you hel",Work
pereira-s/all_documents/114.,Work,Re: Gas Daily Prices for Bazor Ridge,"Here are the Gas Daily prices for Sonat on the days of allocated flow:

10/12 --  101 mmbtu @ $5.135
10/20 --    62 mmbtu @ $5.02
10/24 --    63 mmbtu @ $4.81
10/25 --    52 mmbtu @ $4.835
10/26 --  377 mmbtu @ $4.64
10/27 --  371 mmbtu @ $4.60
10/28 --  538 mmbtu @ $4.475
10/29 --    84 mmbtu @ $4.475

Let me know if you need any more info.

Susan






Stevens_Hollister@eott.com on 11/06/2000 08:18:31 AM
To: ""Susan W Pereira"" <Susan.W.Pereira@enron.com>
cc: Dan_Cole@eott.com 
Subject: Gas Daily Prices for Bazor Ridge



Susan,

There was a small amount of gas sold from the Kahuna Gas plant in October.
I have spoken with Joe Casa with Enron and he is going to provide volumes.
Can you please provide me the October pricing or give me the name of
someone who can?

Thanks,

Stevens",Work
kean-s/archiving/untitled/8994.,Work,ATTACHMENT,Per your discussion with Steve.,Work
taylor-m/notes_inbox/987.,Mailing List,Electronic Transactions Agreement - revised,"Attached is a revised version of the ETA omitting the distinction between 
transactions on Match and transactions on Trade.   If Enron is the only party 
permitted to post product on Match, there is no need for the special rules 
that we drafted for what was previously a ""many-to-many"" matching site.  
However, we will need to develop a different set of GTCs for transactions 
that Enron closes on Match, since the products transacted on Match are not 
likely to be the type that lend themselves to Enron's standard GTCs.

      

Travis McCullough
Enron North America Corp.
1400 Smith Street EB 3817
Houston Texas 77002
Phone:  (713) 853-1575
Fax: (713) 646-3490",Work
lenhart-m/sent/29.,Personal,Re:,go to aimr.com,Work
guzman-m/notes_inbox/1658.,Work,DJ REPEAT:Cal ISO Board OKs Load Differentiated Price Caps,"---------------------- Forwarded by Carla Hoffman/PDX/ECT on 10/27/2000 07:08 
AM ---------------------------
   
	Enron Capital & Trade Resources Corp.
	
	From:  ""Pergher, Gunther"" <Gunther.Pergher@dowjones.com>                      
     10/27/2000 06:51 AM
	

To: undisclosed-recipients:;
cc:  
Subject: DJ REPEAT:Cal ISO Board OKs Load Differentiated Price Caps


12:54 GMT 27 October 2000 DJ REPEAT:Cal ISO Board OKs Load Differentiated
Price Caps
LOS ANGELES (Dow Jones)--The California Independent System Operator passed a
motion 13-10 late Thursday to implement load-differentiated wholesale power
price caps to be effective Nov. 3, 2000, or as soon after that date as
possible.
The cap would start at $65 a megawatt-hour for an off-peak load below 25,000
megawatts. The cap would increase to",Work
steffes-j/sent_items/754.,Mailing List,FW: MOU - Update,"Why have exit fees and limit to open enrollment?

Jim

 -----Original Message-----
From: 	""Scott Govenar"" <sgovenar@govadv.com>@ENRON [mailto:IMCEANOTES-+22Scott+20Govenar+22+20+3Csgovenar+40govadv+2Ecom+3E+40ENRON@ENRON.com] 
Sent:	Tuesday, August 21, 2001 5:06 PM
To:	Rick Shapiro; Steffes, James D.; Kaufman, Paul; Jeff Dasovich; Kingerski, Harry; Lawner, Leslie; Susan J Mara; Hedy Govenar; Bev Hansen
Subject:	MOU - Update

The following are some of the proposed amendments to SBX2 78, in concept.
The amendments were developed by the Administration and Assembly Democratic
leadership and have not been finalized, nor have they been run past the
Senate in full detail.  It is unlikely that the Assembly will take the bill
up this week.

Direct Access: SBX2 78 will contain the final DA provision",Work
sanders-r/ecogas/15.,Mailing List,Draft BOD Agenda for Tuesday's meeting,"See attached.  Please provide comments/feedback ASAP so final copy can be 
circulated as needed.",Work
king-j/deleted_items/160.,Personal,"Neil Anderson Devotional for Monday, June 18, 2001","N E I L   A N D E R S O N   D A I L Y   D E V O T I O N A L
             from Freedom in Christ Ministries

June 18

The Fleshly Person

I gave you milk to drink, not solid food; for you were not yet
able to receive it. Indeed, even now you are not yet able, for
you are still fleshly. (1 Corinthians 3: 2,3).

The spirit of the fleshly person is identical to that of the
spiritual person. The fleshly person is a Christian, spiritually
alive in Christ and declared righteous by God. But that's where
the similarity ends. Instead of being directed by the Spirit,
this believer chooses to follow the impulses of his flesh. As a
result, his mind is occupied by carnal thoughts and his emotions
are plagued by negative feelings. And though he is free to choose
to walk after the Spirit and produce the f",Other
lay-k/deleted_items/419.,Mailing List,Demand Ken Lay Donate Proceeds from Enron Stock Sales,"Louis Marcus
10408 1/2 N. Woodmere Rd.
Tampa, FL
marcus@arts.usf.edu

To Mr. Ken Lay,

I'm writing to urge you to donate the millions of dollars you made from selling Enron stock before the company declared bankruptcy to funds, such as Enron Employee Transition Fund and REACH, that benefit the company's employees, who lost their retirement savings, and provide relief to low-income consumers in California, who can't afford to pay their energy bills.  Enron and you made millions out of the pocketbooks of California consumers and from the efforts of your employees.

Indeed, while you netted well over a $100 million, many of Enron's employees were financially devastated when the company declared bankruptcy and their retirement plans were wiped out.  And Enron made an astronomical profit during",Other
horton-s/sent/101.,Personal,Re: Thanks Again!,I am glad that everything worked out.  Good luck in your new job!,Personal
lavorato-j/all_documents/177.,Personal,Re: John Lavorato Request,Call me,Work
mckay-b/all_documents/43.,Personal,Re: Lunch on Thursday??,"Greg: I will not be able to go to lunch with you, dinner is possible. I would 
suggest you wear a suit. I am not sure at this point who you will interview 
with, I should know soon. I will call you 8/23 to talk about Thurs. If you do 
not hear from me please call me (wk 853-7699, hm 972-1208).",Work
mann-k/all_documents/5677.,Mailing List,GE- World Hunger,"John:
I have reviewed the insurance article and would not mind recommending a few=
=20
minor changes but respect your wishes not to. However, I did find a couple =
of=20
places where it is definitely needed.

After speaking with a few marine experts at Wortham I have found our Hull &=
=20
P&I wording to be deficient [did this on another project]. I believe Clause=
=20
19.1.4 should be changed to the following recommended wording. You are=20
welcome to change the limit [$10 million] but I think the wording is more=
=20
appropriate for all agreements going forward.

Hull & Machinery and Protection and Indemnity Insurance. Seller shall ensur=
e=20
that if any owned or non-owned watercraft of any kind is used for performan=
ce=20
of the Work, Hull & Machinery and Protection and Indemnity insur",Work
haedicke-m/inbox/190.,Mailing List,2002 IT Systems Development Allocations,"Mark,
Please review the attached listing and advise if you agree to the projects and amounts listed as billings that Enron North America will receive in 2002 for support of these efforts. I'm at x30352 if you have any questions. Thanks!",Work
symes-k/all_documents/3008.,Work,More Unit Contingent Deals,"Les -
I received this list from the Confirms group this morning. Looks like they 
need quite a few unit names for confirmation purposes. But if I remember 
correctly, you didn't want these deals confirmed. Please let me know when you 
get a chance, and I can go through and either change them to ""no confirm"" or 
add the unit names. 

Thanks,
Kate
---------------------- Forwarded by Kate Symes/PDX/ECT on 04/02/2001 08:18 AM 
---------------------------


Kimberly Hundl@ENRON
04/02/2001 07:29 AM
To: Kate Symes/PDX/ECT@ECT
cc: Sharen Cason/HOU/ECT@ECT, Amy Smith/ENRON@enronXgate 

Subject: More Unit Contingent Deals

Hi Kate, 
The following are also unit contingent deals that we aren't able to confirm 
unless we have a unit name.
562211
564613
566060
566062
566069
566071
566077
566078
Thanks!
",Work
taylor-m/sent/828.,Work,Counterparty access to EnBank,"Justin - are the EnBank contracts physical or financial?  It seems to me we 
should use the same customer profiles - that is if the contracts are 
physical, then any counterparty which can trade physical UK gas should have 
access.  If the contracts are financial, then any counterparty that can trade 
UK derivatives should have access.

Mark
---------------------- Forwarded by Mark Taylor/HOU/ECT on 02/15/2000 11:47 
AM ---------------------------


David Forster
02/15/2000 10:14 AM
To: Justin Boyd/LON/ECT@ECT
cc: Frank L Davis/HOU/ECT@ECT, Mark Taylor/HOU/ECT@ECT, Dale 
Neuner/HOU/ECT@ECT 
Subject: Counterparty access to EnBank

Justin,

I am assuming that there is no reason from a legal perspective to restrict 
access to EnronOnline EnBank Auctions - so we will proceed with setting up 
t",Work
lavorato-j/sent/150.,Mailing List,Re: British Energy Hedge,"Rob 

Just to clear on our conversation.  I'm fine with the Sunoco transaction.",Work
guzman-m/all_documents/470.,Work,Start Date: 4/15/01; HourAhead hour: 14;  <CODESITE>,"Start Date: 4/15/01; HourAhead hour: 14;  No ancillary schedules awarded.  
Variances detected.
Variances detected in Energy Import/Export schedule.
Variances detected in SC Trades schedule.

    LOG MESSAGES:

PARSING FILE -->> O:\Portland\WestDesk\California Scheduling\ISO Final 
Schedules\2001041514.txt

---- Energy Import/Export Schedule ----
$$$ Variance found in table tblINTCHG_IMPEXP.
     Details: (Hour: 14 / Preferred:  12.00 / Final:  11.98)
  TRANS_TYPE: FINAL
  SC_ID: ECTRT
  MKT_TYPE: 2
  TRANS_DATE: 4/15/01
  TIE_POINT: PVERDE_5_DEVERS
  INTERCHG_ID: EPMI_CISO_LUCKY
  ENGY_TYPE: WHEEL



---- SC Trades Schedule ----
*** Final schedule not found for preferred schedule.
     Details:

  TRANS_TYPE: FINAL
  SC_ID: EPMI
  MKT_TYPE: 2
  TRANS_DATE: 4/15/01
  TRADING_SC: SETC
  PNT",Work
scott-s/_sent_mail/446.,Work,Omicron Curves,"CurveView Parameters

   Risk Type:   Price     (P)
   Source:   NG_OMICRON_1,2,3...etc
   Curve Type:  Volatility Percent   (VO)

---------------------- Forwarded by Susan M Scott/HOU/ECT on 11/28/2000 04:20 
PM ---------------------------


Susan M Scott
11/22/2000 10:08 AM
To: Nick Hiemstra/HOU/ECT@ECT
cc:  
Subject: Omicron Curves",Work
mann-k/sent/696.,Work,,"I won't be in Friday am, as I have a 900 appointment out of the office 
(another school visit - I hope we are almost done).

I don't know my travel plans yet.  I may ( or may not) be leaving today.  If 
not, I will be leaving tomorrow.  I don't need you to make any arrangements 
yet.

Kay",Personal
farmer-d/_sent_mail/539.,Work,Re:,got it,Work
giron-d/deleted_items/385.,Work,Enron In Action 11.19.01,"Enron in Action can be accessed through the new Community Relations web site at http://cr.enron.com/eia.html .  In this week's issue you will find out information regarding:

Enron Happenings 
Sponsor a Child - Win a Ticket to Cirqie du Solei

Enron Volunteer Opportunities
Saint Nicholas Needs Your Help!
Nutcracker Volunteer Opportunity
Camp Noah - Daycamp for Children Recovering from Disaster
Thanksgiving Volunteer Opportunity

Enron Wellness
Holiday Fashion Show & Luncheon
Weight Watchers

In addition, Enron in Action is available through a channel on my.home.enron.com.  To add this channel to your set-up click on the channels link at the top of the screen and under announcements check the Enron in Action box.  

If you wish to add an announcement to Enron in Action, please fill out the ",Personal
gang-l/sent_items/84.,Personal,RE: Schedule for March 21st,"Will do.  Hope alls well.

lisa

-----Original Message-----
From: kpeterso@epelectric.com [mailto:kpeterso@epelectric.com]
Sent: Wednesday, March 20, 2002 12:36 PM
To: Gang, Lisa
Subject: Re: Schedule for March 21st



Hi Lisa,

Could you do me a favor and add two names to the distribution list?

bthomp1@epelectric.com
bkilgore@epelectric.com

Thanks.

Have a good day!

Kathy


Kathy Peterson
El Paso Electric Company
123 W. Mills
El Paso, TX  79901
(915) 543-2039
(915) 521-4751 (fax)",Work
mann-k/discussion_threads/3603.,Mailing List,Delta Turbine,"Hello,
 Attached is the Delta turbine buyout amount for the closing on May 2. This 
is the amount that can be utilized in your prepayment notice that needs to be 
sent by 10 am EST on Monday April 30.

Have a great day,
Marcus

4 Turbines	Balance on 5/02/2001
Progress Payments	                 5,628.800 
Options I, J, Y	 included 
Option D	 included 
Engineering Fees	                     69.012 
Capitalized Interest	                    251.027 
Financing Fees from WLB	                    617.512 
E-Next Generation Financing Fee	                    196.355 
Total	                 6,762.706",Work
hernandez-j/all_documents/565.,Personal,Fwd: Prayer,"---------------------- Forwarded by Judy Hernandez/HOU/ECT on 08/04/2000 
08:56 AM ---------------------------


Angela Barnett
08/04/2000 05:54 AM
To: Regina Blackshear/Corp/Enron@ENRON, Angela Gill/NA/Enron@Enron, Sandra R 
McNichols/HOU/ECT@ECT, Leslie Smith/HOU/ECT@ECT, Judy Hernandez/HOU/ECT@ECT, 
Pamela Mitchell/HOU/ECT@ECT, Nikki Johnson/NA/Enron@Enron, Warren 
Perry/Corp/Enron@Enron, Derick Jones/Corp/Enron@Enron, Diane 
Salcido/Corp/Enron@Enron, Jorge Olivares/Corp/Enron@ENRON, Eve 
Puckett/Corp/Enron@ENRON, Judy Walters/HOU/ECT@ECT
cc:  
Subject: Fwd: Prayer


---------------------- Forwarded by Angela Barnett/HOU/ECT on 08/04/2000 
05:52 AM ---------------------------


Mary Westbrook <kittenkid_65@yahoo.com> on 08/04/2000 05:43:32 AM
To: Mabel Abrasley <mabel@abrasley.com>
cc: ",Other
baughman-d/enron_power/interviews/20.,Personal,RESUME,"Don, 
Tell me what u think of it, and if u want me to make any changes on it 
TIA
Jose C. Vulpes 
 <<resume.doc>> 
------ 
Attachments are virus free! 
This message has been scanned for viruses at the originating end by Nemx AV for MS Exchange Client 
        http://www.nemx.com/virus/home.html 

 - resume.doc",Personal
farmer-d/industrials/64.,Personal,Buyback deals expire,"Daren,
Julie Meyers sent me the list of buyback/sale/swing tickets
- I told her some expire 4/30/01 and asked if they were to be extended. 
She didn't have any knowledge of any being extended to May - do you know who to ask?
			undertake	sale		swing
Beaumont Methanol 	696599 		696585		696594
Union Carbide				699730
Valero			478227		454447
Valero			478230		454455
Valero			478229		454452


Thanks - Julie",Work
campbell-l/all_documents/554.,Mailing List,Red Rock/DEQ: pre-permit construct,"If the bottom line is being able to start critical construction activities as 
quickly as possible, rather than properly characterizing the type of permit 
revision, we have developed an argument, based on the Clean Air Act (which is 
the source for Arizona's air program), that would allow construction to 
commence shortly after notice, without the need for a permit. Of course, TWP 
has already submitted a permit revision application and would be willing to 
see this process through to completion as long as TWP could begin 
construction promptly and plan on beginning operation of the new equipment 
when the permit is finallly issued, presumably in the spring.

The argument goes as follows: under CAA sec 502(b)(10), 42 USC 7661a(b)(10),  
a state program needs to allowchanges within a permi",Work
hodge-j/sent_items/18.,Work,FW: Updated: Timing of Suspensions/Understanding each other's,"Debra:

Could you please attend this?

Thanks,

Jeff

 -----Original Appointment-----
From: 	Johnson, Cheryl  
Sent:	Thursday, October 04, 2001 10:29 AM
To:	Johnson, Cheryl; Hare, Bill D.; Lebeau, Maria; Rodriguez, Bernice; Kyser, Ruby; Brackett, Debbie R.; O'day, Karen; Lebrocq, Wendi; Denton, Rhonda L.; Hernandez, Elizabeth L.; Gupta, Sanjeev; Cheung, Cecilia; Nguyen, Margie; Lim, Francis S.; Husain, Karima; Jones, Tana; Hodge, Jeffrey T.; Nemec, Gerald; Dickson, Stacy E.; Richardson, Stacey
Subject:	Updated: Timing of Suspensions/Understanding each other's processes-Cont. 
When:	Monday, October 08, 2001 1:00 PM-2:00 PM (GMT-06:00) Central Time (US & Canada).
Where:	49C4

If anyone else in your area may want to attend, please forward.  Thanks.",Work
kaminski-v/credit/78.,Personal,RE: Meeting on the 20th of March,"FYI. 

Shirley (3-5290) is making travel arrangements for me.


It makes sense for all of us to stay in the same hotel, 
irrespective of individual travel arrangements


Vince


---------------------- Forwarded by Vince J Kaminski/HOU/ECT on 02/29/2000 
07:30 AM ---------------------------


""Rudy, Robert"" <Robert.Rudy@kmv.com> on 02/28/2000 08:20:10 PM
To: ""'Vince J Kaminski'"" <Vince.J.Kaminski@enron.com>
cc:  
Subject: RE: Meeting on the 20th of March


Dear Vince,

Thanks for your note.  I look forward to seeing you on the 20th.

We usually recommend our visitors to stay at the Park Hyatt on Battery
Street.  It's a 5 minute cab ride (or an easy 15 minute walk) to our
offices.  Should you decide to walk, it is important that you take Sansome
Street rather than Montgomery.  They are one b",Work
hayslett-r/sent_items/394.,Mailing List,RE: FW:,"I'll try
--------------------------
Sent from my BlackBerry Wireless Handheld (www.BlackBerry.net)",Work
jones-t/all_documents/2379.,Work,Re: Financial Interest in Commodity Futures Account,"Thanks for your response.  Yes, I I do need to know two things.  First, the 
group you are in, and then second, what products you are trading out of the 
account.  The Enron Trading Policy prohibits employees from trading in any of 
the products the company trades in.

Thanks!




	Frank Hayden@ENRON
	06/29/2000 01:04 PM
		 
		 To: Tana Jones/HOU/ECT@ECT
		 cc: 
		 Subject: Financial Interest in Commodity Futures Account

Tana,
Pursuant to an email from Mark Taylor, I am notifying you that I have a 
financial interest in a Commodity Futures Account.
Let me know if there is any additional information your require.
Thanks,
Frank",Work
lay-k/notes_inbox/424.,Mailing List,**PRESS RELEASE**3Q00 Sales and Earnings,"The attached press release was sent over PRNewswire at 6:00 a.m. today.

(See attached file: 3Q00 Sales and Earnings Release.doc)



 - 3Q00 Sales and Earnings Release.doc",Work
dasovich-j/all_documents/9469.,Mailing List,Pact With PG&E Eluding Governor,"Pact With PG&E Eluding Governor 
Power: Davis says obstacles include a debt that is double Edison's. Others 
cite an aggressive corporate culture as an impediment to state purchase of 
grid. 
By DAN MORAIN, NANCY RIVERA BROOKS, Times Staff Writers


?????WASHINGTON--As he attempts to finalize a settlement with Southern 
California Edison, Gov. Gray Davis said Monday that his effort to rescue a 
more recalcitrant Pacific Gas & Electric has been short-circuited by issues 
far more difficult than those raised by the state's other two ailing 
utilities. 
?????PG&E's debt could be as much as $8 billion, Davis indicated--twice the 
red ink of Edison, which Friday reached a preliminary agreement to sell its 
transmission lines to the state for $2.76 billion to pay off some of its 
staggering debt",Work
lokay-m/corporate/613.,Personal,ATTENTION: Downtown Club (MET) Members,"Payroll deductions and cost center billings for The Downtown Club (Met) memberships will terminate December 31, 2001.  Memberships will continue through a direct billing arrangement with The Downtown Club.  

As most of you are aware, Enron has maintained a valuable partnership with The Downtown Club for the past two years, and they have graciously offered the following for current and future members:  

	**********************************************************

The Downtown Club is pleased to continue to offer the preferred dues rates to current/former Enron employees.  The Downtown Club would like to assist you and keep you connected to the Downtown Community and help you maintain a healthy lifestyle during these challenging times.

Membership Offer:

1)     WAIVED Initiation Fee throu",Work
germany-c/all_documents/2564.,Mailing List,FINAL - JANUARY 2000 NEEDS,"Sorry if this is a duplicate - I don't remember if I sent this to you.
---------------------- Forwarded by Chris Germany/HOU/ECT on 12/27/99 09:39 
PM ---------------------------


pdrexel@columbiaenergygroup.com on 12/27/99 11:30:20 AM
To: Dan Junek/HOU/ECT@ECT, Chris Germany/HOU/ECT@ECT
cc:  
Subject: FINAL - JANUARY 2000 NEEDS



---------------------- Forwarded by Paul Drexelius/CES/ColumbiaGas on 12/27/99
11:36 AM ---------------------------


KIM NOVSEK BIZIK
12/27/99 10:48 AM

To: Morgan Sharifi/CES/ColumbiaGas@ColumbiaGas, Dale Ray
East/CES/ColumbiaGas@ColumbiaGas, Phil Villagomez/CES/ColumbiaGas@ColumbiaGas,
Darren Espey/CES/ColumbiaGas@ColumbiaGas
cc: Marianne Stiles/CES/ColumbiaGas@ColumbiaGas, Joanne
Swogger/CES/ColumbiaGas@ColumbiaGas, Noel Bartlo/CES/ColumbiaGas@ColumbiaGas,
",Work
dasovich-j/mba__macroeconomics/36.,Work,Section reading,"Hi everyone,

For this Saturday's section, I would like you guys to read (if you
haven't already) the article ""Restructuring gives Japan's workers
culture shock: Radical cuts by Nissan's French boss have wide
implications for Japan's jobs-for-life practices""

from the 11/3 Fin. Times.

Please think about how you might answer the following questions:

1. Should the government extend unemployment benefits to the laid off
workers from Nissan?

2. Why have Japanes companies paid younger workers less, and older
workers more, Does this policy make sense?

3. Should Nissan consider lowering the wages of some workers in order to
layoff fewer workers?

I have attached a word 6.0 version of the article.  Also please note
that section is in C135.

In addition I will try to discuss questions on Ghana,",Personal
smith-m/all_documents/81.,Personal,Re: testing....,"Sure, unless I'm on a flight.",Work
mann-k/discussion_threads/14.,Work,RE: Letter agreement,"Hi Brian,

Could you email me the MOU we are terminating?

Thanks,

Kay
---------------------- Forwarded by Kay Mann/Corp/Enron on 06/05/2000 10:06 
AM ---------------------------


jeffreye.smith@ps.ge.com on 06/02/2000 07:10:57 PM
To: Kay.Mann@enron.com, william.danaher@ps.ge.com
cc: Brian.D.Barto@enron.com, patricia.gonzalez@ps.ge.com 

Subject: RE: Letter agreement

Kay,
Here is a version of a ""letter agreement"" we came up with (2 pages).
Perhaps we can use the same company ID's that we are using in the contracts
themselves.  I will double check with our legal/tax/finance folks [Bill, can
you comment on this?]
Regards,
Jeff Smith
  
 <<Termination MOU.doc>> 

-----Original Message-----
From:   Smith, Jeffrey E (PS, CommOps) 
Sent:   Friday, June 02, 2000 6:46 PM
To:   Kay.Mann@enron.co",Work
saibi-e/inbox/150.,Work,MAPP (Monticello) Forced Outage,"Dear Power Outage Database Customer, 
Attached you will find an excel document. The outage contained within is a forced outage. Your daily delivery will still contain this outage. Any questions please let me know. Thanks. 
Greg Elliott 
IIR, Inc. 
713-783-5147 x 3481 
outages@industrialinfo.com 
THE INFORMATION CONTAINED IN THIS E-MAIL IS LEGALLY PRIVILEGED AND CONFIDENTIAL INFORMATION INTENDED ONLY FOR THE USE OF THE INDIVIDUAL OR ENTITY NAMED ABOVE.  YOU ARE HEREBY NOTIFIED THAT ANY DISSEMINATION, DISTRIBUTION, OR COPY OF THIS E-MAIL TO UNAUTHORIZED ENTITIES IS STRICTLY PROHIBITED. IF YOU HAVE RECEIVED THIS E-MAIL IN ERROR, PLEASE DELETE IT.
 - OUTAGE.dbf 
 - 012202.xls",Other
hyvl-d/sent/285.,Work,PSEG,"Gentlemen:

Here are the revised documents in both clean and marked form.  I made the 
requested change in the Term section.  That section defines a Early 
Termination as any termination prior to the end of 3 contract years.  As such 
no change was needed to the Buyer's Contract section.  Please call if you 
need anything further.  

        Thanks, Dan",Work
giron-d/_sent_mail/364.,Work,desk level summaries,"---------------------- Forwarded by Darron C Giron/HOU/ECT on 12/27/2000 
10:46 AM ---------------------------
   
	Enron North America Corp.
	
	From:  Kam Keiser                           12/27/2000 10:40 AM
	

To: Darron C Giron/HOU/ECT@ECT, William Kelly/HOU/ECT@ECT, David 
Baumbach/HOU/ECT@ECT
cc: Jeffrey C Gossett/HOU/ECT@ECT 
Subject: desk level summaries

could you please forward this to your intra-month book admins.
Thanks



The OA group has had many problems in the past with our desk level summaries 
and the break-outs between our books.  Some of the short names get cut off 
and it is hard to tell exactly what books they belong to.  Could you please 
make sure that the values are input on the correct lines, that there is only 
one line per desk and that there are no numbers witho",Work
lay-k/notes_inbox/428.,Mailing List,ENE Friday Peer Group Report,"Attached are the Friday peer group reports.
DO NOT UPDATE LINKS WHEN THE FILE IS OPENED!
Please call if you have any questions.



Investor Relations",Work
kaminski-v/sent_items/949.,Personal,RE: SFA individual registration,"Iris,

Congratulations.

Anne, please, include this info in Iris'  file



Vince

 -----Original Message-----
From: =09Mack, Iris =20
Sent:=09Monday, May 14, 2001 5:31 PM
To:=09Dupont, Anita
Cc:=09Crenshaw, Shirley; Kaminski, Vince J
Subject:=09FW: SFA individual registration

Hi,

=09Attached is an email from London confirming that my securities licenses =
have been successfully transferred from Banque BNP Paribas to Enron.

=09Please note in my files.

Thanks,
Iris

 -----Original Message-----
From: =09Russell, Julie =20
Sent:=09Monday, May 14, 2001 3:58 AM
To:=09Mack, Iris
Subject:=09SFA individual registration

Iris

I have just had  confirmation of your acceptance as a Securities and Financ=
ial Derivatives Representative by the SFA.  The confirmation document will =
be maintained on ",Work
allen-p/all_documents/233.,Work,Re: Notices,"Lucy,

I got your email.  I didn't have time to finish it.  I will read it this 
weekend and ask my dad about the a/c's.  I am glad you are enjoying
the job.  This weekend I will mark up the lease and rules.  If I didn't 
mention this when I was there, the 4th is a paid holiday for you and Wade.  
Have a good weekend and I will talk to you next week.

Phillip",Personal
jones-t/all_documents/4127.,Work,New York State Electric & Gas,"Please let me know if there are any legal issue for financial trades with New 
York  State Electric & Gas. 

Thanks,
Veronica Gonzalez",Work
parks-j/inbox/299.,Mailing List,FW: Retail Gas Book / Business,"To all,
I have asked Louis DiCarlo and Joe Parks to contact you to arrange to meet today to review the positions in the wholesale and retail gas books.

Greg/Pat, please pull the current positions (like you have done before) but for each month from the live, ITM counterparties

Scott/Dave/Jess, please do same for the portion of the retail gas book that is designated for retention (not the OTM positions or positions that have or will be rejected and terminated).  If necessary, consider setting up a separate book for the OTM positions.  Also, if you are not currently doing so, please start marking all retail curves at the locations that we have positions.  

Please forward the position information to Louis, Joe and Elena Chilkina as soon as possible, but no later than 12:00 Noon today.  If y",Work
delainey-d/_sent_mail/45.,Work,2001 ENA/EGM/EIM CUSTOMER SKI PROGRAM,"Dorie, I have to question the effectiveness of this program.  Over the years, 
it appears that more spots are being filled by Enron people then customers. 
The effectiveness of this forum from a customer point of view is 
questionable.  I vote to kill it.

Please forgive the approach - but I would like to provoke a discussion with 
my partners.

Regards
Delainey
---------------------- Forwarded by David W Delainey/HOU/ECT on 11/30/2000 
11:20 AM ---------------------------
   
	
	
	From:  Dorie Hitchcock                           11/30/2000 06:40 AM
	

To: Sylvia S Pollan/HOU/ECT@ECT, Robyn Zivic/NA/Enron@Enron, Andrew H 
Lewis/HOU/ECT@ECT, Geoff Storey/HOU/ECT@ECT, Martin Cuilla/HOU/ECT@ECT, 
Patrice L Mims/HOU/ECT@ECT, Kevin Ruscitti/HOU/ECT@ECT, Kelli 
Stevens/HOU/ECT@ECT, Tom Donohoe/H",Work
wolfe-j/saved_03/25.,Personal,RE: FW:,"I think that your letter is very eloquent,
but I cannot be with you right now.

When you say not to take for granted
the trust, companionship, and love that we
had established, I think that this is
what is hurting most. My trust in you
was really strained with the abortion issue.
I haven't enjoyed your companionship lately, and
although I love you, I cannot get along with
you. I think you have simply taken these
things for granted too long. I've been
a real partner for some time, you
just didn't notice.

I really need some time apart.
I am going to move on, please do the same.

Beth",Personal
whalley-l/sent/2.,Mailing List,RE: UK P/L,"What is the structured derivatives portfolio and what is in it?

----Original Message-----
   >From:      Richard Lewis/LON/ECT
   >To:          Greg Whalley/HOU/ECT@ECT
   >Cc:          John Sherriff/LON/ECT@ECT
   >Bcc:      
   >Subj:      UK P/L
   >Sent:     Thursday, December 07, 2000 6:23 AM
   >
   >Greg,
   >See note below for detail but here is the exec summary.
   >
   >We had a couple of big shifts on the curves yesterday which I want you to 
be aware of.  We wanted to put several major adjustments through on the same 
day.  The main moves are as follows:
   >
   >Increased gas volatility - we moved the curve up significantly for the 
first several years. Lose o16mm
   >Power Peaks down, off-peaks up across the whole curve.    Gain o10mm
   >
   >Because ""structured Derivatives",Work
saibi-e/inbox/127.,Work,Daily Outage Updates (excluding WSCC),"Hello Eric Saibi,

 This is an automated email delivery.  The following info is for
 tracking purposes only:

 Transaction: 0000202744
 Fulfillment: 00203618*00002
 Location   : 00006

 Industrial Information Resources, Inc.
 Customer Service Department
 (713) 783-5147


 - OUTAGE.dbf",Other
mann-k/all_documents/5501.,Work,Revised Documents,"Attached for your review are revised versions of the Amendments to the SPA 
and PDA and revisions to the Assignment of Interests.  Please note that these 
comments are being distributed to the whole group simultaneously and are 
subject to change.  Best regards.


Aaron P. Roffwarg
Bracewell & Patterson, LLP
South Tower Pennzoil Place
711 Louisiana St.
Houston, Texas 77002
(713) 221-1117 (Ph)
(713) 221-2184 (Fax)

CONFIDENTIALITY STATEMENT:
This information is intended only for the use of the individual or
entity to which it is addressed and may contain information that is
privileged, confidential, and/or exempt from disclosure under applicable
law.  If you are not the intended recipient, you are hereby notified
that any dissemination of this information is strictly prohibited.  If
you hav",Work
symes-k/all_documents/1687.,Personal,Leg 2 Update,"---------------------- Forwarded by Elliot Mainzer/PDX/ECT on 02/12/2001=20
08:50 AM ---------------------------
  =20
=09Enron Capital & Trade Resources Corp.
=09
=09From:  ""Winston Goodbody"" <wgoodbody@hotmail.com>                       =
   =20
02/11/2001 07:59 AM
=09

To: wgoodbody@hotmail.com
cc: =20
Subject: Leg 2 Update


Hi,

Here is my update from our second leg.  Not quite as thorough as the first
one I'm afraid, but we're going to be saving our better writing for venues
other than the web site.  Pictures should go up on the site soon.

http://ski.mountainzone.com/2001/yellowstone/html

Win

=3D=3D=3D

Greater Yellowstone Ski Traverse

Update for Leg 2: Cora to Jackson

The Unbearable Lightness of Skiing

By Win Goodbody

Joe and I were in good spirits after the first leg.  It wa",Personal
dasovich-j/notes_inbox/5814.,Work,"12 January 2001, TR Daily","--------------------------------------------------

Telecommunications Reports presents....

TR DAILY
January 12, 2001
--------------------------------------------------

PLEASE NOTE:  This electronic publication is copyrighted by
Telecommunications Reports International. Redistribution or
retransmission of any part of this electronic publication -- either
internally or externally -- is strictly prohibited. Violation will
be cause for immediate termination of your subscription and
liability for damages.  You may print out one hard copy for your
personal use. If you are interested in having this publication sent
to colleagues at your company, additional authorized recipients may
be added to your subscription for a fee. Call Subscriber Services
at (800) 822-6338, or send an e-mail to info@tr",Other
dasovich-j/inbox/441.,Mailing List,CALIFORNIA UPDATE - 10/02/2001,"For questions or comments regarding this report please contact G. Britt Whitman at ex:5-4014 or Kristin Walsh at ex:3-9510.

EXECUTIVE SUMMRAY
?	CPUC Settles Filed Rate Doctrine Case with SoCal
?	CPUC Kills DWR Rate Agreement, Davis May Reconsider Old Senate Bill
  

CPUC - SoCal Suit
In a closed hearing today, the California Public Utilities Commission voted 5-0 to settle its filed rate doctrine case with SoCal Edison.  The implications could save SoCal from an otherwise immanent bankruptcy, though bankruptcy remains a real threat.  Under the agreement, the CPUC has stipulated the following points, which have not yet been formalized by Administrative Law Judge, Ronald Lew:

?	The CPUC agrees to maintain a level of rates necessary for SoCal to pay off under-collect through 2003.

?	All sur",Work
dasovich-j/notes_inbox/12412.,Mailing List,Customer switching down/Enron mentioned,"Signups stood up? 
Jeff Felton 

Jul. 1, 2001 
Public Utilities Fortnightly 
Page 18 
Copyright (c) 2001 ProQuest Information and Learning. All rights reserved. 
Copyright Public Utilities Reports, Incorporated Summer 2001 

Online ease and access are an empty promise in a flawed market. CLAMOR OVER 
THE recent market exit of Utility.com, billed as the world's first Internet 
utility, was a wake-up call for the energy industry. That failure, along with 
the energy debacle in California, raises questions about the viability of the 
Internet as a vehicle for retail energy sales, enrollments, and fulfillment 
in particular, and of electric and natural gas deregulation in general. 

In the United States, though nearly 40 million customers (90 percent of them 
residential) are eligible to choos",Work
griffith-j/deleted_items/219.,Mailing List,SCS CLOSING NATURAL GAS OPTIONS STRADDLE UPDATE...HAVE A GOOD,- 1_18_02ON.xls,Work
kaminski-v/all_documents/3741.,Personal,Re: Requests for help,Thanks Vince.,Work
jones-t/all_documents/5559.,Mailing List,Counterparty Approval List for 11/20/00,"On Basin Electric Power Cooperative, Credit wants to open them up for power, 
but Leslie's records are showing they are not a FERC approved marketer.  If 
we want to open them for power, we're going to need the name and phone number 
of someone at the counterparty so we can talk to them about their FERC status.

For HS Energy Services, no change to my prior approval, which would have them 
open for all financial except Australian power.  (Also, shutting down 
Argentina gas...)",Work
lavorato-j/all_documents/1621.,Mailing List,PML,"FYI:  The PML valuation process resulted in incremental ""value"" which can be 
taken into income.  I told Juanita and Andrea that it would be ridiculously 
imprudent to take any more income.  Andrea and her analytics staff tend to 
agree with me but Delainey is on to it and will likely push to take it.  I 
told Ondarza and Delainey that I will not sign off on it.  Without my 
signature, Delainey may end up calling you.  ENA has a Q4 hole that Cliff is 
trying to fill.  The income that ENA may try to squeeze from PML is 
US$2-4MM.  

On a related matter, Paul wants to take over the Board responsibilities (and 
overall management) of the deal.  Paul is comfortable with the value 
recognized to date, and agrees with us that we should not take any more.  
Given the related income form energy ma",Work
kean-s/california/103.,Mailing List,California Update 5/09,"Please contact Kristin Walsh (713) 853-9510 or Britt Whitman  (713) 345-4014 
for questions.

EXECUTIVE SUMMARY
? California's Bond Inevitability
? Davis Faces Even Greater Financial Woes
? California's Creditor Status Debated by Court
? Windfall Profits Tax Bill (SB 1X/AB 128X) Passes Senate Vote, Davis 
expected to Sign Off

California Bond Battle
SB 31X passed the Senate today by a simple majority vote, initiating the 90 
day wait period on the revenue bonds issuance.  Sources indicate that 
contrary to media reports, a possible referendum on the SB 31X would be 
unlikely for Harvey Rosenfield to produce within 90 days due to insufficient 
funding.  He reportedly would need to raise $250,000 - $500,000 very 
quickly.  Sources believe that it is more likely that Harvey will attempt to 
s",Work
presto-k/deleted_items/1473.,Work,Your Approval is Overdue: Access Request for punit.rawal@enron.com,"This request has been pending your approval for  5 days.  Please click http://itcapps.corp.enron.com/srrs/auth/emailLink.asp?ID=000000000076650&Page=Approval to review and act upon this request.





Request ID          : 000000000076650
Request Create Date : 11/19/01 2:40:19 PM
Requested For       : punit.rawal@enron.com
Resource Name       : Market Data Kobra Basic Energy
Resource Type       : Applications",Work
kean-s/mckinsey_project/59.,Mailing List,Presentation,"Attached is the presentation on  ""Optimizing Enron's Internal/External 
Reputation Culture along with PRC Feedback & Survey results.",Work
ruscitti-k/sent_items/39.,Personal,RE: Anderson '96 Reunion - 4 weeks away!,"Steve,

Not a lot.  Just working and watching my company's stock get the
shit kicked out of it.  

I did get married last year, but everything else has been pretty quiet.
How 'bout yourself.  What have you been up to?  Who have you kept in 
touch with?

Kevin

-----Original Message-----
From: Steve Smith [mailto:smitter@smitter.com]
Sent: Monday, October 22, 2001 1:42 PM
To: Ruscitti, Kevin
Subject: RE: Anderson '96 Reunion - 4 weeks away!


Sorry you can't make it.  We'll miss ya!

What have you been up to lately?

-----Original Message-----
From: Ruscitti, Kevin [mailto:Kevin.Ruscitti@ENRON.com]
Sent: Monday, October 22, 2001 10:02 AM
To: smitter@smitter.com
Subject: RE: Anderson '96 Reunion - 4 weeks away!


Steve,

Hope everything is going well.  Unfortunately I won't be able to attend",Personal
carson-m/sent_items/71.,Personal,RE: Returned mail: see transcript for details,"-----Original Message-----
From: 	Mail Delivery Subsystem <Mailer-Daemon@postmaster.enron.com>@ENRON  
Sent:	Tuesday, October 09, 2001 3:15 PM
To:	Carson, Mike
Subject:	Returned mail: see transcript for details



>From one jail to another most likely!  the Astros just got their sphincters
riped off!!!!  Go Sox!

When are you coming to H-Town to have a cocktail??

MC

    -----Original Message-----
   From:   ""Britt, Michael J"" <Michael.Britt@Constellaion.Com>@ENRON
   Sent:   Tuesday, October 09, 2001 2:41 PM
   To:     'mcarson2@enron.com'
   Subject:  Yo

   Hey:

   What's you're Q4/Q5 associated-Craig, Co. off peak spread offer.  Just
   kidding.  I see you're branching out of entergy jail.  Giddy up.  Hope
   all
   is well.

   mjb



************************************************",Personal
arnold-j/all_documents/37.,Mailing List,Re: Vulcan Signs,"Heidi:

Please outline the Vulcan contract for Jeff and Jennifer.  They also have 
development questions as to their market capability of metals.  Please call 
Lenard at Vulcan and see what is the type, grade and volumes they purchase.  
We may be able to provide additional leverage to their purchases.

Thanks,

Craig
----- Forwarded by Craig H Brown/NA/Enron on 12/05/2000 07:03 AM -----

	Jennifer Medcalf
	12/05/2000 12:00 AM
		
		 To: Jeff Youngflesh/NA/Enron
		 cc: Colleen Koenig/NA/Enron@Enron, Craig H Brown/NA/Enron@Enron, Daniel 
Coleman/NA/Enron@Enron, Sarah-Joy Hunter/NA/Enron@Enron
		 Subject: Re: Vulcan Signs

Jeff,
Please investigate this company and see if there  are additional Enron 
products and services like metals that might be of interest.  They are a 
pretty small gas use",Work
shackleton-s/all_documents/2820.,Work,Re: Morgan Stanley - EnronCredit.com ISDA,"Edmund:  could you please identify the Morgan entity you are referencing?  
Sara
----- Forwarded by Sara Shackleton/HOU/ECT on 08/01/2000 08:02 AM -----

	Sara Shackleton
	07/26/2000 08:39 AM
		
		 To: Edmund Cooper/LON/ECT@ECT
		 cc: 
		 Subject: Re: Morgan Stanley - EnronCredit.com ISDA

Hi, Edmund!  Please identify the ENTIRE Morgan name, please.  We are 
negotiating with several of their entities.  Which type of trading?  Thanks.  
Sara



	Edmund Cooper
	07/19/2000 10:15 AM
		 
		 To: Markus Fiala/LON/ECT@ECT, Bryan Seyfried/LON/ECT@ECT, Paul 
Simons/LON/ECT@ECT, Michael R Brown/LON/ECT@ECT, Denis O'Connell/LON/ECT@ECT, 
Paul Chivers/LON/ECT@ECT, Rod Nelson/LON/ECT@ECT
		 cc: Sara Shackleton/HOU/ECT@ECT, James.Clarry@AllenOvery.com @ ENRON
		 Subject: Morgan Stanley - EnronCredit.com ",Work
fossum-d/all_documents/705.,Mailing List,MARKETING AFFILIATE RULE: Standard L Notice No. 23,"NOTE:  The e-mail transmitting the Twenty-third Revised List of Potential 
Marketing Affiliates
 should be revised to change the name ""Acadian Management LLC"" to ""Acadian
 Exploration LLC"".  (The list attached to that e-mail reflects the correct 
name.)",Work
taylor-m/sent/557.,Personal,Dead Horses,"Thanks for your note - hope you have time for a little fun while you're in SF 
- or at least some good food.

The Moorings said they should be able to put your part on the credit card if 
you want.  Their number is 800-535-7289; our contract number is 507645 and 
it's under my name.  The guy I talked to said he'll have to call during 
regular business hours when the bookkeeping department is open.  Each 
person's share is currently $905.33.  That includes one night in the Moorings 
hotel so will go down by 55.50 or so if you decide not to stay there at all.  
Beverages are covered by a separate payment.  I'll be glad to fax the invoice 
when you get a number for me.  If you want to send me your check, that's 
fine, or Bruce can do it - makes no difference to me.

Regarding ""connectedness,""",Personal
scott-s/notes_inbox/222.,Personal,A.Word.A.Day--dreary,"dreary (DRIR-ee) adjective

   1. Dismal; bleak.

   2. Boring; dull.

[Middle English dreri, bloody, frightened, sad, from Old English dreorig,
bloody, sad, from dreor, gore.]

   ""Where the mind is without fear and the head is held high
   Where knowledge is free
   Where the world has not been broken up into fragments
   By narrow domestic walls
   Where words come out from the depth of truth
   Where tireless striving stretches its arms towards perfection
   Where the clear stream of reason has not lost its way
   Into the dreary desert sand of dead habit
   Where the mind is led forward by thee
   Into ever-widening thought and action
   Into that heaven of freedom, my Father, let my country awake.""
   Rabindranath Tagore, Gitanjali.

This week's theme: words from poetry.

...........",Other
kean-s/all_documents/2040.,Mailing List,AAP Utilization Analysis as of 11/7/00,"Steve,
Attached is a copy of your group's latest AAP Utilization Analysis as of 
11/7/00.  Also attached is an explanatory memo of the report which can be 
used in the distribution of the report to your management team.  For 
comparison purposes, I have included the Utilization Analysis for 01/15/2000 
as well as the most recent Utilization Analysis.   

If you have any questions, you can call me at x37921 or Felecia Acevedo at 
x39815.

  

Regards,
Sandra",Work
salisbury-h/inbox/298.,Mailing List,Conflict of Interest Policy Mailing to Vendors,"Attached is a copy of a sample letter which we are sending to selected vendors of Enron Corp. and its subsidiaries as an additional step toward implementing our commitment to conduct our business affairs in accordance with the highest ethical standards.

We are sending you a copy of this letter so that you will be aware that your vendors will be receiving this letter and so that you will be reminded that Enron does enlist the cooperation of its vendors in adhering to its Business Ethics Policy.

We appreciate your efforts in contributing to an Enron work environment of which we can all be proud.

******************************************************************************************************************************

SAMPLE 
November ____, 2001
OFFICE OF THE CHAIRMAN
<<Headquarter_Nam",Work
neal-s/all_documents/7.,Personal,<<Concur Expense Document>> - Scott Neal,"The Payment status has changed on the following report:

Status last changed by: Marie Wallace
Expense Report Name: Scott Neal
Report Total: $8,673.63
Amount Due Employee: $8,673.63
Amount Approved: $8,673.63
Amount Paid: $0.00
Approval Status: Pre-Approved
Payment Status: Authorized


To review this expense report, click on the following link for Concur Expense.
http://xms.enron.com",Work
ruscitti-k/all_documents/222.,Mailing List,CES Daily March Requirements for 3/16 and after,"Here are the CES daily requirements.










Doug Kinney
Ph:  703-561-6339
Fax:  703-561-7317

 - 03-16-00 Daily volsAM.xls",Work
lay-k/inbox/603.,Personal,FW: Amory Lovins summary of energy project,"Ken,

Here is a three page summary of Amory Lovins project at the Rocky
Mountain Institute.  You recall you were going to have someone at Enron
look it over to see if you had any interest in supporting it.  Whoever
gets the task is free to talk with Amory, Kathleen Moazed at the Kirsch
Foundation and the Center for Innovative Policies, or me.

Mick
415-561-7732
Gordon and Betty Moore Foundation
-----Original Message-----
From: Kathleen Moazed [mailto:kmoazed@propel.com]
Sent: Wednesday, September 19, 2001 10:42 AM
To: Mick Seidl
Subject: Amory Lovins summary of energy project


Mr. Seidl --

Attached is the 3 page summary written by Amory.  I will send you the
one-pager we are working on for a Capitol Hill audience when we finalize
it, probably by the end of the day.

Steve's numbers are:
",Work
scott-s/sent_items/607.,Personal,RE: Whats up?,"hey...how's it going?

sorry i've haven't emailed in so long...things have been busy.  btw, matt did decide to take the job with UBS.

as for myself, i went back up to seattle last weekend for an interview with the other company i'd talked to up there.  they ended up offering the job so i'm in the process of deciding whether or not i want to take it...i have until the end of the month to make up my mind.  meanwhile, i'm checking out a bunch of other possibilities and seeing what turns up.  living at home has been interesting.  mom still insists on waking me up personally in the morning and harassing me at every turn.  still, the meals are great and it's kind of nice to be at home right now.

i'm flying to tennessee today to visit chuck and chris...i'm very excited to see their house and th",Personal
schoolcraft-d/deleted_items/158.,Personal,FW: REVIEW AND APPROVE  RONALD MATTHEWS  ITINERARY  FOR 05 NOV.,"Let Madeleine know ASAP about the arrangements.  We have a real cheap rate.  Let's not lose it.  I've talked to Rich J. and it's okay to start the PNM. meeting later.  They will supply lunch.  If you don't know, we have to take a shuttle to pick up the rental car.  Not like the old days at the terminal.

Ron M.

-----Original Message-----
From: Madeleine Cardoso [mailto:madeleine.cardoso@travelpark.com]
Sent: Tuesday, October 23, 2001 11:44 AM
To: Matthews, Ron
Subject: RE: REVIEW AND APPROVE RONALD MATTHEWS ITINERARY FOR 05 NOV.
TRAVEL


Ronald,

Please review the itinerary and let me know if I should issue the ticket.
Thank you,
Madeleine  
                                        AGENT MC/MC BOOKING REF YR274M
 
                                          MATTHEWS/RONALD
                  ",Work
dean-c/deleted_items/335.,Work,Change Controls/Questions for 10/31/01 call,"All, 
Below are the change controls that I have received for Wednesday's call.  
Please review these and be prepared to discuss Wednesday Morning. 
TIME:           10:00 AM 
PHONE:  800.430.8190 # 2894 
Concerning Change Control 2001-202, I have contacted Diana R. and she will make every effort 
to join us on Wednesday morning. 
                 
 <<ChangeControl2001-204.doc>>  <<ChangeControl2001-202.doc>>  <<Questions for Wednesday Call at 10_10-31-01.doc>> 
Dave Odle 
Retail Transaction Lead 
ERCOT The Texas Connection 
(512) 248-3948 
(512) 567-2329 Mobile 
dodle@ercot.com 

 - ChangeControl2001-204.doc 
 - ChangeControl2001-202.doc 
 - Questions for Wednesday Call at 10_10-31-01.doc",Work
ruscitti-k/deleted_items/49.,Work,FW: Freez Notis Presentation,"-----Original Message-----
From: Moore, Kevin G. 
Sent: Friday, October 05, 2001 6:45 AM
To: Rangel, Ina; Young, Becky; Brown, Kimberly; Hogan, Irena D.; Villarreal, Alexandra; Jones, Carmella; Coneway, Betty J.
Cc: Roberts, Mike A.; Bennett, Steve; Ryan, David; Stevens, Adam; Smith, William; Crenshaw, Shirley; Kaminski, Vince J
Subject: FW: Freez Notis Presentation
Importance: Low


 

                                                   
                        Freez- Notis  Presentation

                                                      Winter Outlook

 

When  : October  8th, 2001

Time   :  9:00 a.m.

Location  -  EB32C2

 

Please asst , inform your groups ........

more info...comimg soon.

                                           Thanks

                                       K",Work
sanders-r/all_documents/365.,Mailing List,m/v PACIFIC VIRGO - FREIGHT AND DEMURRAGE,"I may have sent this to you earlier, and if so, I apologize.  These are 
David Best's recommendations regarding ECT's position statement to 
Mitsubishi.  Please note his comments (in the second paragraph) regarding the 
wording in the second charter party and its effect on Mitsubishi's demurrage 
claim.  This position statement has not yet been sent out, pending completion 
of my internal Mitsubishi due diligence.  The only person I am still waiting 
on for comment is Walt Zimmerman of EOTT, and I expect to hear from him today.
  
         B.K.D.

----- Forwarded by Britt Davis/Corp/Enron on 08/04/2000 08:06 AM -----

	Julie.Bertschin@clyde.co.uk
	08/03/2000 09:30 AM
		 
		 To: Matthias.lee@enron.com
		 cc: britt.davis@enron.com, ngregson@wfw.com, eric.Tan@enron.com
		 Subject: m/v PACIFIC",Work
kitchen-l/_americas/esvl/37.,Mailing List,,"Delainey is everywhere.

He is working on Doug Gilbert Smith - Head of Ercot Power Trading.",Work
giron-d/inbox/172.,Mailing List,"FROM RAYMOND BOWEN, JR., Exec. V.P., FINANCE & TREASURER","To:		All Enron Employees

From:	Raymond Bowen, Jr.
		EVP, Finance & Treasurer

Subject:	Update on Employee Expense Reimbursement


Post-Petition Expenses

Effective immediately, the processing of expense reimbursement for business expenses incurred by employees after Enron Corp.'s Chapter 11 filing (after December 2nd) has returned to normal.  Expenses will be reimbursed promptly upon submission.  Employees should conduct business travel in the ordinary course of business as approved by direct supervisors.  New travel and entertainment guidelines regarding business travel and other employee expenses will be forthcoming.  In the meantime, please use discretion as you incur expenses.  All expenditures should be made with consideration given to Enron's current financial situation.

Pre-Petiti",Work
rogers-b/texas_b_school/18.,Personal,RE: Meeting!,"Hi Ben,

Many thanks for your thoughtful email and thoughtful visit.  It's very
important for everyone to put names with faces and to understand the nuances
of individuals' circumstances.

My colleagues and I very much appreciate your enthusiasm for the Texas
Business School and I wish you the best with the application process.

I hope to see you next fall.

Cheers,

Dave

-----Original Message-----
From: Benjamin Rogers [mailto:brogers2@ect.enron.com]
Sent: Thursday, February 24, 2000 8:25 AM
To: David.Jemison@bus.utexas.edu
Subject: Meeting!


David Jemison:

    Thank you for taking the time to meet with me last Friday afternoon.  I
really enjoyed meeting you and talking about the Texas Business School.  My
meetings with Professors' Brown, Titman and Ronn were extremely helpful with
reg",Personal
sager-e/inbox/532.,Personal,Happy New Year,"Hi Liz:  Are you available for lunch on Friday or one day next week?
Susan",Personal
kitchen-l/_americas/east_power/245.,Mailing List,TECO Update,"We received their redraft of the doc yesterday, it needed a lot of work.  We will return the draft on Monday morning.  We are combining the QSE contract into the Energy Management Agreement.  In addition, there is a master purchase agreement as well.  This results in quite a bit of legal work.  TECO indicated they are undermanned at this time and the turnaround will be slow. From a business concept standpoint we really don't have any ""deal killer"" issues.   I think we can get the deal done by the quarter's end at the latest and probably late next week.  But then depends on TECO's turnaround time.  Stuart Zisman and Mark Haedicke are going to meet with Lavo on Wednesday to talk legal risks associated with this deal and these types of deals.  I'll be there and I'll let you know the time in c",Work
love-p/deleted_items/302.,Personal,Happy Holidays From SportsLine Rewards!,"--____________________________Next
Content-Type: text/plain

Rewards Newsletter
December 20, 2001
Issue Number 33

Dear Phillip, here's how you can earn up to 10,000 points and more!

Dash into the New Year on a cheery note by racking up those Rewards points!
SportsLine Rewards is your FREE ticket to a happy holiday season where you
can enjoy the convenience of earning points right from your computer! So
say good-bye to the holiday hustle and bustle...and Reward yourself with an
early holiday present today!

*****************************************************************
To view the COLOR version of this newsletter, click here:
http://ww1.sportsline.com/links/click.cgi?5&4&2160008&/u/newsletters/121901.htm
*****************************************************************

Here are 5 EASY",Other
lenhart-m/deleted_items/271.,Personal,I'm in,"Tanya and I would love to join your little ski group party. We are In.

Tally so far:

Smokey
Bernie
Naquinham
CjRob
Rossta
LaTanya

anyone else?.....afraid of commitment?



Ross F. Berthelot
Underwriter
Commercial Real Estate
Ph:   (225) 332-4252
Fax: (225) 332-3154




This transmission may contain information that is privileged, confidential and/or exempt from disclosure under applicable law. If you are not the intended recipient, you are hereby notified that any disclosure, copying, distribution, or use of the information contained herein (including any reliance thereon) is STRICTLY PROHIBITED. If you received this transmission in error, please immediately contact the sender and destroy the material in its entirety, whether in electronic or hard copy format. Thank you.",Personal
scott-s/discussion_threads/89.,Mailing List,,"On April 9, 1999 the D.C. Circuit remanded FERC's dismissal of a Southern 
California Edison complaint alleging that SoCalGas had abused its market 
power in the secondary release market for pipeline capacity.  The Commission 
had decided that SoCal's compliance with the maximum tariff rate made any 
inquiry into such issues unnecessary and dismissed the complaint.  The Court 
concluded that the Commission's refusal to examine the market power issues 
raised by Edison was arbitrary and capricious, in view of the CPUC approved 
Interstate Transportation Cost Surcharge that permits SoCal to recover the 
difference between the price it paid for contracted interstate capacity and 
the price it received for release of any such capacity.  On March 30, 2000, 
the Commission issued a request that ",Work
ruscitti-k/all_documents/178.,Mailing List,CES Daily April '00 Requirements for 4/20/00 and after,"The attached file contains our daily volume requirements for  4/20  and  the
following day(s) as listed .    There are two  worksheets labelled as follows:

'Total Reqs':  Contains the volumes that CES is requesting from Enron at each
of the delivery points and dates indicated in the columns labelled ""NOM"".   
The
Enron schedulers will want to check this sheet to see how much gas is needed 
at
a specific point.   The AGL volumes are not timely and should be ignored until
further notice.    CES schedulers note:  the attached file is archived on
P:\Energy Ops\Enron\April_00\Daily\ *.xls, so you don't have to save a
duplicate copy elsewhere on the network.
'Daily Change' :  shows the change (increase +/decrease -) in the daily volume
needed from Enron at the designated citygate delivery point",Work
lokey-t/deleted_items/155.,Personal,*EMCA* Roof,"We used Rose (as in Ken Rose) Roofing at 713-682-1256.

How was yours and Pat's Christmas/New Year's, etc.???


------------------------ Yahoo! Groups Sponsor ---------------------~-->
Tiny Wireless Camera under $80!
Order Now! FREE VCR Commander!
Click Here - Only 1 Day Left!
http://us.click.yahoo.com/WoOlbB/7.PDAA/ySSFAA/NoOolB/TM
---------------------------------------------------------------------~->

To unsubscribe from this group, send an email to:
emca-unsubscribe@egroups.com

 

Your use of Yahoo! Groups is subject to http://docs.yahoo.com/info/terms/",Personal
mclaughlin-e/private_folders/corp_info_announcements/34.,Personal,XMS (Expense Management System),"Effective March 1, 2001 Enron North America (CO 0413) employees will begin=
=20
using XMS (Expense Management System) to process employee expense=20
reimbursements.

XMS is a web based employee expense reimbursement system which will provide=
=20
the following benefits;

? More timely reimbursements to employees
? User friendly Web access
? Ability for employee or designated administrative assistant to submit=20
expense reimbursement
? Greater efficiency and lower cost
? Efficiently integrated with the current SAP accounting system

This system will REPLACE our current manual expense reimbursement process. =
=20
All employee expense reimbursements for ENA employees submitted after March=
=20
1, 2001 should be done via XMS.=20

Following are details regarding system access, training and sup",Work
jones-t/notes_inbox/4240.,Mailing List,Re: PLEASE READ: Sonoco Products Company,"I did not see Sonoco on the attached document.  Nevertheless, we did resolve 
our dispute with them and have no issues on the trading desk with them 
outstanding.

Doug",Work
quigley-d/sent_items/145.,Personal,FW: fox-sports-nba-knicks[1].mov,"-----Original Message-----
From: 	""Zerilli, Frank"" <fzerilli@POWERMERCHANTS.COM>@ENRON [mailto:IMCEANOTES-+22Zerilli+2C+20Frank+22+20+3Cfzerilli+40POWERMERCHANTS+2ECOM+3E+40ENRON@ENRON.com] 
Sent:	Friday, July 27, 2001 8:54 AM
To:	'sharonzerilli@yahoo.com'; 'jarnold@enron.com'; 'Lew_G._williams@aep.com'; Dennis, Robert
Cc:	'Robert and Jeannine Votruba'; 'Stacey A. Hoey'; 'czerilli@lotus.com'
Subject:	fox-sports-nba-knicks[1].mov



 fox-sports-nba-knicks[1].mov

 - fox-sports-nba-knicks[1].mov",Personal
guzman-m/discussion_threads/764.,Personal,A Fond Adieu....,"Mornin' Mates,
Time is ticking and with every minute Big Ben puts forth, the time is drawing 
closer and closer to bid the Lande's farewell in a style that they are 
accustomed to......
Please join us for a bit of a gathering on Saturday, February 24th as the 
clock strikes 5, at 
16164 SW Parker Rd
Lake Oswego

We'll be que'n up the Barbe and welcome any contributions to the festivities!

  Directions:  Travel 5 South
Exit: #291 ""Carmen Drive   King City""
Left from off-ramp over freeway  
Take 2nd right, ""Lake Forest Rd""
Take 1st Left, ""Parker Rd""
approx 1/3rd down on right",Personal
rogers-b/personal/129.,Personal,RE: Request Admissions Package,"Thank you for your interest in the McCombs School of Business at the
University of Texas at Austin.  There is an electronic version of the
application currently available at our website:

http://texasmba.bus.utexas.edu

This version will expedite the admission process, as well as save you
postage fees.  The website also contains a wealth of information about
the Texas MBA.  If you do not have access to the Internet, please reply
here stating in the subject line ""SEND HARD COPY ONLY""  and in the body
request an application.

The University's graduate catalog is also available at the following
website:

http://www.utexas.edu/student/registrar/catalogs

Thanks again for your interest in our program, and please contact us if
you need additional information
Julia Hafener and Sean P. Maloney
Tex",Personal
love-p/sent/650.,Work,FINAL PHYSICAL TEMPLATE FOR FEBRUARY 2001,"Alright guys, here is the final version, try it in your P&L today.  Thanks.
PL

---------------------- Forwarded by Phillip M Love/HOU/ECT on 02/26/2001=20
10:23 AM ---------------------------

=09Gregory A Mausser
=0902/26/2001 09:32 AM
=09
To: Phillip M Love/HOU/ECT@ECT
cc: =20
Subject: FINAL PHYSICAL TEMPLATE FOR FEBRUARY 2001

Phillip,  Not sure why you did not receive last Thursday.  Can your group=
=20
bring the template into the P&L by end of day? =20

GM
---------------------- Forwarded by Gregory A Mausser/HOU/ECT on 02/26/2001=
=20
09:29 AM ---------------------------

=09Gregory A Mausser
=0902/22/2001 10:54 AM
=09
To: Darron C Giron/HOU/ECT@ECT, Phillip M Love/HOU/ECT@ECT, Kam=20
Keiser/HOU/ECT@ECT, David Baumbach/HOU/ECT@ECT, Patrick Ryder/NA/Enron@Enro=
n,=20
Kevin P Radous/C",Work
fossum-d/all_documents/72.,Work,Re: Follow-up: ET&S Employee Activity Committee,"Ann would like to be rotated off.  Thanks.  DF




Julie McCoy
01/24/2000 11:46 AM
To: Michel Nelson/ET&S/Enron@ENRON, Drew Fossum/ET&S/Enron@ENRON, Norma 
Hasenjager/ET&S/Enron@ENRON
cc:  

Subject: Follow-up: ET&S Employee Activity Committee


Message per Mike McGowan:

Good morning.

In early January, Mike McGowan requested you to review the current listing of 
ET&S Employee Activity Committee members and to determine if the member(s) of 
your staff would like to remain on the committee or be rotated off.  Please 
inform me at your earliest convenience regarding their status of membership 
on the committee.

ET&S Employee Activity Committee
Martha Benner - Drew
Marsha Dorris - Norma
Stephanie Korbelik
Laura Lantefield
Bruce Martin - Mike
Julie McCoy
Virginia O'Neill
Ann Smith - Drew
Rob",Work
lokay-m/all_documents/845.,Mailing List,Operational Notes,"Kern River discovered a mechanical problem with an oil seal at the Fillmore 
Compressor Station in Utah. Fillmore will be inoperable while repairs are 
made Nov. 30, but no impact to firm capacity is expected. However, 
interruptible capacity will be reduced as necessary for the Nov. 28-29 gas 
days and will not be available Nov. 30.

Northwest noted that despite putting its system into entitlement and issuing 
a realignment OFO, primary scheduled volumes through Kemmerer (WY) Station 
remain greater than physical capacity. Therefore, starting today the pipeline 
is invoking a ""must-flow OFO"" provision of its tariff. Until further notice, 
shippers with primary corridor rights southbound through Kemmerer are 
required to flow up to 10% of their contract demand from receipt points north 
of",Work
beck-s/_sent_mail/408.,Work,Mid Year Energy Operations PRC Meeting,"Our mid year PRC meeting will be held Monday, June 19, at the Doubletree's 
Grainger ""B"" room.   Please plan to be there to start the meeting at 8:00 AM, 
with a continental breakfast available starting at 7:30.  We will take the 
time necessary to do a good job, but will also try to be time efficient.  
Patti has lunch and snacks ordered, so I would hope to be finished sometime 
in the afternoon.    

I am broadening the Energy Operations PRC committee beyond my direct reports 
to also include all directors in the organization.

I look forward to everyone's participation and will be sending out more 
information later.  Included below are the attendees for the meeting. 



		PRC Attendees
Energy Operations	HR 	Outside 
Kristin Albrecht	Sheila Walton	Wes Colwell - Business Analysis & Repor",Work
zipper-a/tradecounts/20.,Mailing List,"Trade Count and Volumes for May 08, 2001","EnronOnline
Trade Counts and Volume for May 08, 2001 

			EXTERNAL		INTERNAL		TOTAL			
COUNTRY	COMMODITY	CATEGORY	COUNT	QTY	COUNT	QTY	COUNT	QTY	UNIT OF MEASURE	
Austria	Power	Physical	            18 	                18,185 	          -   	                        -   	            18 	                18,185 	MWh	
Belgium	Natural Gas	Physical	            13 	           2,080,000 	          -   	                        -   	            13 	           2,080,000 	MMBtu	
Canada	Natural Gas	Financial	              3 	           1,980,000 	           1 	              218,500 	              4 	           2,198,500 	MMBtu	
Canada	Natural Gas	Physical	          245 	         15,504,082 	          -   	                        -   	          245 	         15,504,082 	MMBtu	
Canada	Power	Financial	      ",Work
gilbertsmith-d/ercot/puc/2.,Personal,One more question,"Doug:
Thank you for meeting with us on Friday, that was a very informative
meeting.  We really appreciate that you took the time to come to the
Commission and meet with us.  I hope you will be able to send me the code to
access Enron Online soon, it will be most useful to me if I can get it
before the end of this week.  I have one additional question for you:  If a
REP wanted to hedge against market price risk or volume risk and approached
you to get a sense of the cost of hedging these types of risk, what
information would you give that person to help him assess the cost of
hedging his risk?  What are some of the variables, and what are some
strategies to mitigate risk while keeping costs at a minimum?  I think you
mentioned a couple of interesting strategies when we met, if you could go
",Work
taylor-m/online_trading/credit_derivatives/87.,Mailing List,Credit GTC,"All,

I have looked over the U.S. credit GTC and the long descriptions. I see we 
have decided to go with quarterly billing, rather than monthly. Will the 
payment/collections cycle cause any heartburn for the back office?

I didn't spot any problems with the long descriptions.

A few relatively minor comments on the GTC's - which you may or may not want 
to consider:

- Clause 2.(e) (i) (1) - Does this clause preclude us from doing business 
with banks or other financial institutions? Could we append: ""with regard to 
the Transaction""?

- What happens if a Rep or Warranty is broken? Does that constitute 
sufficient breach to terminate the contract? I'm thinking specifically about 
sleeving, which is perhaps covered by Clause 2(e)(ii)(1)? I still think that 
sleeving is one of the most sig",Work
white-s/deleted_items/246.,Mailing List,RE: information for the creditors committee,"kristin, are you able to pull any of this?

 -----Original Message-----
From: 	Evans, Casey  
Sent:	Wednesday, January 16, 2002 3:18 PM
To:	Wilson, Shona
Cc:	White, Stacey W.
Subject:	RE: information for the creditors committee

Shona,

Please let us know what information for Power you are not able to obtain from other sources, and we will proceed with pulling the information.  We are currently overloaded with requests from both the estate side and the netco side so we would not be able to fulfill the entire request immediately.

Thanks.
Casey 
 -----Original Message-----
From: 	Wilson, Shona  
Sent:	Wednesday, January  16, 2002 1:49 PM
To:	Albrecht, Kristin; Mills, Scott; Gossett, Jeffrey C.; White, Stacey W.; Keiser, Kam; Evans, Casey; Vinson, Donald Wayne; Stevens, Martha; Glover, Sheil",Work
skilling-j/all_documents/1279.,Mailing List,Managing Director and Vice President Elections,"The Managing Director PRC Committee met this week to elect individuals to=
=20
Managing Director and Vice President positions.  These employees are=20
recognized as outstanding contributors to the organization, whose individua=
l=20
efforts have been instrumental in the continued success and growth of the=
=20
company.  We are pleased to announce the election of the following new=20
Managing Directors and Vice Presidents.  Please join us in congratulating=
=20
these individuals on their new appointments.

Managing Director =01) Commercial

Phillip K. Allen, ENA (EWS) West Gas Trading - Houston
Franklin R. Bay, EBS Entertainment on Demand - Houston
Timothy N. Belden, ENA (EWS) =01) West Power Trading - Portland
Michael R. Brown, EEL =01) Executive - London
Christopher F. Calger, ENA (EWS) W",Work
scott-s/sent_items/418.,Work,FW: just got word,"-----Original Message-----
From: 	Scott Charles <cscott_korea@yahoo.com>@ENRON [mailto:IMCEANOTES-Scott+20Charles+20+3Ccscott+5Fkorea+40yahoo+2Ecom+3E+40ENRON@ENRON.com] 
Sent:	Tuesday, September 11, 2001 7:10 PM
To:	ChuckSally Scott; Pete Williams; Wilbur and Betty Williams; Kristi and Mike Oldham; Kristi K. Oldham; Mike Oldham; Jason Santamaria; Susan Scott; Derek Tonya Lehr; Bradley Matthews; Monique Scott Norman; Scott Norman; Travis Kelley; Trey Branstetter; Jay Brown; Christine Carbo; Calvin Dockery; Heather Dockery
Subject:	just got word


Hey, we just got word that all permanent change of station moves have been suspended.  That probably means that we will not be able to leave Korea tomorrow as scheduled.  No word on when that may change, but we will keep you posted.
-Chris and Chu",Personal
farmer-d/discussion_threads/95.,Mailing List,HL&P flow,Janet.  Attached are the most recent numbers.,Work
lokay-m/corporate/651.,Personal,WorldCom Conferencing Documents,"Date:		February 26, 2002

To:		Enron Global Distribution

From:		Derryl Cleaveland, Sr. Director Global Strategic Sourcing

Subject:	Audio Conferencing Provider 


Enron has selected WorldCom Conferencing as our sole conferencing provider.  Under a recently signed national contract, all Enron locations can utilize WorldCom for their conference calling needs at a substantial savings when compared to other conferencing providers.

The favorable pricing supplied to us by WorldCom Conferencing gives us a significant reduction in our conference call per minute rate, providing beneficial savings to our company.  In order to achieve these savings, it is critical that all Enron employees start, or continue, to use WorldCom for all your conferencing needs.

If you are currently using another compan",Work
kitchen-l/_americas/netco_hr/14.,Mailing List,Re: I know its annoying but,"Can you be nettelton kitchen?
--------------------------
Sent from my BlackBerry Wireless Handheld (www.BlackBerry.net)


-----Original Message-----
From: Kitchen, Louise <Louise.Kitchen@ENRON.com>
To: Oxley, David <David.Oxley@ENRON.com>
Sent: Sun Feb 03 19:54:58 2002
Subject: I know its annoying but

My contract is in Kitchen and I have done the drugs test, benefits etc in Nettelton.  can you sort - thanks.

Louise Kitchen
Chief Operating Officer
Enron Americas
Tel:  713 853 3488
Fax: 713 646 2308",Work
farmer-d/all_documents/1102.,Work,Eastrans Nomination change effective 8/8/00,"Please decrease deliveries to Eastrans to 0 MMBtu/dy for 8/8/00

The redeliveries will be 0 as well.

 The over-delivery quantity for the Fuels Cotton Valley gas will be valued per
paragraph 3 of the Contract Price section in the Transaction Agreement.",Work
parks-j/inbox/276.,Mailing List,FW: PPEP - Williams Gas Supply Issues,"So that we're all on the same page, Mike was successful with Williams.  We =
have an invoice in hand for a $2,290,500 that covers the prepayment on Apri=
l volumes.  This has bought us some time on the November payment and L/C is=
sues.  At Rob Traband's request, information that JP Morgan needs to get co=
mfortable with the L/C waiver amendment/agreement was sent over this aftern=
oon (i.e., arbitration pleadings and ""default"" correspondence between PPEP =
and Brazos, all of which has already been provided to JP Morgan, New York).

RH

 -----Original Message-----
From: =09Hill, Garrick =20
Sent:=09Tuesday, March 26, 2002 1:44 PM
To:=09Mazowita, Mike; Parks, Joe; Vos, Theresa; Herrmann, Karen; Dhont, Mar=
garet
Cc:=09Bills, Lisa; Ward, Charles; Lyons, Dan; Sylvia Baker (E-mail); John B=
. ",Work
germany-c/sent_items/1347.,Personal,RE: Are you okay,"I'm cool.  How are  the kitties?  Ingrid is starting to expand, of course she's not as big as me yet.


 -----Original Message-----
From: 	""Veselack, Joni"" <joni.veselack@neg.pge.com>@ENRON  
Sent:	Friday, November 09, 2001 2:03 PM
To:	Germany, Chris
Subject:	RE: Are you okay

You broke the code!!!! Evil Empire is letting you communicate!!

ARe you okay???

-----Original Message-----
From: Germany, Chris [mailto:Chris.Germany@ENRON.com]
Sent: Friday, November 09, 2001 2:42 PM
To: joni.veselack@neg.pge.com
Subject: RE: Are you okay


Does this email still work or is Enron trying to control all info in and
out of the building?

>  -----Original Message-----
> From: 	Germany, Chris
> Sent:	Thursday, November 08, 2001 4:11 PM
> To:	'""Veselack, Joni"" <joni.veselack@neg.pge.com>@ENRON'
> Subject",Personal
symes-k/power_marketer/7.,Work,PowerMarketers.com Daily Power Report for 18 December 2000,"Attention POWER REPORT Readers: Go to 
http://www.powermarketers.com/prdaily.htm to view today's edition with direct 
headline links to each story.]

======================================================================
The Industry's Preferred Source For Breaking Energy News And Information
http://www.powermarketers.com
----------------------------------------------------------------------
T H E P O W E R M A R K E T E R S .C O M P O W E R R E P O R T

Today's Headlines From POWERMARKETERS.COM

Subscriptions to The PowerMarketers.com Power Report are free - you will 
never be charged.

You may redistribute this e-mail without change. You may not redistribute 
stories.

To register for a free subscription, point your browser to: 
http://www.retailenergy.com/pma/dprreg.htm

***************",Other
symes-k/deal_communication/deal_discrepancies/874.,Work,4/27 Checkout,"BLOOMBERG

Mark Fischer
deal 595043
Should the cp be Williams because Bloomberg shows a deal identical to this 
however, the cp is Williams and we do not have a deal for Williams like this 
deal.



PREBON WEST

I am missing

Mike Swerzbin:
Buys Duke Q2'02 SP-15 at $102 peak hrs

Tom Alons:
buys Aquila May Palo Verde  at $315



AMEREX WEST
I am missing:

MIke Swerzbin:
1) Enron buys BP 25mw June Palo at $415
2) Enron buys Duke 25 mw Q4'02 COB $105",Work
bass-e/deleted_items/139.,Personal,CNN Breaking News,"-- Christian Longo, on the FBI's 10 Most Wanted List in the murder of his family in Oregon, arrested in Mexico.
Watch CNN or log on to http://CNN.com /AOL Keyword: CNN for the latest news.

********** Exclusive CNN Video ************************************
Watch the day's top stories with CNN's Quickcast. This constantly
updated Web exclusive newscast and more CNN video is only available
with RealOne. Learn more: http://www.cnn.com/quickcast/bnews
*******************************************************************

To unsubscribe from CNN.com's Breaking News E-Mail Alert, log on to:
http://cnn.com/EMAIL/breakingnews.html, go to http://cnn.com/email to
sign up for additional e-mail products

(c) 2002 Cable News Network, Inc.
An AOL Time Warner Company



CNN Interactive email id:4534093402",Other
sanders-r/all_documents/629.,Personal,Jeff Gorman,"Richard, I am attaching the resume of my friend, Jeff Gorman, who desires to 
return to practising law after some time managing a travel services company 
based in Dallas.    If  you have any interest, please let me know or feel 
free to contact Jeff.  Thanks.  

Rich Freed",Work
scott-s/inbox/16.,Personal,celebrating the Army's birthday,"Celebrating the Army's Birthday! Chuck, and the other soldiers in Korea report that their morale is much improved by the change in headgear.  
 

Do You Yahoo!?
Yahoo! Buzz Index - Spot the hottest trends in music, movies, and more .
 - beret.jpg",Personal
tholt-j/janie/33.,Work,Re: December Gas,"Jane, I have a few issues with SWG per their email below.

1.  SWG says the price on Sitara 518455 (Day 7) should be $9.50 instead of 
$9.55.  If this is correct, could you please change the price in Sitara?
2.  On Sitara 386140, SWG says that the trigger amount should be calculated 
on the physical volume, not the scheduled volume.  Can you please let me know 
which is correct and adjust in Sitara if necessary?

Also, SWG will be shorting ENA $198,026.60 for liquidated damages on contract 
96003533.  Would you like me to fax the backup to Patti Sullivan as I did 
last month?

I have one last question for you on contract 96003533.  For November and 
December gas, SWG is paying on the last day of the month versus the 25th.  I 
checked the contract and it does confirm this information.  Howe",Work
kaminski-v/sent/896.,Personal,RE: FW: Re: Valuation,"Steve,

I was delayed on my wait out. I probably hit the stop at
6:15.

Let me buy you a coffee this afternoon. What about 2:00?

Vince


From: Stephen Stock/ENRON@enronXgate on 01/24/2001 08:13 AM
To: Vince J Kaminski/HOU/ECT@ECT
cc:  
Subject: RE: FW: Re: Valuation

Vince,

I was at the bus-stop from 5:50 to 6:10 ish, assumed you had been delayed and 
jumped on the next Research Forest bus that came along.

I hope you didn't wait around for me?

regards

Steve

 -----Original Message-----
From:  Kaminski, Vince  
Sent: Tuesday, January 23, 2001 5:28 PM
To: Stock, Stephen
Subject: Re: FW: Re: Valuation

Steve,

Around 6:00 p.m. 

Vince


From: Stephen Stock/ENRON@enronXgate on 01/23/2001 05:26 PM
To: Vince J Kaminski/HOU/ECT@ECT
cc:  
Subject: FW: Re: Valuation

Vince,

I'm in all this we",Work
kean-s/archiving/untitled/1788.,Work,Re: Annual Meeting Q&A,"Currently an announcement is scheduled for mid may so there may be more 
public information available then.  In the meantime, I would answer the 
question as follows: Enron will continue to focus its attention on the 
commercial, light manufacturing and industrial end user markets. Enron 
continues to explore opportunities to serve the residential market and we 
believe that the market presents opportunities that were not available even a 
couple of years ago (for example, the  rising acceptance of online purchasing 
by consumers presents low cost customer acquisition and account management 
possibilities that didn't exist when Enron last moved into residential 
markets). We believe, however, that the residential market opportunity is 
best pursued through a separate entity outside of Enro",Work
hernandez-j/inbox/205.,Work,New Options Model,"---------------------- Forwarded by Tamara Jae Black/HOU/ECT on 05/22/2001 04:18 PM ---------------------------
From:	Steve Wang/ENRON@enronXgate on 05/22/2001 04:17 PM
To:	Tamara Jae Black/HOU/ECT@ECT
cc:	 
Subject:	New Options Model

Meeting on May 30 at 3:30pm regarding the new Option Model we (Steve Wang, Harry Arora, and Rob Stalford) use to make markets.  The old structuring model was created for marketer to give indicative pricing.  I have created this model especially for option market making.  As market makers we found the old model too slow as we are often making bid/offers in more than five strikes in more than five different months.  This model allows us to make our markets quicker and identify mispricings in the market before our competitors.  This is not to replace the old st",Work
crandell-s/inbox/21.,Mailing List,FW: BPA Termination Notice,"Sean,

Have you heard of this yet?  I am assuming it impacts your planned deliveries.

Steve

 -----Original Message-----
From: 	Baughman, Edward  
Sent:	Tuesday, January 29, 2002 6:44 AM
To:	Delainey, David W.; Dietrich, Janet; Rasmussen, Dale; Murphy, Harlan; Thome, Stephen; Brysch, Jim; Wax, Brandon
Cc:	Miller, Don (Asset Mktg); Racicot, Paul
Subject:	BPA Termination Notice

This morning I received a termination notice from BPA. Effective 2/1/02 BPA is terminating contract numbers 97PB-10123 and 98PB-10227. Both have one way payment provisions. Harlan Murphy is checking the effectiveness of their
notice. We need to make adjustments to west power schedules as soon as Harlan confirms termination validity.",Work
kean-s/archiving/untitled/939.,Work,,"EPA Comments on Combined Cycle turbines - Marc Phillips submitted Enron's 
comments to EPA regarding their guidance document on control requirements 
during permitting of combined cycle turbines. Enron supports EPA's 
flexibility in considering control options other than SCR when determining 
the control requirements.

TNRCC Comments on Houston Non-attainment Regulations - Marc Phillips is 
preparing Enron's comments to TNRCC regarding their proposed regulations for 
the Houston Non-attainment area. Enron will be supporting the Business 
Coalition for Clean Air (BCCA) comments, but will have additional comments on 
the cap and trade program and engine control requirements. The draft comments 
will be circulated on Friday for submittal on Monday.

TNRCC Inspection of Mont Belvieu facility -",Work
shackleton-s/sent_items/340.,Work,San Diego Gas & Electric,"Remember your ""Star Gas Propane"" chart?  We need this for the above party who would like to settle with.  
Call when you have a chance.  

Sara Shackleton
Enron Wholesale Services
1400 Smith Street, EB3801a
Houston, TX  77002
Ph:  (713) 853-5620
Fax: (713) 646-3490",Work
kaminski-v/all_documents/4689.,Personal,,"My phone number is 713 853 3848.

Vince Kaminski",Work
rodrique-r/sent/273.,Work,Lagrasta Origination,"---------------------- Forwarded by Robin Rodrigue/HOU/ECT on 01/10/2001 
03:38 PM ---------------------------


Jeffrey C Gossett
01/10/2001 11:39 AM
To: Robin Rodrigue/HOU/ECT@ECT
cc:  
Subject: Lagrasta Origination


---------------------- Forwarded by Jeffrey C Gossett/HOU/ECT on 01/10/2001 
11:38 AM ---------------------------


Jeffrey C Gossett
01/10/2001 11:39 AM
To: Timothy M Norton/HOU/ECT@ECT, Matthew Condon/NA/Enron@ENRON, Tracy 
Beardmore/NA/Enron@Enron, Joyce Kuo/NA/Enron@Enron, Stewart 
Range/NA/Enron@ENRON, John Swinney/HOU/ECT@ECT, Michelle 
Nelson/Corp/Enron@ENRON, Jeremy Mills/Corp/Enron@ENRON, John D 
Postlethwaite/CAL/ECT@ECT, Casey Evans/Corp/Enron@Enron, Valarie 
Sabo/PDX/ECT@ECT, Kam Keiser/HOU/ECT@ECT, Darron C Giron/HOU/ECT@ECT, David 
Baumbach/HOU/ECT@ECT, Errol ",Work
whalley-g/test/calendar/78.,Work,Interview Doug McDowell for a position under Bill Brown,Rosie Castillo 35414 will bring us a reaume,Work
arnold-j/inbox/162.,Mailing List,RE: EOL Code Update,"John,

It appears that you have StackManager up an running.  Discretion being the better part of valor, I will put the code update on hold pending an okay from you.  I will be in early tomorrow morning and coordinating with your desktop support staff as well.  Thanks.

Chris

 -----Original Message-----
From: 	Jeska, Christopher  
Sent:	Monday, November 26, 2001 5:20 PM
To:	Arnold, John
Subject:	EOL Code Update

John,

I am performing code updates to the stand-alone EOL workstation WNAEOL-48101 this evening and wanted to check with you to see at which point it would be convenient for you.  I assume after the business day would be acceptable and my intent is to start near 6:00 p.m. or, at any time you decide is convenient for you.
I called a short while ago and will do so again before proce",Work
rogers-b/motley_fool_e_mails/166.,Mailing List,Breakfast With The Fool: Redback Ramps Up,"_________________________________________________________________

            B R E A K F A S T   W I T H   T H E   F O O L
                     Thursday, October 12, 2000

benjamin.rogers@enron.com
_________________________________________________________________

REGISTER TO BECOME A FOOL -- GET FREE STUFF!
http://www.fool.com/m.asp?i=152395
_________________________________________________________________


 Sponsored By: CompuBank
 Open an account with CompuBank and get $20 deposited into
 your account AND a FREE 6-month subscription to the Motley
 Fool Internet Report ($60 value). Apply NOW!
 http://www.lnksrv.com/m.asp?i=152396


""The best audience is intelligent, well-educated, and a little
drunk."" -- Alben W. Barkley


REDBACK RAMPS UP
The network equipment maker quadruples revenu",Other
hyatt-k/sent_items/215.,Personal,RE: Quote for Maud Gordon,"yes I did, thanks.  I'm comparing to the other quotes and will let you know next week.

-----Original Message-----
From: Adela Briner [mailto:adela.briner@trox.com]
Sent: Friday, March 15, 2002 10:32 AM
To: Hyatt, Kevin
Subject: Fw: Quote for Maud Gordon


Hi Kevin:
Did you receive the quote?
Adela

----- Original Message ----- 
From: ""Adela Briner"" <adela.briner@trox.com>
To: ""Kevin Hyatt"" <kevin.hyatt@enron.com>
Sent: Friday, March 15, 2002 10:31 AM
Subject: Quote for Maud Gordon


>",Work
scott-s/all_documents/347.,Work,FW: Late Exhibit Draft,"Attached for your review and comment is a draft table identifying incoming 
interstate capacity at receipt points on SoCalGas' system and a system map 
identifying those locations, per the request of ALJ Biren.? We have confirmed 
wherever possible the incoming receipt point capacities with the pipelines 
and also tried to fairly characterize the take-away capacities and deliveries 
from those receipt points.? Please forward your comments to me as soon as 
possible so that we can coordinate the filing of the draft exhibit to the 
service list by July 16.



? <<exhibitpipecap.xls>>  <<SoCalGas.doc>> 

 - exhibitpipecap.xls
 - SoCalGas.doc",Work
arnold-j/sent_items/126.,Personal,RE:,"that's what it gets for being a cat

 -----Original Message-----
From: 	Ward, Kim S.  
Sent:	Tuesday, May 22, 2001 7:59 AM
To:	Arnold, John
Subject:	

When I got home, my cat had been stuck in one of the bedrooms with no food or water, etc. since yesterday morning when the housekeepers shut the door with her inside.",Personal
arnold-j/deleted_items/546.,Personal,Ghoulish savings from buy.com!,"[IMAGE] =09
   [IMAGE]  [IMAGE] [IMAGE]     [IMAGE]   [IMAGE]  Sampo DVE631 DVD/MP3 Pla=
yer with CF Card Reader  $229.99  Introducing the world's first DVD player =
with digital photo playback capabilities. Using the CompactFlash memory car=
d slot located on the front panel or a CD-R/RW, you can now play back MP3 m=
usic or easily share digital photos with family and friends, navigate among=
 thumbnail photos using remote control, and display JPEG photos via your TV=
. Choosing your favorite photo has never been easier! At the same time, you=
 can still...  [IMAGE]more info       [IMAGE]  Nikon CoolPix 995   $799.95 =
 [IMAGE]more info  $699.95 after $100.00 mail-in rebate   [IMAGE]  Canon S5=
00 Color Bubble Jet   $134.95  [IMAGE]more info  SAVE $14.05    [IMAGE]  Se=
iko SmartPad2   $1",Other
taylor-m/all_documents/2312.,Work,Re: EOL Survey,"Sorry about the delay.  Here are my responses:
1.  Yes, this is primarily a tax issue.  However, there are some countries 
with strange laws regarding internet usage and we have covered some of those 
issues with specific PA provisions for those countries. 

2. No.  Only one user from each counterparty has to accept the GTC and that 
only the first time they trade that product.  The GTC's are arranged by 
""Product Type"" so you only have to agree to it once for that type - 
regardless of how many products there are - so for example you only agree to 
the financial derivatives GTC once no matter how many different types of 
swaps and options you subsequently trade.

3. No.  But if that would be helpful it can be arranged.

4.  This one doesn't make much sense to me.  EnronOnline itself doesn",Work
germany-c/all_documents/929.,Mailing List,CES Daily for Aug'00 Requirements for 8/1/00 and after,"The attached file contains our daily volume requirements for 8/1and  the
following day(s) as listed .    There are three  worksheets labelled as
follows:

'Total Reqs':  Contains the volumes that CES is requesting from Enron at each
of the delivery points and dates indicated in the columns labelled ""NOM"".   
The
Enron schedulers will want to check this sheet to see how much gas is needed 
at
a specific point.   The AGL volumes are not timely and should be ignored until
further notice.    CES schedulers note:  the attached file is archived on
P:\Energy Ops\Enron\May_00\Daily\ *.xls, so you don't have to save a duplicate
copy elsewhere on the network.
'Daily Change' :  shows the change (increase +/decrease -) in the daily volume
needed from Enron at the designated citygate delivery point rel",Work
mann-k/sent/2966.,Work,Re: Tripp Scott Proposed Terms of Engagement,"Jeff,

Are you up-to-speed on this one?

Kay
---------------------- Forwarded by Kay Mann/Corp/Enron on 03/06/2001 02:37 
PM ---------------------------


Kay Mann
03/06/2001 09:27 AM
To: Marchris Robinson/NA/Enron@Enron
cc: Christi L Nicolay/HOU/ECT@ECT 

Subject: Re: Tripp Scott Proposed Terms of Engagement

Hi Marchris,

I'm in ENA Legal, and I'm looking for the right person to discuss this with.  
Christi Nicholay suggested I get you involved.  Please give me a call at 713 
345 7566 to discuss.

Thanks,

Kay
---------------------- Forwarded by Kay Mann/Corp/Enron on 03/06/2001 09:29 
AM ---------------------------


Ben F Jacoby@ECT
03/05/2001 10:48 AM
Sent by: Ben Jacoby@ECT
To: Kay Mann/Corp/Enron@ENRON
cc:  

Subject: Re: Tripp Scott Proposed Terms of Engagement  

OK. This guy's a ",Work
shackleton-s/all_documents/1525.,Work,"Status of the Florida Power & Light Company (""FO&L"") agreement","Hi, Serge.  I am just checking to see when Enron North America Corp. (""ENA"") 
will receive your comments to the ISDA Master Agreement for FP&L.  Paul Karns 
mentioned that you would be devoting some time for review of the agreement.  
Please let me know if I can be of any assistance.  You can reach me via email 
or phone (713) 853-5620 if you have any questions.  I will be negotiating the 
agreement on behalf of ENA.",Work
jones-t/notes_inbox/429.,Mailing List,Koch Hydrocarbon Company,"David,

After our conversation this morning I spoke with Tana regarding Koch 
Hydrocarbon and she still has some unresolved issues that she needs to 
discuss with you before she will approve them.  We have calls coming in from 
our trader, Larry Gagliardi as well as the Koch trader, to find out the 
status of having this counterparty set up for online trading.  Please advise.

Thanks,
Stephanie x33465",Work
whalley-l/notes_inbox/383.,Work,XMS Upgrade Transition Plan - All XMS Users Please Read!!,"(Embedded image moved to file: pic19895.pcx)            Concur Expense
(XMS) Upgrade!

   On July 2, 2001, Enron's Corporate Expense Management Solution will
   undergo an upgrade to version 6.0.2.
   The Integrated Solution Center (ISC) has developed a transition plan
   containing several important deadlines affecting
   all XMS users.


                                    Transition Schedule


   Important Date #1 - Monday, June 18th

   ? American Express transactions will no longer be loaded into the
     current XMS system starting June 18th.  Beginning June 18th, all AMEX
     transactions will be loaded into the new Concur Expense (XMS) system.

   ?       Beginning June 18th, the ISC will be solely responsible for
   adding new users to the current XMS system.  On July 2nd, new us",Work
guzman-m/notes_inbox/712.,Personal,southwest.com weekly Internet Specials,"Southwest Airlines e-mail update for
March 13, 2001

****************************************************************
Your Freedom to Travel This Week Includes

I. 30 Markets For $30 Each Way
II. southwest.com Click 'n Save Special Edition
III. southwest.com/Budget Rent A Car Offer
IV. Click 'n Save Subscriber Information

************ 30 Markets For $30 Each Way ***************

I. This week's 30th Anniversary Specials

The following restrictions will apply:

*21-day advance purchase
*Fares are nonrefundable
*Travel April 3, 2001 through May 23, 2001.
*Purchase beginning March 13 through
 March 15, 2001, midnight Pacific Time.

Fares do not include a federal excise tax of $2.75
that will be imposed on each flight segment of your
itinerary. A flight segment is defined as a takeoff and
a la",Other
carson-m/inbox/135.,Mailing List,FW: AGENDA FOR PIRA PRESENTATION,"-----Original Message-----
From: 	Imai, Rika  
Sent:	Wednesday, November 21, 2001 10:51 AM
To:	Black, Tamara Jae
Subject:	AGENDA FOR PIRA PRESENTATION

TJ, 
Please send this out to all the traders
___________________________________________________________________________________________________________________

PIRA will be here on  Monday, December 3rd from 3:30-5:30.

The meeting will be located on the 6th floor in room 6980. 

If you have any specific topics you would like to have covered, please feel free to send me an e-mail

Thank You  

Rika 

Electricity & Fuels Briefing
Allan M. Stewart, Managing Director

AGENDA

Agenda:  This Agenda sets out a broad set of topics which will be covered in handout charts and tables accompanying this briefing. Active participation is encouraged to",Work
whalley-l/all_documents/706.,Work,Attn: Mr. Greg Whalley,"I'm forwarding this message that came to me and it is address for you.
Thanks
Yoli
---------------------- Forwarded by Yorleni Mendez/Corp/Enron on 11/10/2000 
01:07 PM ---------------------------


""John Panaro"" <johnpanaro@iiconf.com> on 11/10/2000 12:37:53 PM
To: <investor-relations@enron.com>
cc:  

Subject: Attn: Mr. Greg Whalley


Dear?Mr.?Whalley,

International Investment Conferences, Incorporated has been  host to the 
world's ""Natural Resource"" companies world-wide for the last 15  years, and 
we would like to extend an invitation to you and your group to  sponsor and 
participate in our 10th anniversary event INVESTING IN THE  AMERICAS 2001.

This annual conference/event is being held at the  Sheraton Bal Harbour Beach 
Resort, in Bal Harbour, Florida on  April 23rd and 24th of ",Other
lokay-m/articles/277.,Mailing List,Update on El Paso's NM Pipeline Testing,"El Paso Proceeding with NM Pipe Integrity Testing

El Paso Natural Gas has received approval from the U.S. Department of 
Transportation's Office of Pipeline Safety (OPS) to conduct more internal 
inspections on its rebuilt New Mexico pipeline, which ruptured August 19 
killing 11 people (see Daily GPI, Aug. 22). Since the explosion, flows 
through the line, which runs from West Texas to California, have been reduced 
to 85% capacity, or about 920 MMcf/d. 

OPS said the El Paso line has already been repaired and put through 
hydrostatic testing, which it passed. Hydrostatic testing checks for cracks 
by forcing high-pressure water through the line. Now El Paso has the green 
light to begin smart pig testing, which will examine the internal integrity 
of the line. The device, called a pig b",Work
dasovich-j/notes_inbox/4467.,Work,Last Class?,"What all did we do last week in class?  Anything I need to be prepared for
for
this week?

Now that my competition is done, I can focus on our project.

**********************************************
Mark D. Guinney, CFA
Consultant
Watson Wyatt Investment Consulting
345 California Street, Ste. 1400
San Francisco, CA  94104
(415) 733-4487 ph.
(415) 733-4190 fax",Personal
farmer-d/all_documents/1426.,Mailing List,Republic Royalty 5/00,"This deal was terminated by Nelson Ferries.

Ami
---------------------- Forwarded by Ami Chokshi/Corp/Enron on 06/28/2000 
10:42 AM ---------------------------
   
	
	
	From:  Megan Parker                           06/28/2000 10:28 AM
	

To: Ami Chokshi/Corp/Enron@ENRON, O'Neal D Winfree/HOU/ECT@ECT
cc:  

Subject: Republic Royalty 5/00

Republic Royalty is one of my CES deals.  They sent me an invoice for May 
2000 production, but I do not see a deal for May.  Does either of you know if 
this deal was extended under a new deal number?

Megan",Work
zipper-a/inbox/60.,Mailing List,Final PRC Meeting,<Embedded Picture (Metafile)>,Work
taylor-m/all_documents/7415.,Personal,Re: wouldn't you like to see us,"That's a great idea - I'll see if I can line up a boat - anywhere in 
particular you'd like to sail?  (BVI makes sense if there's a newcomer along.)

Where do you fly into to get to Charlottesville?



	""Linda Hayman"" <LHAYMAN@skadden.com>
	01/04/2001 07:20 PM
		 
		 To: Mark.Taylor@enron.com, AMH5H@SERVER2.MAIL.VIRGINIA.EDU
		 cc: 
		 Subject: Re: wouldn't you like to see us


I can sail anytime - Amanda is a tougher nut to crack.  She graduates on May 
20.  Wanna come to Virginia for graduation and then we could all leave from 
there?

Any interest in Barcelona for a long weekend?


>>> <Mark.Taylor@enron.com> 01/04/01 08:03PM >>>

I can't believe you have to change planes in Chicago AND Dallas!  I don't
remember you being that willing to suffer for a cheaper ticket.

Bummer - looks like",Personal
dasovich-j/sent/4416.,Work,Re: Demand buy-down for Hertzberg,"Yep.



	James D Steffes
	04/30/2001 09:05 PM
		
		 To: Jeff Dasovich/NA/Enron@Enron
		 cc: 
		 Subject: Re: Demand buy-down for Hertzberg

Jeff --

Some thoughts -

1. Your key assumption seems to be that this Summer the energy supply manager 
(CDWR buying net short of utility) has enough ""power"" to sell the negawatts.  
I am not so sure.   I belive that a more realistic assumption is that in most 
hours this Summer, CDWR will be buying energy from the ISO.

2. If my assumption is closer to reality, than CDWR will not be able to sell 
""excess"" MWs and pay the customer.  Even if you are right, CDWR buys at 
$80/Mwh (LT contracts delivered today) and sells at $300/Mwh = net benefit to 
deliver to customer of $220/Mwh [unless you are saying the $80/Mwh goes to 
retail rates and $300/Mwh to c",Work
farmer-d/all_documents/675.,Work,Cornhusker,"Thanks for following up on this.

I think we're generally there in terms of the commercial terms, but need to 
think through just a few issues related to our plans for the asset.

I'd suggest we meet on Thursday as I believe the asset manager (Mike 
Mazowita) will be here in Houston.  In addition to John's list of attendees, 
Chuck Ward, John King and I should be in the meeting.  I'll ask Tina Tennant 
to corrdinate.

RH



---------------------- Forwarded by Garrick Hill/HOU/ECT on 09/26/2000 04:56 
PM ---------------------------
From: Sandi M Braband on 09/26/2000 01:27 PM
To: Garrick Hill/HOU/ECT@ECT
cc: Dan Lyons/HOU/ECT@ECT 
Subject: Cornhusker

Rick,
Just following up my voicemail to you yesterday ---John Griffith has 
contacted me regarding the gas management agreement relating to t",Work
perlingiere-d/deleted_items/210.,Work,RE:,"I know. How about next week?

 -----Original Message-----
From: 	Perlingiere, Debra [mailto:Debra.Perlingiere@enron.com]
Sent:	Thursday, October 11, 2001 9:33 AM
To:	roths@orbitworld.net
Subject:


 Thanks for the card.  You know tonight is dollar ""B"" night at Cafe
Annice?

Debra Perlingiere
Enron North America Legal
1400 Smith Street, EB 3885
Houston, Texas 77002
dperlin@enron
713-853-7658
713-646-3490 Fax





**********************************************************************
This e-mail is the property of Enron Corp. and/or its relevant affiliate and
may contain confidential and privileged material for the sole use of the
intended recipient (s). Any review, use, distribution or disclosure by
others is strictly prohibited. If you are not the intended recipient (or
authorized to recei",Personal
kitchen-l/_americas/netco_it/4.,Mailing List,FW: Data,"Hi Louise.

This is you're understanding also, right?

--jay

 -----Original Message-----
From: 	Andrews, Naveen  
Sent:	Friday, January 18, 2002 3:23 PM
To:	'nick.vasserman@ubsw.com'
Cc:	Webb, Jay
Subject:	Data

Nick,
     Per our conversation this morning regarding the data, Jay Webb who is in charge of IT has confirmed that we indeed will be able to take the time-series information of prices, vols, etc.  The only info. not transferrable is counterparty transactional data.  Please let Mike know that.
Naveen",Work
shapiro-r/all_documents/853.,Mailing List,"RAC Meeting for June 1st, 2001","Rick:

One new projects have been added tot he list of hot deals for June 1st.  
They--and their suggested action times--are as follows:

  Project  Originator  Description   
EWS
  Midway   Dave Duran  Investment in Peaking capacity in Florida ($277 
million).
Suggested Action Item: Communicate with SMontovano, and Marchris findings, 
and compile GA comments for RAC if any.  It is not clear at this stage 
whether this project shall replace Ft. Pierce which also aims at acquiring 
peaking capacity in Florida (same originator).  

Of course, please let me know if you have any question.

Brgrds

AI",Work
jones-t/all_documents/11006.,Work,Another Division Problem,"lets talk
---------------------- Forwarded by Bill D Hare/HOU/ECT on 04/17/2001 03:52 
PM ---------------------------
From: Tana Jones on 04/17/2001 03:46 PM
To: Bill D Hare/HOU/ECT@ect
cc: Mary Cook/HOU/ECT@ECT, Stephanie Sever/HOU/ECT@ECT 
Subject: Another Division Problem

Bill,

I think you are about to become my new best friend!

We have another long standing counterparty we cannot get approved on 
EnronOnline because we cannot get the counterparty set up in GCP.  The 
Counterparty sent in a Password Application styled:  Koch Industries, Inc., 
acting through its Koch Hydrocarbon Company Division.  (Which also happens to 
be the same styling on the Master Swap Agreement we have in place with this 
Counterparty.)

They way I understand it, GCP has the two following Counterparties alrea",Work
love-p/all_documents/658.,Personal,Re: Fwd: FW: Urgent! Help find this girls father,"no worries.  How is the week going?  Good I hope.  I just interviewed a guy 
from Auburn and hopefully got him a job.  We will see.
PL",Work
shankman-j/sent/471.,Personal,,"When are you going to Israel?  How's life?  I have a friend who is going to 
be there in Feb?",Personal
dasovich-j/deleted_items/781.,Personal,Re: Pescetti,"Perfect. Sounds like you had a good conversation. Thanks, AG

""Dasovich, Jeff"" wrote:

> Talked to Pescetti yesterday.  Prior to returning my call, he had
> received the information that Joe Kelliher had already been appointed to
> the open Republican spot, and therefore understands that there's no
> longer a Republican seat to run for. We had a good talk. I told him that
> reinstating DA was the most important energy issue facing California.
>
> Best,
> Jeff
>
> **********************************************************************
> This e-mail is the property of Enron Corp. and/or its relevant affiliate and may contain confidential and privileged material for the sole use of the intended recipient (s). Any review, use, distribution or disclosure by others is strictly prohibited. If you ",Work
mclaughlin-e/_sent_mail/18.,Work,Re: Post IDs,"Shannon.

1124399, 1124401, 1124393

Thanks,

Errol


From: Shannon McPearson/ENRON@enronXgate on 05/01/2001 01:41 PM
To: Errol McLaughlin/Corp/Enron@ENRON
cc: =20

Subject: Post IDs

Please send me the Post ID's for NG Price, NG Price Options and NG Price=20
Crude, for April.
=01;
Thanks!
Shannon McPearson
Enron North America
713-853-5944
Shannon.McPearson@enron.com
=20",Work
kaminski-v/all_documents/4021.,Personal,,http://www.stanford.edu/group/sia/,Work
shapiro-r/deleted_items/774.,Personal,"National Journal's CongressDaily - Monday, October 29, 2001","National Journal's CongressDaily
Issue date:  October 29, 2001
-=-=-=-=-=-=-=-

BUDGET
Administration Says FY01 Surplus $30B Less Than Anticipated
   The Bush administration today said the total surplus for FY01
is $127 billion, more than $30 billion less than predicted just
weeks ago and less than half the estimate made when the
administration released its budget this spring. Expectations for
the surplus plummeted as the economy stalled this year and
worsened further in the wake of the Sept. 11 terrorist attacks.
""Circumstances have changed radically,"" OMB Director Daniels
acknowledged in a statement today. ""We must make sure that this
is not the last surplus by limiting additional spending to
purposes directly related to the nation's battle against
terrorism.""
   The FY2000 surplus was $",Other
germany-c/_sent_mail/386.,Mailing List,CGAS deal 213360,"ENA has a put to COH (deal 213360) for up to 10,000 dth/day.  This deal was 
in the system for December and I just took it to 0 for the whole month.  I 
estimate we should make about $495,000 on the deal change.

Kimat, this deal also has a demand charge that ENA pays COH for the put.  I 
believe its in the deal correctly.

Alvin, please show this on the morning sheet as a ""Put to COH at IF"" or 
something real intelligent like that.

This deal goes thru 2/28/01.",Work
schoolcraft-d/inbox/junk/357.,Mailing List,,"storage report for 02/08/2002

Cunn  W/D     400  Max
           INJ      450  Max

Lyons       W/D   MAX

Red Field  W/D   MAX
                      This max w/d is to remain until further notice. if problems come up with the w/d rate try to cut venture or pump gas east or south to keep red field on max w/d.

Wren   W/D  200 to 300

Garn    W/D  200 to 300",Work
guzman-m/all_documents/1140.,Personal,Time off,"Bill,  I have some family business that I need to attend to in April.  I 
therefore need, March 31st thru April 3rd off from work.  It is only four 
days so I assume it will not be a problem.  I already have March 31st off so 
if you could just make sure that I have April 1st  thru 3rd off also it would 
be greatly appreciated.  I am going to book my ticket tommorow evening to 
take advantage of a good fare so please let me know if there is a problem by 
then.  Thanks.",Work
farmer-d/all_documents/2941.,Mailing List,Columbia Energy History Data,"FYI - we will probably be asked what historical information is needed in our 
shop from a Logistics perspective. I would suggest asking the new CES 
employees to give us a list of what they know we would probably need to deal 
with historical questions on pipeline and customer physical imbalances as 
well as any other information that helps support some of the large customer 
and asset transactions. 

Have each of them put together a list that we can consolidate and forward to 
the IT folks. 

Thanks - Bob

---------------------- Forwarded by Robert Superty/HOU/ECT on 01/06/2000 
07:56 AM ---------------------------
   
                        	
	Enron Technology
	
	From:  Inja Chun                           01/05/2000 01:21 PM
	

To: Susan Harrison/HOU/ECT@ECT, Bryce Baxter/HOU/ECT@ECT, S",Work
kaminski-v/all_documents/10713.,Personal,projected fund giving,"George-

Here is one statistical method (linear regression), applied to Hosanna's fund 
giving. The method is deterministic, where contributions each Sunday are 
attempted to be explained by significant events on the church's and members' 
calendars, and the method shoudl be considered in contrast to an anecdotal 
one, where each Sunday's giving might be estimated to be the average giving 
of the same Sunday (e.g., each 2nd Sunday in January) in the past.

The following effects are estimated independently by the computer (they add 
and subtract with each other accordingly; some Sundays can have more than one 
effect ""in play""):

1) most positive for giving: an additional +$8,802 for special pastoral 
appeals (3 of them in the past 3 years)

2) positive for giving: an additional +$2,551 Eas",Personal
shankman-j/all_documents/179.,Personal,,"Come on.  You should come to the tuesday traders' meeting.  they've been 
really good. In 3321 4-5 each tuesday.
I'll bring over a copy of the current book we are reading as enticement.  
It's not a corvette, but it's a good book.",Work
germany-c/discussion_threads/659.,Mailing List,Transport Usage Tickets - Daily Updates,"After talking to Victor, he said this was the correct process. I'm thinking 
Joann  can update the CES and Calp tickets in the morning when she runs the 
new navigator reports. Joann can also update Dayton's ticket in the afternoon 
from our spreadsheet or Steve's. 

Joann, let me or Robert know if you need some help in updating these tickets.

Thanks.

---------------------- Forwarded by Joan Veselack/Corp/Enron on 03/05/2000 
11:36 AM ---------------------------


Joan Veselack
03/01/2000 05:07 PM
To: vlamadr@enron.com, Chris Germany/HOU/ECT@ECT
cc: Katherine L Kelly/HOU/ECT@ECT, Joann Collins/Corp/Enron@ENRON, Robert 
Allwein/HOU/ECT@ECT, Scott Goodell/Corp/Enron@ENRON 

Subject: Transport Usage Tickets - Daily Updates

Now that TCO has slowed down... want to ensure everyone is on the s",Work
lokey-t/inbox/931.,Work,Log of GISB Requests,"Attached is the log of requests submitted to GISB (now NAESB) by the Enron interstate pipelines.  All of these requests are open and will be addressed by NAESB some time in the future.  I'll keep you posted as to their progress within the NAESB process.

Thanks,
Theresa",Work
arnold-j/all_documents/414.,Work,Re: commissions saved,"Fine with me




Andy Zipper@ENRON
08/29/2000 06:55 PM
To: John Arnold/HOU/ECT@ECT
cc:  
Subject: Re: commissions saved  

Fair enough, though for basis swaps and other non NYMEX stuff I thought the 
numbers were a little higher. We are going to use $7.50 per 10,000 unless you 
have objection.",Work
shackleton-s/inbox/1093.,Personal,FW: Netting Agreements,"See below.

 -----Original Message-----
From: 	""Lech Kalembka"" <Lech.Kalembka@cwt.com>@ENRON  
Sent:	Tuesday, November 13, 2001 11:26 AM
To:	Cook, Mary
Cc:	Rick Antonoff; Athena Alexander
Subject:	Netting Agreements

I think it would be helpful going forward to elicit the counterparty's
organizational ID number in the signature block where we currently obtain
its jurisdiction of organization and location of chief executive office.
This would probably save a bit of time and money.

Thanks.

Lech Kalembka
Cadwalader, Wickersham & Taft
100 Maiden Lane
New York, NY  10038
Tel.: (212) 504-6918
Fax: (212) 504-6666
E-mail: lech.kalembka@cwt.com


==============================================================================
NOTE:  The information in this email is confidential and may be legally p",Work
lenhart-m/sent/1927.,Work,,"Cooper- 

I wanted to know if you could send down the foward curves for SP, NP & PV.  I 
also wanted to know if I can access these curves daily here in Houston.  Get 
back to me when you get a chance.  Thanks for your help.

Matt Lenhart",Work
beck-s/sent_items/261.,Mailing List,RE: 2001 Customer Meeting,"Thanks.  We will add Greg to the list and will get back with him on details.  -Sally 

 -----Original Message-----
From: 	Costello, Lisa  
Sent:	Friday, June  1, 2001 4:27 PM
To:	Beck, Sally
Subject:	2001 Customer Meeting

Sally, Greg Piper wanted me to let you know he will be attending the customer meeting July 21-23.

Thank you,

Lisa A. Costello
Assistant to Robert Jones
Enron Networks HR
713/853-1819
lisa.costello@enron.com",Work
sager-e/sent/362.,Work,Re: old deal,"Brent - I didn't work on the deal but I think it was a deal we did with a 
Florida company, maybe Florida Power likely in 96.  Melissa Murphy or Kim 
Theriot may be able to help locate.  Let me know if I can do anythin else.",Work
parks-j/deleted_items/863.,Mailing List,April NYMEX,"Joe - when you talked to Hugh, did you ever address our desire to transact at an earlier date that April settlement?  I do not believe that Stuart ever did?

cmm",Work
hernandez-j/discussion_threads/508.,Personal,FW: Fw: FW: This is freaky ! !,"---------------------- Forwarded by Jennifer Cutaia/Corp/Enron on 11/27/2000 
08:27 AM ---------------------------


veronica.gonzalez@pahou.panmail.com on 11/27/2000 08:19:14 AM
To: jennifer.cutaia@enron.com, lhahn@staffingprofessionals.net, 
nicole.schubert@pahou.panmail.com, sabrina.balderas@pahou.panmail.com, 
sfranco@theassistancefund.org
cc:  

Subject: FW: Fw: FW: This is freaky ! !




-----Original Message-----
From: mary diaz
Sent: Wednesday, November 22, 2000 10:58 AM
To: Laura Westbrook; Mayra Maldonado; Ester Rodriguez; Veronica Gonzalez; 
Angie Collins
Subject: FW: Fw: FW: This is freaky ! !



Thanks for your immediate attention
Mary Helen Diaz
Panalpina Discrepancy Clerk  for
Transocean Sedco-Forex
Phone: (281)457-7477
Fax: (281)457-7499
mary.diaz@pahou.panmail.com

-----Or",Other
lewis-a/deleted_items/1050.,Personal,Your Crutchfield Newsletter,"Crutchfield: The smart way to shop for electronics
www.crutchfield.com

The Electronics Newsletter
from your friends at Crutchfield

Volume 3, Issue 7: October 2001

___| TABLE OF CONTENTS _________________________

XM SATELLITE RADIO IS HERE
- 100 digital channels, great new gear

HOME RECEIVERS ARE READY TO TAKE CHARGE
- Power and versatility for home theater, music
and even satellite radio

WHY SHOULD YOU SPEAK WITH A PRODUCT ADVISOR?
- Save yourself time, and even some money


___| XM SATELLITE RADIO IS HERE ______________

Imagine getting CD-quality sound from your radio tuner, with no
static or interference, and no signal fading.  Tune in to any
one of 100 channels (many of them commercial-free), from
anywhere in the continental U.S., and get crystal-clear music,
entertainment, and n",Other
kean-s/calendar/untitled/978.,Work,California Update,"Please detach the attachment, combine it with the articles Gavin Dillingham 
sent me and attach to an e-mail to Robert Zoellick and Irwin Stelzer with 
this message from me:  Attached is some background information on the 
""reregulation"" crisis in California.
---------------------- Forwarded by Steven J Kean/HOU/EES on 08/09/2000 02:53 
PM ---------------------------
   
	Enron Energy Services
	
	From:  Frank Wanderski                           08/09/2000 09:05 AM
	

To: Steven J Kean/HOU/EES@EES
cc:  
Subject: California Update

Steve, I understand that you are developing a campaign for California, 
considering all of media attention that has been placed on this state.  I 
publish a weekly deregulation report and it contains some information that 
may prove useful.  The report is attached",Work
dasovich-j/all_documents/12869.,Work,Participation in ISO/FERC Committee Decision Making Level  -- Can,"Jim,

IEP is seeking $15,000 more per company to be involved in its FERC/ISO 
Committee (and have a say over what IEP does).  I try to get IEP to make 
filings instead of Enron or to get them to bolster our posiiton.  I also use 
WPTF this way and I use WPTF much more than I use IEP, which is pretty well 
dominated by QFs and generators. I asked Dave Parquet if he would pay for 
part of it.  Do you think we should continue to participate in this Committee 
and could I get partial or complete funding through the RCR process?

Sue Mara
Enron Corp.
Tel: (415) 782-7802
Fax:(415) 782-7854
----- Forwarded by Susan J Mara/NA/Enron on 05/22/2001 09:49 AM -----

	""Carol Hudson"" <carol@iepa.com>
	05/21/2001 04:37 PM
	Please respond to carol
		 
		 To: ""Alan Comnes \(E-mail\)"" <acomnes@enron.com>, ""B",Work
farmer-d/all_documents/1559.,Mailing List,RESUME - Gloria Smith,"Please read the resume of Gloria Smith and provide me feedback if she fits 
your needs.   Let me know if you'd like to interview her.    She is through a 
recruiter at a 20% fee. 

Toni
    
Her references indicate  strengths in the area?Enron is requiring 
experiences.? She prefers the  Gas environment.? Her qualifications are:

Masters in  Education; BBA-Accounting  
Experienced in Day  to Day Pipeline? and  gas?activity providing net outs, 
resolve price and volume  discrepancies, volume management, settling cash 
outs, verifying imbalances,  processing transportations invoices, 
settlements, and project accounting as  required.  
Financial  reporting, assisting in preparing SEC reporting, balance sheet 
reconciliation,  and FERC reporting.  
Excellent  interpersonal skills, will be abl",Work
schwieger-j/all_documents/16.,Mailing List,New Westpark Collateral rules,"Hey Jim,

While I was out on vacation last week, Patrick unwound some positions that 
brought Westpark onto the radar screen.  Not having my understanding or 
knowledge of this relationship, the credit analyst looking at the trades 
asked the market risk to run a 5-day VAR.  Excluding December, the open 
position (which later was completely unwound) had positive 5-day VAR that 
exceeded the collateral being held, i.e. $1.5MM.  Because Patrick did 
eventually close out his position while deep in the money, their is no credit 
risk on any of his business.  However, combing the volatile nature of this 
price environment (prompt, gas daily being so dramatic), large volumes, and 
one sided nature of trading, we are now uncomfortable with the $300M/Bcf rule.

Until the market calms a bit, what w",Work
lokay-m/sent_items/144.,Personal,Car jokes,"What's Worse Than A Pyromaniac In A Blazer?

A barber in a Seville

A seamstress in a Dart

An insurance adjuster in an Acclaim

A construction worker in a Bobcat

A creature in a black Laguna

A theater manager in a Marquis

An astronomer in an Eclipse

An exterminator in a Beetle

A call-girl in an Escort

A spiritualist in an Aurora

A proctologist in a Probe

A proctologist in a Ram

An orator in a Civic

A country singer in a Neon

A reporter in a S'Coupe

A Good Humor man in a S'Coupe

An orchestra conductor in a Prelude

A classical musician in a Sonata

A customs inspector in a Passport

A dog trainer in a Rover

A jeweler in a Topaz

A band leader in a Tempo

A gentleman in a Gallant

A Bullfighter in a Matador

A mother-in-law in a Barracuda

An electrician in a Charger

A snake ",Personal
hayslett-r/deleted_items/166.,Mailing List,RE: Transwestern information requests,"It will probably be tomorrow
--------------------------
Sent from my BlackBerry Wireless Handheld (www.BlackBerry.net)",Work
maggi-m/deleted_items/1307.,Mailing List,RE:,"I already deleted it.  And I can't turn my phone on.  :)
--------------------------
Sent from my BlackBerry Wireless Handheld (www.BlackBerry.net)",Personal
germany-c/sent/1889.,Work,New Power deals,"Effective March 1st, I moved the volumes on deal 377268 (Non NY sale to New 
Power) to deal 643754 (sale to New Power at WGL on CGAS).  Please correct the 
hedge information.

I also created deal 643761 (sale to New Power at WGL on CGAS).  I believe 
this deal is in the index book but does not show up in Sitara.  I believe it 
was originally a Z6 Non Ny sale to New Power also.

Let me know if you have any questions.

thanks",Work
jones-t/notes_inbox/4595.,Personal,Request Closed: Access Request for randy.otto@enron.com,"The request has been completed with all resources requested either completed 
or rejected. You can view the details of the  request by clicking 
http://itcapps.corp.enron.com/srrs/auth/emailLink.asp?ID=000000000034072&Page=
MyReq.",Work
giron-d/discussion_threads/625.,Work,Re: Fw: Answers,"Tell Dan that a glacier moves forward, not backward.  On a balk, the batter 
does not advance, only the baserunners.  But he may have a point with cricket.

DG




""Kent & Karen Pope"" <kwpope@pdq.net> on 05/14/2001 07:59:53 AM
To: ""Darron C. Giron"" <Darron.C.Giron@enron.com>
cc:  
Subject: Fw: Answers


ignore the note below to dan--it does not to apply to you!  scan pretty far
down for answers.
 glad we got to see carlos this weekend.  have a good week
karen
-----Original Message-----
From: Kent & Karen Pope <kwpope@pdq.net>
To: Dan Kessler <Dan@vcrhouston.com>
Date: Friday, May 11, 2001 9:08 AM
Subject: Re: Answers


>that's how you smart people are, always questioning authority.  I didn't
>write the damn answers, so suck it up and just bask in the knowledge that
>your are probably right",Personal
horton-s/deleted_items/63.,Personal,Re: Sunday Golf at Rav,"Hello!    Stan asked that I advise you of Sunday's (May 27) golf details at Raveneaux Country Club, as follows:

Stan Horton
Chris Gann
Steve Westlund
Julie Westlund

Tee time is 8:15AM on the Old Course off #1.  Don't hesitate to call me if you have any questions or concerns.

Thanks,
Cindy (Stan's assistant)
713/853-6197






""DFS International, Inc."" <dfsintl@swbell.net> on 05/23/2001 11:09:14 AM
To:	stanley.horton@enron.com
cc:	cegann@dow.com 

Subject:	Sunday Golf at Rav


After negotiations with my better half,  I will be ready to play Sunday.
My wife Julie is also willing to play on Sunday and we are trying to arrange
for a baby sitter.  Either way,  I will be there.  Please let me know the
time when it comes available.  Thank you.

Best regards.
Steve Westlund",Personal
mann-k/enovate/77.,Mailing List,Project HUB,"At Cle Dade's request, attached is a memo outlining the post-signing issues which we are aware remain to be addressed in connection with the HUB project (Enovate, L.L.C.).

Please call me at (713) 221-1131 with your questions or if I can be of any assistance regarding any of these issues.

Thanks.


Scott L. Miller
Bracewell & Patterson, L.L.P.
Phone (713) 221-1131
Fax (713) 222-3242
email:  smiller@bracepatt.com",Work
kaminski-v/australia/5.,Personal,eprm article,"Hi Vince,
?
I'm sorry you weren't around in Sydney this week.  You missed a very good 
book launch party that John Martin organised here for us.  Paul made a short 
speech in which he relayed some great comments which he said  came from?you - 
thanks very much!
?
Please find attached the next EPRM article. Its not  really tided up fully 
from our end yet, but I wanted to send it off before the  weekend in case you 
got chance to look at it. Because of the Easter break Robin  is after it by 
Thursday of next week.
?
Best regards.
?
Chris.
?
 - EPRM_10_fwd_curve_simulation.doc",Work
dasovich-j/notes_inbox/1508.,Work,"Draft Outline of JSJ Comments for FERC Meeting on Thursday, Nov 9;","Attached is a draft outline of Jan Smutny Jone's  Statement/Comments for the 
FERC Hearing on Thursday, November 9 to address the  California 
Report/Order.? 
?
A conference call is scheduled for 9:30  a.m. (PST) on Wed., Nov 8 to discuss 
the draft outline.
?
??? ???  Call-In Number??? ??? ???  888/476-6127
???????  Participant  #???????????????111756
?
?
Note, as the Hearing is Thursday, we are working in  real time to finalize 
this Statement.? This is a work in progress.?  IEP will be translating the 
draft outline into prose continually between now and  Wed noon, when we hope 
to finalize the Statement.
?
As a point of reference, building off the IEP  Workshop we held last Friday, 
IEP is moving forward to develop detailed comments  for the FERC proceeding 
on California market struct",Work
smith-m/sent/19.,Personal,Re: GEICO 7137848180,"Dear GEICO,

I have no idea who those people are that are identified in your email.  I 
would be interested in knowing how some random peoples' driving incidents are 
some how associated with me and my insurance application.  I have never had 
an insurance claim.  Please feel free to contact me with any further 
questions.

Mathew Smith


Dear Mr. Smith:

Thank you for your request for auto insurance.  Please provide the details
requested below to expedite the processing of your request.

We routinely run a claims history for all new policies and the following
claims were found.  Please provide details of each claim:

1.08-22-99  Gregoire B. Poyet-Smith  at fault accident

2.12-09-98  James A. Smith   at-fault accident

We will resume the processing of your request as soon as we receive th",Personal
linder-e/discussion_threads/702.,Personal,Supplemental Entry in Caps,"There had been some interest in this.  See me with questions...there is a 
hard copy in your mailbox.",Work
shapiro-r/discussion_threads/1427.,Mailing List,Regulatory Affairs events,"Rick

As per your request, see attached summary regarding our activities in Brasil 
from Jan to April. 
Unfortunately we couldn't sent to you before due to a lot problems we are 
facing here.
Thanks
Sergio Assad",Work
ybarbo-p/all_documents/75.,Mailing List,Re: Dabhol Progress Report #28,"Paul,

Report attached FYI

Regards",Work
steffes-j/sent_items/768.,Mailing List,RE: RTOs and Market Monitoring,"I am worried if we give the MM ""penalty"" ability - especially before the fact.  This feels alot like the NYISO implementing some market remedies.  FERC can act quickly to abuse if it is found.
 
Jim

-----Original Message-----
From: Novosel, Sarah 
Sent: Wednesday, August 22, 2001 8:51 PM
To: Shapiro, Richard; Nicolay, Christi L.; Steffes, James D.; Robertson, Linda; Alvarez, Ray; Fulton, Donna; Roan, Michael; Maurer, Luiz; Connor, Joe; Montovano, Steve; Migden, Janine; Stroup, Kerry; Mara, Susan; Comnes, Alan; Walton, Steve; Hoatson, Tom; Fromer, Howard; Allegretti, Daniel; Guerrero, Janel; Perrino, Dave; Staines, Dan; Dadson, Aleck
Subject: RE: RTOs and Market Monitoring


Some additional issues we're hearing in the Northeast:
 
1.  Some people think the MM should be a separate entity --",Work
griffith-j/all_documents/341.,Personal,To Resolve Your CQG problems,"On your workstation, shut CQG down...
Find the Hard Drive Letter where CQG was installed such as C or D...
Go there using either My Computer or Explorer...
Find the CQG Folder and open it up...
Find the 5x265 folder and open it up...
Find the Private folder...
Within the Private folder are several sub folders (Log, Page and Temp)...
Delete the Temp folder by RIGHT Clicking on it and then LEFT Clicking on
Delete.
Restart CQG and you should be able to see the prices you've been missing.

Regarding the 5x265 update to 5x270 messages:  This is due to our running
different Client(5x265)  and Server(5x270) versions at Enron at this time.
I have already submitted a fix for this and it will be taken care of as soon
as the Enron Servers are restarted - which will be done tonight I hope.
We will be ",Work
kaminski-v/deleted_items/2335.,Personal,NetScout's nGenius,"NETWORK WORLD NEWSLETTER: NEAL WEINBERG
on PRODUCT REVIEWS
10/23/01 - Today's focus: NetScout's nGenius

Dear Wincenty Kaminski,

In this issue:

* NetScout's nGenius admin toolset is comprehensive, but slow
  and expensive
* Links related to Network World product reviews
* Featured reader resource

_________________________________________________________
More with Less
Budgets are either stagnant or shrinking this year, and net
executives are being forced to do more with less money - and
often fewer people. We've compiled a series of Network World
articles, newsletters and columns you can use to make the most
of your budget and resources. http://nww1.com/go/ad169.html

_____________________________________________________________
Today's focus: NetScout's nGenius

By Neal Weinberg

The R",Other
beck-s/entelligence/11.,Work,Re: EnTelligence Postings,"I have opened the Specialist position and it will be posted on our site  
tomorrow morning.  The requisition number is 0000103595.

As an note, Avril Forster is shown in the system as being in Organization 
Unit:  EEL-Enron Direct. 

I have forwarded the clerk position to Gretchen Jennings for posting as she 
is the recruiter for the administration positions.

Linda
Ext. 30637




Mary Solmonson
04/25/2000 04:06 PM
To: Alexus Rhone/Corp/Enron@ENRON, Linda Vargo/HOU/ECT@ECT
cc: Avril Forster/Corp/Enron@ENRON, Sally Beck/HOU/ECT@ECT 
Subject: EnTelligence Postings

VP Approval for out of budget additions are in process - verbal approval 
received today.  Please post both internally and externally. 
---------------------- Forwarded by Mary Solmonson/HOU/ECT on 04/25/2000 
04:03 PM -----------",Work
hodge-j/deleted_items/230.,Work,FW: Clean Versions of Amendment No. 1 to Receivables Transfer Agr.,"Tim, after you have had a chance to look over, lets discuss how to approach CIBC.

 -----Original Message-----
From: 	Kumbalek, Lisa M.  
Sent:	Wednesday, October 24, 2001 9:50 AM
To:	Ephross, Joel
Subject:	Clean Versions of Amendment No. 1 to Receivables Transfer Agr. and Receivables Purchase Agr.",Work
beck-s/all_documents/2572.,Mailing List,Y2K - Feb. 29,"We are approaching February 29, 2000, which is generally regarded as the 
second most critical Year 2000 rollover date, second only to the millennium 
rollover.  A year divisible by 100 is not a leap year, unless it is divisible 
by 400.  As a consequence, some applications that were programmed incorrectly 
will believe the date is March 1, which may cause system errors.

During the millennium rollover Enron encountered Y2K related issues only with 
the bottom tier of applications and embedded systems that were ranked as 
""ordinary"" or ""low"" in our triage processes.  The problems that did arise 
were few and were quickly fixed.  This is exactly what we were planning for 
and is a testament to a job done exceptionally well by all.  

In consideration of the few and minor problems Enron enco",Work
jones-t/all_documents/5437.,Work,Re: ClickPaper approvals 11/15/00 (Including Addendum) _ GCP,"Attached are ClickPaper approvals for November 15, 2000.



Rgds.

Samuel x3-9890
(GCP_ENA)





Walter Guidroz@ENRON
11/15/2000 07:39 AM
To: Camille Gerard/Corp/Enron@ENRON, Mary G Gosnell/HOU/ECT@ECT, Samuel 
Schott/HOU/ECT@ECT, Adnan Patel/Corp/Enron@ENRON, Tanya Rohauer/HOU/ECT@ECT, 
Paul Radous/Corp/Enron@ENRON, Tom Moran/HOU/ECT@ECT, Bradley 
Diebner/HOU/ECT@ECT, Tana Jones/HOU/ECT@ECT, Karen Lambert/HOU/ECT@ECT, 
Stacey Richardson/HOU/ECT@ECT, Frank L Davis/HOU/ECT@ECT, Noel 
Petterson/Corp/Enron@Enron, Walter Guidroz/NA/Enron@Enron
cc:  
Subject: ClickPaper approvals 11/15/00

Attached are ClickPaper approvals for November 15, 2000.",Work
maggi-m/inbox/80.,Mailing List,Re:,"I will if I want to
--------------------------
Sent from my BlackBerry Wireless Handheld (www.BlackBerry.net)",Personal
lokay-m/personal/86.,Personal,Calendar,Here's the site...       http://www.hemmings.com,Personal
may-l/inbox/21.,Mailing List,Ken Lay Resigns from Board,"Ken Lay announced today that he has resigned from Enron's Board of Directors.  His resignation is effective immediately.  

In a press release, Ken said, ""I want to see Enron survive and successfully emerge from reorganization.  Due to the multiple inquiries and investigations, some of which are focused on me personally, I believe that my involvement has become a distraction to achieving this goal.""

He added, ""My concern is for current and former Enron employees and other stakeholders, and I feel that it is in their best interest for me to step down from the Board.""",Work
nemec-g/all_documents/6417.,Work,Redline,"Rae,  Please redline the No4 against the original No3 on compare write and 
forward via email to Kim Ward.  MS word would not redline correctly.",Work
giron-d/deleted_items/224.,Personal,FW: FLIGHTS FOR DARRON 280.75//LET ME KNOW-GINNY  713 860 1115,"-----Original Message-----
From: 	Ginny Torstrick <ginny.torstrick@travelpark.com>@ENRON  
Sent:	Tuesday, October 16, 2001 11:16 AM
To:	Hogan, Irena D.
Subject:	FLIGHTS FOR DARRON 280.75//LET ME KNOW-GINNY  713 860 1115

                                          AGENT GT/GT BOOKING REF YJGXMJ

                                          GIRON/DARRON
                                          EB

  ENRON CORP





  DATE:  OCT 16 2001

SERVICE               DATE  FROM           TO             DEPART  ARRIVE

CONTINENTAL AIRLINES  18OCT HOUSTON TX     TULSA OK       1130A   100P
CO 3648    B          THU   G.BUSH INTERCO INTERNATIONAL
                            TERMINAL B
                                                          NON STOP
                            RESERVATION CONFIRMED       ",Work
love-p/all_documents/155.,Work,FW: Coke facts,"---------------------- Forwarded by Phillip M Love/HOU/ECT on 11/01/2000 
08:28 AM ---------------------------


Shane.Dobbs@fctg.com on 11/01/2000 07:51:57 AM
To: wwilson@eng.auburn.edu, Tharpbl@eng.auburn.edu, dobbsmw@auburn.edu, 
chancewood@earthlink.net, domino@sonet.net, jmjaked@mindspring.com, 
jwood@regionsbank.com, poe77@earthlink.net, gwave85@hotmail.com, 
dobbswn@auburn.edu, phillip.m.love@enron.com, hamptone@booksamillion.com, 
stephaniepool@huntersystems.com
cc:  
Subject: FW: Coke facts



?
-----Original Message-----
From: Rob Stanbridge  [mailto:rob@timberworld.com]
Sent: Wednesday, November 01, 2000 7:49  AM
To: Dobbs_Shane
Cc: Hafley_Robert
Subject: FW:  Coke facts


?
?

Just when you thought you knew everything (no, it's not an anti cola add  
;-)...  

1.In many states ",Personal
kean-s/notes_inbox/13.,Mailing List,OLER Organization,"Steve:

 I hope this is not too presumptuous, but I'd like to directly advise you of 
my organization within Corporate HR.

 I am the Senior Director of the Office of Labor and Employment Relations 
(formerly known as the Fair Employment and Labor Practices Group).  I joined 
Enron in February after spending 11 years with MCI WorldCom where I was 
Associate Litigation Counsel in Atlanta representing MCI, and then WorldCom, 
in all of their employment law matters in the Southeast.  Before MCI, I 
practiced labor and employment law with two large law firms, including Vinson 
& Elkins here in Houston.  

 As you will note from the attached org chart, there are seven primary 
functions for which my staff and I am responsible.  In summary fashion, they 
are:

1. Executive Programs (i.e., Impact",Work
lay-k/inbox/584.,Mailing List,FW: updated travel policy,"Please see attached revised travel advisory.  I think it does a better job of balancing the competing interests.

 -----Original Message-----
From: 	Ewald, Laura  
Sent:	Tuesday, September 25, 2001 1:44 PM
To:	Kean, Steven J.
Cc:	Brindle, John; Cromley, David
Subject:	updated travel policy

Steve - 

Attached is suggested language for our updated travel policy.  Our plan is to send out the update via email and to post it on home.enron.com under ""new and notable"" as well as on the Corporate Security website under ""bulletins.""

Please let us know if you would like us to change anything or if this is what the management committee had in mind.  Thanks!

Laura


 



____________________________________________________
Laura E. Ewald
Enron Corp.
Tel. (713) 345-7648
Fax (713) 646-8838",Work
love-p/sent/11.,Work,Re: New Orleans,"I do not mind us bringing JAckson.  I understand your desire to be with him 
all the time, but I would like to occasionally do something with our friends 
for a vacation that is just us.  I think in time you will become more 
comfortable, and I will just wait for that time.

You need to talk to your mom and decide if we are going this weekend.  If we 
go we need to make plans for barkley.

Bundle Jackson up this morning it is near freezing.  Please cover the plants 
out back.  Thanks.
PL",Personal
dasovich-j/notes_inbox/4962.,Work,Group Project,"I was just brainstorming on potential projects.  I thought that an interesting
and fairly relevant topic could be a current evaluation of Amazon.com and how
the projected revenues & profits relate to the current stock price.  We could
also provide some historical perspective on all realistic Amazon's stock price
was a year or two ago relative to a discounted cash flow.  I can fairly easily
get my hands on some Wall Street analyst research reports that could provide 
us
with some insights and hints as to what Wall Street is expecting.  Most of our
time can be spent creating a discounted cash flow model similar to what we 
have
been doing in class.  Since the jury is still out on Amazon's business model, 
I
think it would make for some interesting debate in class when we present our
model.

",Personal
buy-r/inbox/1052.,Mailing List,"EnronOnline Weekly Public Report for September 28, 2001","The information contained in the Weekly Public Report can be communicated to audiences outside the company and should be used to ensure that we present a consistent message to the public. Please ensure that this email is distributed to anyone in your group who needs to discuss EnronOnline with individuals outside the company.

This report is not intended to be used as a stand-alone presentation, nor that all the information be used in a single presentation or customer communication.

Total Life to Date Transactions >1,450,000
Average Daily Transactions > 5,300

Life to Date Notional Value of Transactions > $800 billion
Daily Notional Value Approximately $2.3 billion

Number of Products Offered: Approximately 1,900
Number of Currencies Traded in = 15

EnronOnline Version 1.0 Launch Date: No",Work
cash-m/inbox/124.,Mailing List,"RE: Human Contact to Answer Questions about HR MATTERS, including","You too!  I saw yor 5:30 AM message !
--------------------------
Sent from my BlackBerry Wireless Handheld (www.BlackBerry.net)",Personal
williams-j/inbox/76.,Work,,"---------------------- Forwarded by Shelley L. Hatcher on 05/07/2001 05:00 PM
---------------------------


To:   Maebehe Garcia@ANDERSEN WO, Katherine E. McMillan@ANDERSEN WO, Shelley L.
      Hatcher@ANDERSEN WO, Tracy E. Spinks@ANDERSEN WO, Victoria H. Richardson
cc:
Date: 05/07/2001 04:55 PM
From: Brian S. Twellman, Houston, 237 / 5421 DIRECT (713) 237-5421
Subject:

perfect.......



(See attached file: ~8954724.ppt)














*******************Internet Email Confidentiality Footer*******************


Privileged/Confidential Information may be contained in this message.  If you
are not the addressee indicated in this message (or responsible for delivery of
the message to such person), you may not copy or deliver this message to anyone.
In such case, you should destroy this messa",Work
gilbertsmith-d/ercot/transmission/2.,Work,RE: commercially significant constraints,"There are two displays on the Portal: View Commercially Significant Constraints (display 1) and View Congestion Notification.  Whenever there is a CSC violation on the Commercially Significant Constraints display, the Congestion Notification display will specifically list  this violation. These two displays are consistent and updated hourly.
The MW loading on each CSC is calculated as 
MW loading from each zone = (Sum of Resources in the same zone - Sum of Scheduled Load in the same zone)* shift factor 
The sum of resources is calculated based on QSE's energy schedules and the sum of load is calculated based on the QSE's scheduled load for each zone.  
However, the real-time BES uses resource scheduled based on QSE's resource plan and ERCOT short-term load forecast.  Therefore what is post",Work
ward-k/personal/37.,Personal,Burbank,"Kim,

I met with the lovely Bruno Jeider last week.  If I were to characterize him, I would have to say that he reminds me of Schultz from ""Hogan's Heroes"".  He sees nothing.  He knows nothing.

I asked him about SCE's impending bankruptcy.  His reply is that he hasn't kept up on it and doesn't know what's going on.

I asked him about his gas/power positions.  His reply is that he hasn't kept up on it and doesn't know what's going on.

I asked him about Burbank's power plant development.  His reply is that he hasn't kept up on it and doesn't know what's going on.

I asked him if he knew how to please a woman.  His reply is that he hasn't kept up on it and doesn't know what's going on.

In short, if you plan to meet with Burbank, make sure your meeting includes their traders.

Laird",Work
lewis-a/all_documents/184.,Personal,Greenspan obviously sees a bumpy road ahead...,"?  

Greenspan obviously sees a bumpy road ahead as he  lowers interest rates 
again. This is causing an abrupt stock market rally. The  energy markets are 
off precipitously! We seem to have located?7 million  barrels of crude 
somewhere making people believe inflation is at bay. Our belief  is that this 
will be short lived as energy consumption continues to increase  going into 
the summer months. Bad earnings, consumer confidence, and other  related news 
should remind investors where this market is going over time!  

 

FREE DAILY TRADE ADVISORY:
http://www.excelfutures.com/new_page_13.htm





FREE TRIAL of CONSENSUS:
?http://freefuturesquotes.com/consensus.htm  




FREE FUTURES  CALENDAR:
http://www.excelfutures.com/calendarsurvey.htm




Helpful Hint: When you have a successful t",Work
guzman-m/all_documents/1165.,Work,Start Date: 2/17/01; HourAhead hour: 13;  <CODESITE>,"Start Date: 2/17/01; HourAhead hour: 13;  No ancillary schedules awarded.  No 
variances detected.

    LOG MESSAGES:

PARSING FILE -->> O:\Portland\WestDesk\California Scheduling\ISO Final 
Schedules\2001021713.txt",Work
skilling-j/inbox/976.,Personal,Catching Up,"Jeff -- I don't know exactly what you are up to now that you have left
Enron, but if you could help me deal with a situation, I would be most
appreciative.  I am Chairman of Seurat Company (www.seurat.com), a firm
specializing in helping organizations harness the inherent value in
relationships with high-value entities;  e.g., customers, employees,
partners, suppliers, and investors.  While remaining totally agnostic as to
vendor selection, we work with firms like Siebel Systems to build the
business case for implementing CRM and ERM (Employee Relationship
Management).  It is my understanding that before you left Enron you
established an initiative to consolidate over 650 portals into a common
platform.  Siebel has been effectively shut out of the discussions currently
underway.  Is there ",Work
kean-s/attachments/1532.,Mailing List,British Columbia Political Environment: Implications for Project,"Please find attached a revised version of the document pertaining to the
political environment in BC and
the resulting communications implications.

 <<Project Stanley-BC-08August2000.doc>>

Sasha Jacob
GPC Canada
sjacob@gpc.ca
Ph:  (416) 598-0055
Fx:  (416) 598-3811
www.gpcinternational.com



 - Project Stanley-BC-08August2000.doc",Work
beck-s/wilson__shona/36.,Mailing List,Re: Transparently controlling the wholesale trading businesses - an,"Dear Mike,

Thanks for your insight.  In the past few months we have established a 
detailed approach to doorstep which includes interfacing with BRM.  Through 
my calls the past week, I've been trying to update you so we can determine 
how best to coordinate the Enron Europe work, as well as get an understanding 
of what resources you can supply for this global initiative.

My next step is to contact some of the people on the list you gave me to 
determine their skill set and what locations/commodities they'd be best to 
work on.

I'll send you an updated schedule once I've finalized this.

Thanks

Shona





Mike Jordan@ECT
10/11/2000 09:37 AM
To: Shawn Kilchrist/NA/Enron@Enron, Shona Wilson/NA/Enron@Enron
cc: Fernley Dyson/LON/ECT@ECT, Sally Beck/HOU/ECT@ECT 

Subject: Transparently con",Work
dorland-c/sent_items/75.,Personal,FW: The World According to the USA,"-----Original Message-----
From: 	Watt, Ryan  
Sent:	Tuesday, January 08, 2002 8:10 AM
To:	Lambie, Chris; Clark, Chad; Cowan, Mike; Dorland, Chris; Torres, Carlos; Brodeur, Stephane; Zufferli, John
Subject:	The World According to the USA


 - world-usa.gif",Personal
shapiro-r/deleted_items/852.,Mailing List,EPSA Paper on Market Based Rates,"I sat in on the EPSA call on market based rates on Friday.  As you know, the Commission has on its agenda for tomorrow a new proceeding entitled ""Investigation of Terms and Conditions of Public Utility Market-Based Rate Authorizations"" (presumably being done under the Commission's section 206 authorization).  EPSA realizes that circulating its paper on market based rates probably does not make sense now that the Commission has noticed this proceeding, but they are prepare a press release for Lynn Church to release if, after seeing what the Commission has in mind, the investigation will apply to all holders of market based rates.  The press release will state that an investigation of the entire industry is overbroad, and (assuming the Commission makes all market based rates subject to refun",Work
lenhart-m/all_documents/3019.,Work,Re: Western Wholesale Activities - Gas & Power Conf. Call,"---------------------- Forwarded by Phillip K Allen/HOU/ECT on 05/04/2001 
10:15 AM ---------------------------


James D Steffes@ENRON
05/03/2001 05:44 AM
To: Phillip K Allen/HOU/ECT@ECT
cc:  
Subject: Re: Western Wholesale Activities - Gas & Power Conf. Call
Privileged & Confidential Communication
Attorney-Client Communication and Attorney Work Product Privileges Asserted

Please forward to anyone on your team that wants updates on Western wholesale 
matters (should also give you an opportunity to raise state matters if you 
want to discuss).

Jim
---------------------- Forwarded by James D Steffes/NA/Enron on 05/03/2001 
07:42 AM ---------------------------


Ray Alvarez
05/02/2001 05:40 PM
To: Steve Walton/HOU/ECT@ECT, Susan J Mara/NA/Enron@ENRON, Alan 
Comnes/PDX/ECT@ECT, Leslie Lawne",Work
sanders-r/tenaska/23.,Mailing List,Re: Enron/Ponderosa: Proposed Langauge,"PRIVILEGED AND CONFIDENTIAL ATTORNEY CLIENT COMMUNICATION

I spoke with Deutsche bank immediately after my conversation with Dan Lyons.  
I apologize as I must not have communicated clearly that I understood the 
importance of this issue from a legal point of view.  My intent on having 
language proposed was not to concede to any proposed language by Deustche but 
to determine if it was possible to be assured of bringing in a significant 
commitment to the syndication of the transaction as well as not create any 
potential legal issues.  As this was not the case, I told Deutche that after 
reviewing their proposed documentation, we could not make the change and that 
they should come into the transaction and hold the entire $35MM amount and 
hold that amount rather than syndicating it out ",Work
ruscitti-k/all_documents/286.,Personal,Interesting!!,"Thought you might find this interesting!!

http://www.fortune.com/


XXOOXXOO,

Kevin",Personal
shackleton-s/all_documents/11325.,Work,KCS,The revised redline is OK with Fred Lagrasta per Derek Bailey,Work
dasovich-j/all_documents/12780.,Mailing List,Enron Mentions - 05/19/01,"8 Concerns Get Saudi Gas Project Role
The New York Times, 05/19/01

8 Western Firms Picked for Huge Saudi Gas Project
Los Angeles Times, 05/19/01

2 Houston-based companies win Saudi gas prize / Kingdom inviting 8 Western 
firms back in
Houston Chronicle, 05/19/01

Utility withdraws offer of aid
Associated Press Newswires, 05/19/01

Racicot lobbying for energy giant Enron
Associated Press Newswires, 05/19/01

INDIA: SBI says Enron move not to hit lenders.
Reuters English News Service, 05/19/01

Enron threatens to stop electricity supply to Indian state
Associated Press Newswires, 05/19/01

Gas bonanza in Saudi for BP and Shell: Eight companies are given stakes in 
pounds 15 billion bid to develop South Ghawar reserves
The Daily Telegraph, 05/19/01

Western oil companies invited back by Sau",Work
shackleton-s/all_documents/4308.,Work,Financial Confirmations Issues,"Please plan to attend a meeting regarding Financial Issues on Monday the 30th 
from 10:00am to 11:00am in EB3125B.  If you are unable to attend please call 
me directly at X3-9030. The meeting will be hosted by Kim Theriot Manager of 
Power and Gas Documentation.

Many Thanks,
Yolanda",Work
taylor-m/all_documents/7706.,Personal,,"The attached is from David S. Mitchell.

(See attached file: #540571 v1 - Memorandum to Mark Taylor February,
2001.doc)


Maria Rutella
(212) 412-7160
==============================================================================
NOTE:  The information in this email is confidential and may be legally 
privileged.  If you are not the intended recipient, you must not read, use or 
disseminate the information.  Although this email and any attachments are 
believed to be free of any virus or other defect
that might affect any computer system into which it is received and opened, 
it is the responsibility of the recipient to ensure that it is virus free and 
no responsibility is accepted by Cadwalader, Wickersham
& Taft for any loss or damage arising in any way from its use.


=================",Work
germany-c/sent/710.,Mailing List,New and Exciting National Fuel Deal,"We have a new Park & Loan / Storage deal on National Fuel effective 
6/23/2000.  National Fuel transferred 1,000,000 dth from our parking contract 
to our brand new firm storage contract.  We are now long FSS and short PALS. 

FSS
 We have the rights to withdraw on a firm basis up to 33,333 dth per day.  
However, we need to call and get permission to withdraw more than 33,333 dth 
on any given day.  Also, the withdrawal takes place at an interconnect, like 
Trco-Leidy.  We do not have to ship the gas on Nat Fuel.  

IAS
We give Nat Fuel the gas back on an IT basis via our IAS agreement (Nat Fuel 
is still setting up the contracts).  We can give Nat Fuel the gas back at any 
point we wish.  We do not have to pay back the gas at the same point we 
withdraw on the FSS.  And we can pay back t",Work
farmer-d/all_documents/2195.,Personal,During/After Hours Contact Information,"Here are Lisa Maillet and my contact information. Would one of you over the
next few days email back with the correct contact information (business hour
and after hours) so we can have on hand in preparation for gas flows.
Thanks
Trey


Lisa Maillet
Work# 508-786-7205
Home# 781-894-4465
Mobile# 508-326-2435

Trey Christensen
Work# 713-613-4396
Home# 713-668-0488
Pager# 800-759-7243 Pin# 2377872
Mobile# 713-416-3014",Work
hendrickson-s/sent_items/31.,Personal,Howdy!,"Hey ---

FYI, Dan Junek quit today....he's going to Allegheny Power in NYC.  Thought you'd be interested to know.  Also, Kim's brother-in-law died this week.  They aren't exactly sure what the cause of death is yet.  So you may wanna contact her and give her your condolences.

Not much going on here, except I'm losing money hand over fist!!!  Talk to you later....

Scott",Personal
mann-k/sent/4070.,Work,Re: FW: Master Gas Agr. for Yazoo,"I figured it would.  The master is now in the hands (or on the email) of 
Stacy Dickson, one of the gas lawyers.  Let's see if we hear anything by noon.

Kay",Work
shapiro-r/all_documents/716.,Mailing List,What Did the CPUC Mean by Not Charging DA with the 3c/kwh,"Guys and Gals --

Commercial wants our opinion (in fact they want us to contact the CPUC and 
legislative members) to gauge the ""true"" meaning of the DA bypass of the 
3c/kwh Surcharge.  This question basically has arisen because there is a 
customer that we may not re-DASR if the Surcharge bypass extends in 
perpetuity (or if at least is there a Window of Opportunity that keeps 
customers from paying).  Put in other words, would anyone give us a ""free 
pass"" if we move load to DA right now and promise to keep them there with no 
ability to return to electric utility service?

My current analysis looks something like this --

The term ""Surcharge"" is only applicable until the end of the AB1890 rate 
freeze (which will end no later than March.1.02 and may end earlier if (a) 
federal court fi",Work
kaminski-v/sent/653.,Work,Re: Tuesday biz trip,"Jeff

My interview with Howard will be scheduled on a different day.


Vince





""$$$$$$$$$$$$$$$$$$$$$$$$$$$"" <jjw@ziplip.com> on 02/16/2001 10:06:24 PM
Please respond to ""$$$$$$$$$$$$$$$$$$$$$$$$$$$"" <jjw@ziplip.com>
To: Vince.J.Kaminski@enron.com
cc:  
Subject: Tuesday biz trip


[Vince,]
Jeff,

I cannot interview Howard on Tue (business trip) [OK- I will let London know 
this].
I think the organization is very interested in him [Thank you for your 
help...I always consider working for you, primarily- not just Enron as a 
company...my goal is to make you happy and do what you want; My mission was 
to get Howard to you, I understand he will go in front of the directors in 
London- what can I do to help you interview him? I understand that ?Melanie? 
is doing this...and the Manager of Ri",Work
kean-s/ofccp_audit/3.,Personal,Paycheck Fairness Act,"Per Steve Kean's request, I am forwarding (through office mail) to each of 
you some information that I have on comparable worth which is what the 
proposed Paycheck Fairness Act  introduced in both the Senate (S.77) and the 
House (H.R. 781) is all about.  I have also noticed another act introduced in 
the Senate (S.8) entitled ""Enhancing Economic Security for America's Working 
Families Act"" that has buried in it the same wording as the Paycheck Fairness 
Act.  I don't know how this happens--I'm sure it is intended!  S.8 also 
requests a minimum wage increase and something on family care but it didn't 
show when I printed the document.   S.77, H.R. 781 and S.8 can be located at 
http://thomas.loc.gov/.  Enter the bill number without the periods (i.e. ""S7"" 
, ""HR781"", ""S8"") and click Sear",Work
mann-k/all_documents/1807.,Work,Re: Draft CA for curves,"Kathleen,
Please change the first paragraph as follows:
ENA is prepared to furnish you with certain risk analysis information which=
=20
is either confidential, proprietary or generally not available to the publi=
c=20
(""Confidential Information"") in connection with ENA=01,s disclosure to PERC=
=20
and/or enovate for its performing independent risk analysis relating to of=
=20
the portfolio of enovate, L.L.C., a Delaware limited liability company. Suc=
h=20
information may include (but not be limited to) and for PERC=01,s evaluatio=
n of=20
daily curves such as price, basis, index, volitility and interest rates as=
=20
they relate to the operations of enovate, L.L.C.  As a condition to=20
furnishing Confidential Information, PERC and ENA each agree to the followi=
ng:

As for the paragraph",Work
brawner-s/discussion_threads/83.,Personal,women jokes,"---------------------- Forwarded by Sandra F Brawner/HOU/ECT on 12/21/2000 
12:37 PM ---------------------------


""Pamela Anderson"" <pama9@flash.net> on 12/19/2000 10:02:04 PM
To: ""Terri Bailey"" <tlbkk@aol.com>, ""Kandy Daniel"" <Kandydan@aol.com>, ""Gregg 
Anderson"" <TEJASGREGG@aol.com>, ""Dillard, Kari K"" <dillarkk@bp.com>, ""Amanda 
C. Herzer"" <acherzer@aol.com>, ""angie schniers"" 
<angie.schniers@williams.com>, ""Carl Kemmerly"" <audubon100@cs.com>, ""David 
Dutch"" <dutchd@kochind.com>, ""Dawn Doga"" <dawndoga@aol.com>, ""Dayna Erck"" 
<derck@medicalprofiles.com>, ""Hough, Lisa"" <lisa.hough@neg.pge.com>, ""Kevin 
Cokinos"" <kcokinos@compuserve.com>, ""Kody Newland"" <kodynewland@hotmail.com>, 
""Nancy Gilbertson"" <ngilbertson@earthlink.net>, ""Patricia DeMamiel"" 
<princess3456@dellnet.com>, ""Pedersen, Ju",Personal
lokay-m/personal/3.,Personal,[Fwd: RE: GRACO Contact Form],"-------- Original Message --------
Subject: RE: GRACO Contact Form
Date: Wed, 5 May 1999 14:05:43 -0400
From: GRACO Customer Service <gracocsrep@gracocorp.com>
To: ""'jimboman@bigfoot.com'"" <jimboman@bigfoot.com>

James, Graco is sorry for the inconvenience. I ordered you a new diaper
bag,
the part you described is not replaceable so a new diaper bag is on
order
for you.
Please include all correspondence when responding.
Thank You,
Jody
Graco Customer Service

> ----------
> From:  jimboman@bigfoot.com[SMTP:jimboman@bigfoot.com]
> Sent:  Monday, May 03, 1999 12:08 AM
> To:  consumerservices@gracocorp.com
> Cc:  rubbercc@eisnet.com
> Subject:  GRACO Contact Form
>
> Submitted on Monday, May 3, 1999 at 04:08:22 GMT.
>
> Name:          James Lokay
> E-mail:        jimboman@bigfoot.com
> Phone:",Personal
beck-s/discussion_threads/4090.,Mailing List,Re: HPL Sale - Energy Operations Task List,"Sally,

Thanks for our meeting last week.  Please let me know if you don't think 
we've sufficiently defined the deliverable for Business Ops.  Based on 
feedback from Louise - you and I still may not be clearly communicating yet 
as to what is required.

Specifically, AEP and Enron need to agree in writing for each Business Ops 
""process"" or function:

1. Who is going to carry out the Business Ops processes before and after 
close.
2. How control over the process will be handed over from Enron to AEP.
3. The necessary IT actions required to put the required system functionality 
in place (and who is responsible for implementing this). 

The table you developed at the end of last week (based on Bob's email) moves 
closer to this point.   As we discussed on the phone, we need to provide a 
",Work
sanders-r/sempra/1.,Personal,Enron/Sempra,"******************************************************************************
***
Confidential and Privileged.
Do not read if you are not the intended recipient.
Unauthorized use prohibited and taken at your own risk.
******************************************************************************
****

** Confidential **
** High Priority **

Please see attached memorandum and drafts of documents.

 - EnronSem.DOC
 - EnronSem.DOC
 - Letterto.DOC
 - EnronSem.DOC
 - EnronNor.DOC
 - Complain.DOC",Work
kitchen-l/sent_items/155.,Mailing List,FW: Need names of Enron Integration team Counterparts ASAP,"-----Original Message-----
From: 	Mark.Bridges@ubsw.com@ENRON  
Sent:	Wednesday, January 23, 2002 9:18 AM
To:	Mary.Barker@ubsw.com; Beth.Barrett@ubsw.com; Michael.Bolin@ubsw.com; Mark.Bridges@ubsw.com; Markus.Buergler@ubsw.com; Natacha.Carrel@ubs.com; colette.dow@ubsw.com; Per.Dyrvik@ubsw.com; Louis.Eber@ubsw.com; alexander.fusco@ubsw.com; William.Glass@ubs.com; Thomas-A.Graf@ubsw.com; Peter.Haines@ubsw.com; Steve.Kinross@ubsw.com; Mark.LeRoux@ubsw.com; Kitchen, Louise; Christian.Maytain@ubsw.com; Matt.Meinel@ubsw.com; Ursula.Mills@ubsw.com; martin.nadel@ubsw.com; Pat.ODonnell@ubsw.com; Ernest.Pittarelli@ubsw.com; breilly@ubspw.com; Cheryl.Roberts@ubsw.com; claudia.robinson@ubsw.com; Charles.Ross-Stewart@ubsw.com; Rocco.Veltri@ubsw.com; Mark.Wallace@ubsw.com; william.bradford@enron.com
Sub",Work
taylor-m/all_documents/3395.,Personal,Fw: funny one!,"----- Forwarded by Mark Taylor/HOU/ECT on 10/08/2000 04:45 PM -----

	Eleanor F Taylor <mzeleanor@juno.com>
	09/26/2000 06:13 AM
		 
		 To: larrystern@altavista.net, Mark.Taylor@enron.com, 
Timothy.Taylor@apg.amedd.army.mil
		 cc: 
		 Subject: Fw: funny one!




--------- Forwarded message ----------
From: Melissa Miller <mcsmiller@yahoo.com>
To: mzeleanor@juno.com
Date: Sat, 23 Sep 2000 07:17:19 -0700 (PDT)
Subject: funny one!
Message-ID: <20000923141719.26058.qmail@web125.yahoomail.com>

At a recent computer expo (COMDEX), Bill Gates
reportedly compared the
computer industry with the auto industry and stated
""if GM had kept up
with the technology like the computer industry has, we
would all be
driving $25 cars that got 1,000 miles to the gallon.""

In response to Bill's comments, General ",Personal
causholli-m/inbox/122.,Mailing List,FW: Latin America Monitoring,"Leo/Monika,

Mea culpa.  I forgot to include you on my distribution list.  Sorry.

KC
 -----Original Message-----
From: =09Carter, Karen E. =20
Sent:=09Wednesday, November 07, 2001 3:10 PM
To:=09Crane, Bob; Klein, Stephen; Fiandt, Terri; Crump, Jim; Conner, Andrew=
 R.; Bryja, James; Braune, Carlos; Ferrell, Daniel; Juvane, Danilo; Hermans=
, Greg; Kristal, Yana; Carter, Ray; Tamariz, Angel; Tamariz, Angel; Bhatia,=
 Om
Cc:=09Reed, Andrea V.; Allan, David
Subject:=09FW: Latin America Monitoring
Importance:=09High
Sensitivity:=09Confidential

Please find attached Competitive Intelligence's current assessment of recen=
t events in several emerging markets, particularly Argentina.  As the situa=
tion there appears to be getting more dire, we will continue monitoring the=
 potential ramificati",Work
dasovich-j/all_documents/7823.,Work,Re: Global Photon,"definitely get their info and extend congrats.  we should try to visit them 
again in 1Q to see what's going on.  let them know we'd like to do that.

b



	Kimberly Parrish
	12/18/00 02:31 PM
		 
		 To: Brian Spector/Enron Communications@Enron Communications
		 cc: Jeff Dasovich/NA/Enron@ENRON
		 Subject: Global Photon

Friday's Bandwidth Market Report reported Global Photon's regulatory approval 
to build their 4-Tbps from San Diego to Morro Bay.
I'm thinking we still consider this company a small fry, but perhaps 
congratulations are in order  - your thoughts?
I do not have the business cards of the group we met with, but Jeff probably 
has their names and e-mails.

Thanks
Kimberly",Work
dasovich-j/notes_inbox/12663.,Personal,EBS Federal Contracting Opportunities-E copy,"For anyone interested in reading about federal contracting opportunities, 
attached below is a memo that Bracewell & Patterson did for EBS Legal in 
response to EBS's interest in doing business with the IRS.  Thanks.

Lara
----- Forwarded by Lara Leibman/NA/Enron on 06/08/2001 08:56 AM -----

	Lara_Leibman@enron.net
	06/07/2001 10:03 AM
		 
		 To: lara.leibman@enron.com
		 cc: Gil_Melman@enron.net
		 Subject: EBS Federal Contracting Opportunities-E copy




thanks gil!

----- Forwarded by Lara Leibman/Enron Communications on 06/07/01 10:12 AM 
-----
|--------+----------------------->
|        |          Gil Melman   |
|        |                       |
|        |          06/05/01     |
|        |          10:20 AM     |
|        |                       |
|--------+----------------------->",Work
kean-s/new_york/16.,Work,Verizon Phone call,"John Campbell, National Sales Rep for EES in NY, wants to talk with you 
before you place the call to Verizon's Chairman.  John is expecting your call 
and is gathering the details about the meeting with Governor Davis.  

John is in NY at 212-702-3905

(Maureen also has this info).",Work
gilbertsmith-d/fundamentals/2.,Work,WebSite Link,"---------------------- Forwarded by Tamara Jae Black/HOU/ECT on 05/03/2001 07:26 AM ---------------------------
From:	Mark Symms/ENRON@enronXgate on 05/02/2001 05:17 PM
To:	Tamara Jae Black/HOU/ECT@ECT
cc:	 
Subject:	WebSite Link

TJ,
	Kevin has asked that we email the website link again to everyone.

Here it is
http://eastpower.dev.corp.enron.com/portal

Thanks

Mark Symms
Sr. Specialist - East Power 
713-853-3105",Work
steffes-j/deleted_items/17.,Work,Dynegy vs. ComEd,"On October 17, 2001, Dynegy Midwest Generation, Inc. and Dynegy Power Marketing, Inc. (Dynegy)
tendered for filing a Complaint against Commonwealth Edison Company.  In its complaint, Dynegy alleges 
that ComEd has failed to properly enforce the network resource designation provisions of its Open 
Access Transmission Tariff (OATT).  Dynegy further alleges that ComEd's actions jeopardize reliability, 
deprive Dynegy of revenues for capacity sales, and permits the improper prioritization of network transmission 
service for bumping and curtailment. Interventions are due October 26.

Please contact me if you would like further information.",Work
baughman-d/all_documents/56.,Personal,payment received,"I have received your payment and will be shipping out your package asap.
Please let me know when it arrives by posting feedback for me on ebay

Thanks
accountit@autorelister.com
www.ephonetoys.com
For shipping / returns / payment options and information please visit:
www.ephonetoys.com/eshipoptions.htm


-----Original Message-----
From: don.baughman@enron.com [mailto:don.baughman@enron.com]
Sent: Friday, December 22, 2000 12:59 PM
To: accountit
Subject: Don Baughman Jr has just sent you $8.84 with PayPal


You've got cash!

Don Baughman Jr just sent you payment for an auction
item with PayPal.

Buyer:  Don Baughman Jr (don.baughman@enron.com)


PAYMENT INFORMATION

Winning Bid: 2.99
Shipping:    5.00
Insurance:   0.85
_________________________
Total:       8.84

AUCTION INFORMATION

Auctio",Personal
skilling-j/all_documents/1498.,Personal,Letter from Partha Ghosh,"?
Michelle M.  Sheehan
Lead Executive  Assistant
msheehan@adventis.com
ADVENTIS
617-421-9990 x-209
617-421-9994  fax
 - ENR111_Note to ken rice_0501.doc
 - Chess.gif",Work
lewis-a/deleted_items/65.,Work,"2001 IPOs beat the Dow, S&P 500 and the Nasdaq by a mile","---------------------------------------------------------------------
This message was not sent to you unsolicited.  You are currently
subscribed to the 123Jump.com mailing list. To no longer receive
messages please follow the easy unsubscribe instructions at the
end of this message.
---------------------------------------------------------------------

Don't turn your back on the IPO market. It could get away from you.

Consider the following:
In 2001, only 92 IPOs made it to market. But it was a year to
remember for the serious investor. At the close on Dec. 31, 2001, the
average gain --- yes --- gain per IPO was 15.2 percent each. That's
compared with a sharp decline in the popular indexes. In the year
2001, the Dow Jones Industrial Average fell 7.1 percent, the S&P 500
slid 13.04 perce",Other
thomas-p/deleted_items/101.,Personal,"Jacobs Ranch Coal Mine Expands to Meet Demand for Low Sulfur Coal,","Welcome to eMail News Delivery, a service from Business Wire.
Here is your Industrial Information Resources Inc. news release.
If you have received this in error please send a message to:
eMailDelivery@businesswire.com
with the following command in the body of the message:
 unsubscribe TX-INDUSTRIAL-INFO-RES
If you have questions about this service, please contact your
Business Wire Account Executive or service@businesswire.com


BW2009  JAN 24,2002       2:05 PACIFIC      05:05 EASTERN


( BW)(TX-INDUSTRIAL-INFO-RES) Jacobs Ranch Coal Mine Expands to Meet
Demand for Low Sulfur Coal, in an Advisory by Industrialinfo.com

    Business Editors

	   HOUSTON--(BUSINESS WIRE)--Jan. 24, 2002--The following is an
advisory by Industrialinfo.com (Industrial Information Resources Inc.;
Houston, Texa",Other
steffes-j/sent_items/785.,Mailing List,FW: New Risk Management Policy,"Linda --

Pls print out for me. Thx.

 -----Original Message-----
From: =09Enron Announcements/Corp/Enron@ENRON [mailto:IMCEANOTES-Enron+20An=
nouncements_Corp_Enron+40ENRON@ENRON.com]  On Behalf Of Rick Buy- Enron Cor=
p. Chief Risk Officer@ENRON
Sent:=09Friday, August 24, 2001 1:09 AM
To:=09All Enron Worldwide@ENRON
Subject:=09New Risk Management Policy


Enron Corp. and its subsidiaries (the ""Company"") are exposed to market, cre=
dit, operational and liquidity/funding risks in the normal course of its bu=
siness activities.  The Enron Corp. Board of Directors approved a new Risk =
Management Policy (the ""Policy"") on August 14, 2001.  This Policy establish=
es a framework under which the Company's exposure to risks shall be evaluat=
ed, managed and controlled, and pursuant to which capit",Work
kaminski-v/inbox/80.,Personal,RE: Out of Office AutoReply: SEC Letter,"Vince: 
I too enjoyed meeting you, and I wish you all the best in the SEC testimony and otherwise.  Should you at any time conclude that counsel would be helpful (even if only marginally) or if you simply want to confer in connection with the SEC or any other governmental investigation, please feel free to give me a call.  I'd be happy to help.
Sincerely, 
Michael Levy 
(202) 295-8414 
-----Original Message----- 
From: Vince.J.Kaminski@enron.com 
To: MNLevy@SWIDLAW.com 
Cc: Vince.J.Kaminski@enron.com; Robert.C.Williams@enron.com 
Sent: 1/4/2002 5:18 PM 
Subject: RE: Out of Office AutoReply: SEC Letter 
Michael, 
To follow up on my first message, I want to inform you that I decided 
to appear before the SEC investigators without a legal counsel. I simply 
feel 
that your highly competent he",Work
nemec-g/notes_inbox/409.,Work,Revised Trailblazer Open Season packet,"Gerald - our Trailblazer Expansion/Extension Open Season participation is no 
longer in play.  Trailblazer more or less canceled the open season and 
subsequently has come out with another ""expansion only"" open season.  It 
appears we may buy a small amount under this new open season.  

Below, I've included info on the new open season, including a ""new"" Precedent 
Agreement that will need to be execute and sent to Trailblazer by Friday.  
You will note that it is essentially the same as the prior P.A. with one 
notable exception....there is no management out.  Please review and comment 
on the attached P.A.  Trailblazer will not accept a management out; 
therefore, if we participate, we will own the capacity. 

chris
x31666 




---------------------- Forwarded by Chris Meyer/HOU/ECT on 0",Work
parks-j/inbox/456.,Personal,Mid-Year 2001 Feedback Deadline,"JOSEPH PARKS, JR.,
 
The PEP system closes on Friday, May 25, 2001. 
 
Our records indicate that you have not selected reviewers.  Please suggest a list of reviewers as quickly as possible - the feedback process cannot begin until your list of reviewers has been reviewed and approved by your supervisor. 
 
To suggest your reviewers, access PEP at http://pep.enron.com and select 'Suggest Reviewers' from the Main Menu.   
 
If you have any questions regarding the PRC process or the PEP system, please contact the PEP Help Desk at:
Houston:  1.713.853.4777, Option 4 or email: perfmgmt@enron.com
London:  44.207.783.4040, Option 4 or email: pep.enquiries@enron.com",Work
shankman-j/all_documents/171.,Mailing List,Re: discussion,"All of your concerns are valid, and I too would like to work through them 
with you.  As info, Mike will be over in two weeks.  Organizationally, 
strategically, talent, and back office--we will get there.  Who particularly 
are you worried about.  As far as your situation, let's talk numbers.  I'd 
like you to believe that trading, and management, particularly your 
leadership, will pay off for you.

Later....Jeff



	Chris Mahoney
	01/31/2001 03:02 PM
		 
		 To: Jeffrey A Shankman/HOU/ECT@ECT
		 cc: 
		 Subject: discussion

jeff,
when I came to Houston in late December there were, if you recall,  a number 
of issues that
I had hoped to discuss with you.  We only really scratched the surface with 
the reorganisation
announced today.  I would prioritise them as follows:

1) recruiting, tra",Work
skilling-j/discussion_threads/1087.,Work,Re: Follow-Up - Brent Larsen,"Stan,

Per Jeff's request, I have forwarded the resume you attached to Philippe 
Bibi, President & CEO of Enron NetWorks.

Jeff would be interested in a tour of the building.  Would if the afternoon 
of May 8, at 3:30 would work for your schedule.  At Jeff's request, I plan on 
including Bill Donovan.

Thanks,
Joannie





stanmarek@marekbros.com on 03/14/2001 08:49:41 AM
To: jeff.skilling@enron.com
cc:  

Subject: Follow-Up - Brent Larsen



Jeff,

How's it going in the world of energy?  I enjoy reading about you and your
adventures. Sounds like you might be having a little fun as well.

Attached is a resume from an acquaintance of mine.  Nice guy and would be
credit to anyone's organization.  Thought you  might forward it to
personnel.

Don't forget you've got a lifetime warranty on the ",Work
sager-e/all_documents/334.,Personal,Re:Calorie burning drill.,"Hi Angela

Sorry I did not get back in touch w you earlier - my mom passed away over the 
holidays and I have been out of the office and don't know exactly when I will 
be back (definitely out the week of 15th).   I look forward to playing and 
will call you when I get back to play.",Personal
shapiro-r/gas_issues/16.,Mailing List,Memo from Shelley Corman: FERC Staff Conference Today,"Today, FERC Staff held its conference to discuss what regulatory changes are 
necessary to promote further market liquidity.  The conference was fairly 
well attended by FERC staff, including Dan Larcamp and  Shelton Cannon.  

Some common themes:
Gas markets are generally well functioning and major changes are not 
necessary.
Commodity markets are very liquid.
FERC policies, GISB and Order 637 have helped to make capacity markets more 
liquid.
Shippers are unhappy with tighter tolerances and new balancing services in 
Order No. 637 compliance filings.
Standardization is necessary to promote liquidity (with pipelines making the 
distinction that standardization of transactional protocols is a good idea, 
standardization of product offerings is not).
There is very little consensus on furthe",Work
lay-k/_sent/156.,Work,Getting to know you,"Loretta, I really enjoyed being at your table on Monday evening and getting 
to know you a little better.  

I must tell you that I am in awe of what you did with the office in Japan.  I 
would not have known how to do all that!!!  Wow.

Rosie",Personal
lenhart-m/all_documents/2967.,Personal,FW:,">  -----Original Message-----
> From:  Hill, Adam
> Sent: Tuesday, May 01, 2001 8:54 AM
> To: CGT PS Sales Team
> Subject:
>
>  <<mastertraders.jpg>>

 - mastertraders.jpg",Personal
reitmeyer-j/inbox/170.,Personal,RE: My Info,"Good luck gang, see you on the other side.  Here is my contact info.

Tom May
Margaret Dhont
7614 Oak Fern
Houston, Tx, 77040
Home (713) 849-5269
Tom's Cell (713) 870-4329
Margaret's Cell (713) 927-8449
thomas_n_may@hotmail.com",Personal
scott-s/wordsmith/43.,Personal,A.Word.A.Day--graduand,"graduand (GRAJ-oo-and) noun

   A student who is about to graduate or receive a degree.

[From Middle Latin graduandus, gerundive of graduare to graduate.]

   ""Speaking at the convocation ceremony of 481 graduands of the college in
   Kuala Lumpur yesterday, Dr Ling said Malaysia's rapid economic growth in
   the last decade has generated a demand for skilled manpower which has
   exceeded supply.""
   Knowledge a life-long quest, Business Times Malaysia, Aug 2, 1997.

This week's theme: words from the world of learning and the learned.

.............................................................................
It is dangerous to be right when the government is wrong. -Voltaire
(1694-1778)

What to give to the person who has everything? Give the gift of words.
Here is a gift that keeps ",Other
kuykendall-t/deleted_items/153.,Personal,"Free Shipping, plus, Save $1.25  on Aerosmith's ""Young Lust""","Dear Tori Kuykendall,

We've noticed that many of our customers who have purchased albums by Bon 
Jovi also enjoy the music of Aerosmith. For this reason, you might like to 
know that Aerosmith's new album ""Young Lust"" is now available.  You can 
order your copy at a savings of $1.25 by following the link below. 

http://www.amazon.com/exec/obidos/ASIN/B00005QEO2/ref=mk_pb_bwb

To learn more about ""Young Lust,"" please visit the following page at 
Amazon.com: 

http://www.amazon.com/exec/obidos/ASIN/B00005QEO2/ref=mk_pb_bwb

Sincerely,

Marc Greilsamer
Editor
Amazon.com

PS: Get free shipping on orders over $99! See site for details. 

http://www.amazon.com

We hope you enjoyed receiving this message. However, if you'd rather 
not receive future e-mails of this sort from Amazon.com, please ",Other
dasovich-j/budget/9.,Mailing List,Colorado Springs,"Attached are our original proposed budget (in four parts--a cover memorandum 
summarizing the western states budget and providing detail on the Western 
states, a spreadsheet detailing California, and a spreadsheet detailing the 
remaining states, and a summary budget for the entire west).  Also attached 
is our top ten.",Work
kaminski-v/sent_items/2537.,Personal,FW: The first document for audit,"FYI

Vince

 -----Original Message-----
From: 	J D Duffie <duffie@smtp1.stanford.edu>@ENRON [mailto:IMCEANOTES-J+20D+20Duffie+20+3Cduffie+40smtp1+2Estanford+2Eedu+3E+40ENRON@ENRON.com] 
Sent:	Sunday, August 19, 2001 12:33 PM
To:	Kaminski, Vince J
Cc:	duffie@smtp1.stanford.edu
Subject:	Re: The first document for audit

Vince:

I read the relibaility-based VAR method document with interest.

Here are some comments:

1. The document falls short of describing how
to use the method in practice, but rather
gives some general motivation. I am confident
that I myself could not develop an algorithm
based on this document, unless all of the
derivative valuation functions are explicit
(and rather nice) functions
with explicit derivatives of the underlying variables, in which case
the VAR problem is n",Work
kean-s/rto/154.,Mailing List,"FW: FERC RTO Orders, Part 2","-----Original Message-----
From: 	Lawrence, Linda L.  
Sent:	Friday, July 13, 2001 10:04 AM
To:	Linnell, Elizabeth; Nicolay, Christi; Scott, Susan
Subject:	FERC RTO Orders, Part 2",Work
whalley-g/inbox/110.,Personal,Wine Cellar Software,"Hi Greg,
 
I sat next to this lady last week at dinner, you may know her. Anyway I asked her about wine cellar software and she recommened Robert Parkers Wine Cellar Software
 
<http://www.winetech.com/html/rpwacm.html>
 
Regards
 

Mark Pickering 
Chief Technology Officer

Enron Net Works, LLC

  _____  

-----Original Message-----
From: Andrea Immer [mailto:andrea@greatwinemadesimple.com]
Sent: 13 October 2001 15:01
To: Pickering, Mark
Subject: RE: Toast to Enron


Wow!  Does Enron Market the cool flying name thing I got when I opened your email?
You guys are amazing. Thanks very much for being such a fun group and for the compliment.
It is called Robert Parker's Wine Cellar Software, or similar, and available at wineenthusiast.com or, they also have a phone/catalog ordering option with ",Personal
wolfe-j/08_saved/15.,Mailing List,Formation of Enron Management Committee,"I am pleased to announce the formation of the Enron Management Committee.  The Management Committee comprises our business unit and function leadership and will focus on the key management, strategy, and policy issues facing Enron.  The Management Committee will supplant the former Policy Committee and will include the following individuals:

Ken Lay - Chairman and CEO, Enron Corp.
Ray Bowen - COO, Enron Industrial Markets
Michael Brown - COO, Enron Europe
Rick Buy - Exec VP & Chief Risk Officer, Enron Corp.
Rick Causey - Exec VP & Chief Accounting Officer, Enron Corp.
Dave Delainey - Chairman and CEO, Enron Energy Services
Jim Derrick - Exec VP & General Counsel, Enron Corp.
Janet Dietrich - President, Enron Energy Services
Jim Fallon - President & CEO, Enron Broadband Services
Andy Fasto",Work
jones-t/all_documents/9843.,Work,ETA Amendment - BP Oil Supply Company,"We have received the executed Amendment to Electronic Trading Agreement with 
the referenced Counterparty dated 2/22/01.  Copies will be distributed.",Work
germany-c/discussion_threads/502.,Mailing List,Opt 60 for 2/4,"fyi..
---------------------- Forwarded by Victor Lamadrid/HOU/ECT on 02/03/2000 
01:14 PM ---------------------------
   
	
	
	From:  Joann Collins @ ENRON                           02/03/2000 01:12 PM
	

To: Robin Barbe/HOU/ECT@ECT, Victor Lamadrid/HOU/ECT@ECT, Scott 
Hendrickson/HOU/ECT@ECT
cc:  
Subject: Opt 60 for 2/4

the OPT 60 contract has been restricted again for 2/4.  I spoke with TCO and 
they explained that the notice was posted late (11:15am) due some internal 
issue at TCO.  I normally check the notices early am and then again once 
nominations has be scheduled. 
wges  was=7314 now=0
hopewell was=25500 now=0
cgv1  was=209 now=0

I will need Emporia/Transco to deliver to Hopewell and any markets in oper 1.


thanks
joann",Work
mims-thurston-p/_sent_mail/124.,Personal,Re:,"Yes, I'll ask her, but I also know someone else that sings at weddings 
professionally!  Do you know what song?",Personal
delainey-d/all_documents/48.,Mailing List,Change to the Inga DASH,"Guys, what is this!!!!

No - I think that Ahlstrom should take this risk or it should be reflected in 
a price reduction. I vote not to do the deal otherwise.

Regards
Delainey  


---------------------- Forwarded by David W Delainey/HOU/ECT on 12/06/2000 
06:48 PM ---------------------------
   
	Enron North America Corp.
	
	From:  Chip Schneider @ ENRON                           12/06/2000 06:07 PM
	

To: Greg Blair/Corp/Enron@Enron, W David Duran/HOU/ECT@ECT, Terry W 
Donovan/HOU/ECT@ECT, Christopher F Calger/PDX/ECT@ECT, David W 
Delainey/HOU/ECT@ECT, Stephen H Douglas/HOU/ECT@ECT, Mark E 
Haedicke/HOU/ECT@ECT, Brian Redmond/HOU/ECT@ECT, David Gorte/HOU/ECT@ECT, Ben 
F Glisan/HOU/ECT@ECT
cc: George Schaefer/NA/Enron@Enron, William Keeney/HOU/ECT@ECT, Lou 
Stoler/HOU/ECT@ECT, David Lebo",Work
blair-l/meetings/227.,Work,Market Affiliate Meeting,"CALENDAR ENTRY:	APPOINTMENT

Description:
	Market Affiliate Meeting

Date:		10/17/2000
Time:		8:30 AM - 9:30 AM (Central Standard Time)

Chairperson:	Outlook Migration Team

Detailed Description:",Work
hodge-j/sent_items/19.,Work,Arbitration Provision,"Andy:

	I am in the process of revising my form CA and, in follow-up to a conversation we had, I would like you to take a look at the arbitration provision.  For ease of reference, the applicable section is Section 7.

Thanks so much for your help.

Jeff",Work
shankman-j/sent/648.,Work,Re: leaving date,"You got it.  Jeff


   Merritt Thomas                11/10/2000 03:39 PM

To: Jeffrey A Shankman/HOU/ECT@ECT
cc:  
Subject: leaving date

I spoke to my AWOL pal, Joe, today and sort of finalised a leaving date - 
I'll probably fly directly to London after Thanksgiving in Boston, so pencil 
me in for drinks or something before then...

Have a good weekend.

Merritt",Personal
nemec-g/all_documents/711.,Mailing List,Capacity Allocation Revisions,"Attached is a clean and redlined version of the Capacity Allocation and 
Expansion Determination Agreement.  I will follow with the LLC and 
Administrative Manager Agreement, however those changes will  be minor.  The 
substance is in this Agreement.",Work
kean-s/discussion_threads/1720.,Mailing List,"Indian State to Review Power Agreement With Enron Unit, AP Says","Indian State to Review Power Agreement With Enron Unit, AP Says
11/26/0 19:12 (New York)


     Houston, Nov. 26 (Bloomberg) -- The western Indian state of
Maharashtra will review its power agreement with Enron Corp.'s
Indian subsidiary after the price of electricity has almost
quadrupled, Associated Press reported.
     The second phase of an agreement with Dhabol Power Co., the
Indian unit of the Houston-based natural-gas and electricity
company, will be reviewed, AP reported, citing Maharashtra's chief
minister, Vilasrao Deshmukh.
     Enron was one of the first big foreign companies to enter
India after the Indian government opened up the economy to foreign
investors in 1991.

(AP 11/26)",Work
ermis-f/discussion_threads/252.,Work,PG&E Gas Transmission-NW: Kingsgate Capacity Restriction Extended,"Maintenance at Station 3 has not been completed as scheduled.  As the
Station 3 maintenance continues, the Kingsgate capacity will remain limited
to 2280 MMcf/d until further notice.

If you have any questions, please call our transportation coordinators at
(503) 833-4300.



PG&E National Energy Group and any other
company referenced herein that uses the PG&E name or
logo are not the same company as Pacific Gas and
Electric Company, the regulated California utility.  Neither
PG&E National Energy Group nor these other
referenced companies are regulated by the California Public
Utilities Commission.  Customers of Pacific Gas and Electric Company
do not have to buy products from these companies in order
to continue to receive quality regulated services from the utility.",Work
sanders-r/all_documents/3590.,Personal,Re: Pass this onto Chris - Thanks,I think you sent this to the wrong person---at least I hope so.,Work
nemec-g/sent/2030.,Work,Doc's for conference call,"Attached is latest version - due to quick turnaround, there may be a few 
typo's.

Julie, Gerald and I will be present. Talk to you then....",Work
campbell-l/discussion_threads/147.,Personal,Roswell Station Remediation - Recovery System,"The recovery system continues to produce too much water in spite of using 
product skimmers attached to the pumps. The problem is that product is 
forming an emulsion with water and the emulsion is recovered by the skimmers. 
Unfortunately the emulsion is more water than product. I believe this problem 
can be eliminated by using a different type of pump. The current pump system, 
manufactured by Marshalk, uses air to displace the product from the pump. We 
have been using a bladder pump fitted with a skimmer attachment, manufactured 
by Clean Environment Equipment, at Bell Lake and at Ivanhoe with very good 
success (and no emulsion problems). I have ordered three replacement pumps 
and skimmers (CEE GNE-24) to replace the three Marshalk pumps. I will have 
Clayton shut-down the recovery ",Work
ring-a/_sent_mail/78.,Personal,Fwd: THIS WILL BRIGHTEN YOUR DAY!!!,"---------------------- Forwarded by Andrea Ring/HOU/ECT on 03/29/2001 03:49=
=20
PM ---------------------------
  =20
=09
=09
=09From:  Karen D McIlvoy                           03/29/2001 01:12 PM
=09

To: ragan.bond@bhlp.com
cc:  (bcc: Andrea Ring/HOU/ECT)
Subject: Fwd: THIS WILL BRIGHTEN YOUR DAY!!!

Subject: Have Faith In Our Future Generation!!=20


> > >=20
> > >=20
> > >> Author and lecturer Leo Buscaglia once talked about a contest he was=
=20
asked to judge. The purpose of the contest was to find the most caring chil=
d.=20
> > >> The winner was a four year old child whose next door neighbor was an=
=20
elderly gentleman who had recently lost his wife. Upon seeing the man cry,=
=20
the little boy went into the old gentleman's yard, climbed onto his lap, an=
d=20
just sat there. Wh",Other
williams-j/all_documents/6.,Personal,"FW: Read Text, Then See Pics","see below directions.


---------------------- Forwarded by Brant Reves/HOU/ECT on 11/30/2000 01:11 
PM ---------------------------
From: Rafael Avila@EES on 11/30/2000 11:26 AM
To: Chris Riegler/Corp/Enron@Enron, George Hope/HOU/ECT@ECT, Brant 
Reves/HOU/ECT@ECT, Eddie Sera/Enron Communications@Enron Communications, 
lwells@wyndham.com
cc:  
Subject: FW: Read Text, Then See Pics


Read the text first before the pictures.

This is an advertisement out of a phone book in the US.  This was in the
yellow pages..... until they realized that if you turned it upside down
and covered her head and the hand holding the glass, all was not as it
seemed.  The telephone company has now taken this ad out because of the
content, but we found it for everyone to see.  Take a look at the first
picture, but ",Personal
symes-k/discussion_threads/1033.,Work,Re: deal 287933,"287933 shows Sempra Energy Trading as the counterparty......?




Evelyn Metoyer@ENRON
01/12/2001 09:24 AM
To: Kate Symes/PDX/ECT@ECT
cc:  

Subject: deal 287933


Please ch name to TransCanada Power, A Division of TransCanada Energy, 
instead of TransCanada Power Marketing


Thanks",Work
lavorato-j/sent/148.,Work,Re: Alberta Power Purchase Arrangement Auction,We're back baby.,Work
lokay-m/discussion_threads/79.,Personal,"So, what are we saying?","What does this all mean for you after July 1, 2000?

New SAP Coding for everyone
 This includes all new General Ledger Accounts, Workorder numbers and Cost 
Centers.  Company numbers have now been expanded to four positions.
 
All departments have been assigned a new SAP Cost Center number 
 A new SAP Company/Cost Center must be used to request Houston Office 
internal services such as:
   Forms & Stationary   
  Overnight Deliveries (Fed Ex, UPS, etc.)
  Audio/Visual Services
  TAP - Travel Agency in the Park
  A/C Lighting after hours
  Catering
  Contract Staff

New forms have been developed
 Invoice and Expense Reports will accommodate the new SAP codes.

Where do you find this new information?

Documentation, forms and cost center codes are on the intranet ""Quick 
Reference"" site at: ",Work
sager-e/notes_inbox/308.,Mailing List,Originals,"To the extent that any of you all are holding original documents for either 
the 1999s or 2000s, please forward them to either Stuart Zisman or me 
(2962D).  We are trying to pull together the files which will be delivered to 
Allegheny, and need to track down the originals.  On the 1999s, we are trying 
to tidy up the files in anticipation of the sale.

Thanks again for all the help.

Regards,

Don",Work
beck-s/sent_items/484.,Mailing List,FW: Paid Survey Invitation from The Councils of Advisors,"FYI

 -----Original Message-----
From: 	Hall, Bob M  
Sent:	Thursday, November  8, 2001 1:46 PM
To:	Beck, Sally
Subject:	FW: Paid Survey Invitation from The Councils of Advisors

thought this was interesting.  I did not complete.

later.

bob

 -----Original Message-----
From: 	""Councils of Advisors"" <jyockey@glgroup.com>@ENRON  
Sent:	Thursday, November 08, 2001 1:39 PM
To:	bob_m_hall@enron.com
Subject:	Paid Survey Invitation from The Councils of Advisors

Dear Bob Hall,
We would like to invite you to participate in a paid ($75.00) online survey for the Councils of Advisors.  This survey consists of 12 questions and should take approximately 15 minutes to complete.
 Click Here  to participate or learn more about this survey.  
Here is some more information:

Survey Title: Energy Trading I",Other
parks-j/inbox/199.,Work,Joe call me tomorrow,"at work
 
Joe Minniece
Director of IS
Hanover-Direct
415-984-9223
jminniece@gumps.com <mailto:jminniece@gumps.com>",Work
whalley-l/_sent_mail/40.,Personal,Re:,"yes it does.  how have you been?  have the electricity shortages made it to 
Stanford?",Personal
campbell-l/all_documents/1174.,Mailing List,Beavisbush & Cheny,"<<BeavisBushCheny.jpg>>

Another funny one !!


******************************************************************
This email and any files transmitted with it from El Paso
Energy Corporation are confidential and intended solely
for the use of the individual or entity to whom they are
addressed. If you have received this email in error
please notify the sender.
******************************************************************

 - BeavisBushCheny.jpg",Personal
dasovich-j/all_documents/9267.,Work,Welcome Carmen Perez and Karen Huang,"Please welcome Carmen Perez to our EBS Government Affairs group.  Carmen, who 
comes from the international government affairs group, is now the assistant 
for myself, Donald, Lara and XiXi.  She can be reached at 713 345-4952.

Carmen will be helping to organize us on many fronts, including budget 
matters.  (More details to come on that on our next Monday morning call).  
Additionally, Carmen will be keeping a calendar for use of our standing 
bridge line.  Feel free to use the line as often as you need, but please 
check with Carmen first so that we're not all trying to use it at the same 
time.

Also, I would like to welcome Karen Huang to our group.  Karen, who comes 
from EBS,  will be Scott's assistant in the Portland office.  Karen can be 
reached at 503 886-0396.",Work
carson-m/inbox/22.,Work,Check Request Confirmation,"Dear Michael Carson,

Your check request, case #020131-4476, was processed on January 31, 2002. It will be sent via mail and should arrive shortly.

Thank you for choosing E*TRADE!
------------------------------For E*TRADE Internal Use only----------------------------
Reference-Id: <8930548>
---------------------------------------------------------------------------------------",Personal
lay-k/inbox/1031.,Mailing List,Fw: Coronado Club Nominees,">Dear Members,

The following candidates have been nominated to serve on the Board of
> Directors for 2002. Please mark your vote and email to Carol at
> reservations@coronadoclub.com . You may also submit additional names for
consideration.
>
> Scott Kneese
> Robert Blakely
> Ernest Cockrell
> Berdon Lawrence
> Rodney Margolis
> Richard Skinner
> Irwin Levy
> Raye White
>
> Other:

Thank You,
Mike Stude
President
>
>
>",Personal
arnold-j/sent_items/307.,Personal,RE: BNP PARIBAS Commodity Futures Weekly AGA Survey,"61

 -----Original Message-----
From: 	daryl.dworkin@americas.bnpparibas.com@ENRON [mailto:IMCEANOTES-daryl+2Edworkin+40americas+2Ebnpparibas+2Ecom+40ENRON@ENRON.com] 
Sent:	Tuesday, August 14, 2001 10:15 AM
To:	daryl.dworkin@americas.bnpparibas.com
Subject:	BNP PARIBAS Commodity Futures Weekly AGA Survey




Good Morning,

Please provide your estimate for this week's AGA storage survey.

Here are this week's stats:

AGA Last Year       +52
5 yr AVG            +68
Lifetime High            +93  1996
Lifetime Low             +37  1995
Gas in STGE              2283
5yr AVG             2152
+/- to 2000              +298
+/- to 5yr AVG           +198

Please have your estimates in by Noon (11:00 CST) Wednesday.  Thank you.


(Embedded image moved to file: pic16721.pcx)
















_________",Work
germany-c/all_documents/2996.,Mailing List,Judy Townsend's P&L,"I don't see a year to date p&l for Judy.  My worksheet shows NYMX position to 
be flat and her yeart to date P&L is about ($146,000.00).  Would you just 
verify that for me please.

Thanks",Work
germany-c/sent_items/11.,Mailing List,FW: CGT - FTS-2 Capacity Auction,"Still looks like Columbia Gulf is selling Enron space.

-----Original Message-----
From: navigator@nisource.com [mailto:navigator@nisource.com]
Sent: Monday, June 24, 2002 9:48 AM
To: navigator@nisource.com
Subject: CGT - FTS-2 Capacity Auction



                       COLUMBIA GULF TRANSMISSION COMPANY                                    
                        NOTICE TO ALL INTERESTED PARTIES
                                  JUNE 24, 2002

Notice ID: 3845
5 - NO RESPONSE REQUIRED                          

Columbia Gulf Transmission is auctioning 47,395 dth/d of onshore firm capacity 
from Venice to Rayne, Louisiana at CGT's maximum onshore FTS-2 transportation 
rate.  

This capacity will be available July 1, 2002, with bids due by 2:00 p.m. 
(Central Time) on June 24, 2002.     

Det",Work
dasovich-j/all_documents/26.,Work,Notes on monopoly. . .,"Included are some notes on monopoly, competitive, and 2part tariff profit
maximization in the short-run. The colorful graphs in these notes are not
my creations.  I am a shameless internet graphics pillager. More notes
will be coming later. In other
news. . . evidently the Oct. 9 Berkeley review session will be moved up to
9 AM.  I'll be exploring the possibility of moving the Peninsula one up as
well, so you can all make it to your saturday night social mixers.   I'll
keep you updated in the several more emails you are likely to receive from
me this week.

J. Lamar Pierce
Ph.D Student
Haas School of Business
UC Berkeley



 - Notes on Monopoly.doc",Personal
dasovich-j/all_documents/2914.,Personal,VC Dinner waitlist - GOOD NEWS,"Great news!
We have been able to confirm the first 8 people on the waitlist by adding
another table for the VC Roundtable dinner on Mon 6th Nov.

Here are the names:
Jay Badenhope
Steven Sesar
Jerome Rougeot
Coco Kee
Leah Fine
Douglas Buzbee
Joseph Karp
Todd Miller

Further, there is now the possibility to add a further table (this will
only be confirmed tomorrow). So far we have the following people listed as
the next 8:

Lawrence Low
Peter Li
Aaron McNally
Will Birdsey
James Leonard
Florian Pestoni
David Hudson
Debra Underwood

Could all of you get checks for $25 (in favour of UC Regents) to my mailbox
(Nitin Chellaram) ASAP (look under Exchange Students in MBAA lounge) if you
have not already paid. Also, today is the last chance to e-mail me bios as
described in previous e-mails (2-3 pa",Personal
dasovich-j/all_documents/2839.,Work,Register for Spring 2001 starting Nov. 2,"Hi Evening MBA students:

Registration materials have been placed in your Haas Evening MBA
mailboxes.  Please check your mailboxes when you're here this week.

We're posting course descriptions to the web over the next few days.

See you,
TJ",Other
jones-t/all_documents/5747.,Work,Out of Office Dec. 4th-15th,"I will be out of the office starting  12/03/2000 and will not return until 
12/17/2000.

I will be out of the office through December 15th and will respond to 
messages on December 18th.  In the event that the matter is urgent please 
contact Alan Aronowitz at Alan.Aronowitz@enron.com",Work
lay-k/calendar/8.,Mailing List,Olympic Committee reception at George Demontrond's home. 700 Pine,"Olympic Committee reception
George Demontrond's home
Dress:  Business or Business Casual
Go West on Woodway from the West Loop through two signals.  Left on Pine Shadows.",Personal
dorland-c/sent_items/455.,Mailing List,,"The patented move is starting to pay. This just in. Skilling resigns for personal reasons. Wow!

cd",Personal
mcconnell-m/_sent_mail/44.,Mailing List,Re: Search Gala,"Im out of town
m",Personal
williams-j/deleted_items/109.,Work,Home Base Business!!,"How Would You Like to......
1. Drastically Reduce Personal, Business and Capital gains taxes?
2. Create a six figure income every 4 months?
3. Legally make yourself and your assets completely judgment-proof,
seizure-proof, lien-proof, divorce-proof, attorney-proof, IRS-proof, 
and become completely insulated?
TAKE A SERIOUS LOOK AT YOUR LIFE.....
Do you think you are paid what you are worth? 
Will you be set to retire in the next few years? 
Do you control the course of your day, or does someone watch over you?
The fact is we have many people in our enterprise that earn over 50k per
month from the privacy of their own homes, and are retiring in 2-3 years(wealthy)
and having total freedom-both personal and financial.
Many have been conditioned to believe it must be illegal, immoral or uneth",Other
skilling-j/inbox/44.,Personal,FINISH IN STYLE,"Help us with inaugurate our first-time finish tent in Austin (as big as regulations allow due to the space available).   It is there that you will get your finish prize which will add some real value to the pain and suffering of your two-day trek in addition to making you the envy of your neighborhood.   

Amy Moore, our Austin volunteer lead, will have been there since Saturday to make sure you get your fill of beer, soft drinks and junk food, which is just what most of us want at that point.

If you're hungrier than that, Hooter's is serving dinner to everyone with a wrist-band.

Reminder:  If you're riding the bus back to Houston, drop your bike first, and then celebrate.  Average time for bike transport to Houston after the drop is 5 hours, and it would be good to get the bike there be",Other
kaminski-v/_sent_mail/1973.,Work,Re: Dinner This Fri. in London?,"Ehud,

I had to cancel my trip to London. Steve Leppard will
take care of my presentations.

Vince





""Ehud I. Ronn"" <eronn@mail.utexas.edu> on 09/18/2000 09:12:47 AM
To: Lane Hughston <lane_hughston@yahoo.com>, vkamins@enron.com, 
pnance@teknecon.com, ds64@cyrus.andrew.cmu.edu, Steven.Leppard@enron.com, 
geman@edu.essec.fr, chris.harris@natpower.com
cc:  
Subject: Dinner This Fri. in London?


Colleagues,

Greetings.

I'd like to plan a dinner subsequent to the adjournment of this week's EPRM
Conference in London Fri. 9/22.  Whereas some of you have already notified
me of your availability or travel plans, please advise whether you are
available for dinner on Fri. 9/22 or Sat. 9/23.

Ehud

==============================================
     Ehud I. Ronn
     Jack S. Josey Professor in E",Work
dasovich-j/all_documents/218.,Work,NX vs. Current Account,"For those of you who were at Sunday study session - I was listening to my
tapes of the Wednesday class and he mentioned three things that can make the
current account different from NX. They are foreign aid, remittances and
income from foreign investments. He did say that in the simple (i.e. OUR)
case they are the same.

--
Peter deVroede
devroede@uppercase.xerox.com",Personal
perlingiere-d/deleted_items/201.,Work,Synchronization Log:,"17:41:02 Synchronizing Mailbox 'Perlingiere, Debra'
17:41:02 Synchronizing Hierarchy
17:41:03 	   2 folder(s) updated in offline store
17:41:03 Synchronizing Favorites
17:41:03 Synchronizing Folder 'Inbox'
17:41:10 	   4 item(s) added to offline folder
17:41:10 	   2 item(s) changed read-state in offline folder
17:41:10 Synchronizing Folder 'Outbox'
17:41:10 Synchronizing Folder 'Sent Items'
17:41:11 	   3 item(s) added to offline folder
17:41:11 Synchronizing Folder 'Calendar'
17:41:13 	   1 item(s) added to offline folder
17:41:13 	   2 item(s) deleted in offline folder
17:41:13 	   1 view(s)/form(s) added to offline folder
17:41:13 	   1 view(s)/form(s) deleted in offline folder
17:41:13 Synchronizing Folder 'Contacts'
17:41:13 Synchronizing Folder 'Drafts'
17:41:13 Synchronizing Folder",Work
dasovich-j/all_documents/2921.,Mailing List,Re: Message Points,"I think we should shy away from the 300 MW message.  It's getting in the way 
of the positive message, and the math turns out to be a bit ""Goreish.""  
(read: fuzzy)  I found myself wandering down all sorts of blind alleys in my 
spin to Dow Jones.  I say we generalize it more.  Something to the effect of 
""The price caps send the wrong message to the marketplace.  Whether it's gas 
lines in the seventies or bread lines in the old Soviet Union, price caps and 
market intervention cause problems.""


Mark",Work
giron-d/deleted_items/111.,Work,hello everyone,"Just a quick note to let you all know that my email and cell phone number
have changed.. the new email address is dab312@hotmail.com and my new cell
phone # effective immediately is 713-459-4064.

The reason for the email change is that i have had trouble recieving emails
with this one so I changed it so I can recieve emails from everyone. So feel
free to email me, so that I know that the new one works.  Talk to you later


_________________________________________________________________
Send and receive Hotmail on your mobile device: http://mobile.msn.com",Personal
salisbury-h/sent_items/125.,Work,Re: Respond to this Questionnaire---Opportunities for FUN!,"I am interested in three tickets per game and would like to attend from five to ten Beavers games and one to two Timbers games.

Thank You,
Holden






Debra Davidson
04/27/2001 02:21 PM
To:	Portland West Desk
cc:	 

Subject:	Respond to this Questionnaire---Opportunities for FUN!


                            ***  Respond to Debra Davidson by April 30 ***

Trading, Origination, Asset Services, and Community Affairs have purchased a box suite (17 seats) at PGE Park.  This entitles these groups the opportunity to have a total of 17 people attend each home Beavers and Timbers game.  The Enron PGE Park Committee (comprised of some employees from the groups above) is working together to ensure equitable distribution of tickets so that everyone on the floor will have an opportunity to attend ga",Personal
mccarty-d/deleted_items/305.,Work,From Bad to Worse?,"Ever really want someone to wake you up from a bad dream...

The good news is Enron Freight is no longer one of the non-core business entities on the fence. The bad news is we fell on the wrong side of the fence. The word is, basically, sell yourselves to someone or liquidate.

Any suggestions on where I should start looking?

Our house hasn't sold in Indy yet, but the job market there is pretty slim. Think we'll go ahead and plan to stay here in Houston.

Any ideas?

Thanks.

Joel",Personal
shapiro-r/granite__2_/24.,Work,FW: Application Filing,"My proposed response:  

""Jason:

From Enron and Dynegy's standpoint, there is a binding contract between NWN and Enron for the sale of PGE.  There is only one suitor.  Dynegy remains committed to the transaction.  At this juncture, Dynegy is analyzing Oregon law to determine how it applies to them ... so it's premature to discuss 511.  

To use your analogy--""there's no reason to be envious, you picked the best the bride.""

We hope that everyone can stay focused on the NWN transaction--at this point it is the only proposal for the acquisition of PGE pending before the OPUC.  

Hope you are well.  Give me a call if you have any questions.  

-----Original Message-----
From: Citizens' Utility Board of Oregon [mailto:orcub@pacifier.com]
Sent: Wednesday, November 14, 2001 8:37 AM
To: DUDLEY, ",Work
symes-k/_sent_mail/1016.,Work,Re: IMPORTANT - READ NOW,"I have read and understood your e-mail regarding protocol for e-mail and 
files during this time of investigation by the Attorney General. I intend to 
comply with all the policies outlined in it.  I apologize for the delay in my 
response; I was out of town for the holidays.

Kate Symes",Work
campbell-l/all_documents/793.,Personal,FW: born on Halloween,"> > <<TEEF.JPG>>


******************************************************************
This email and any files transmitted with it from El Paso
Energy Corporation are confidential and intended solely
for the use of the individual or entity to whom they are
addressed. If you have received this email in error
please notify the sender.
******************************************************************

 - TEEF.JPG",Personal
arnold-j/_sent_mail/267.,Mailing List,,Congrats on your new job..,Personal
benson-r/all_documents/10.,Personal,Fwd: The Condom Emergency,"> 
>A Taste of Canadian Humour........ 
> 
> 
> 
>President George W. Bush called Prime Minister Jean Chretien with a pressing 
>emergency; ""Our largest condom factory has exploded,"" the American President 
>cried. ""My people's favourite form of birth control! This is a disaster!"" 
> 
>""George, da Canajian pipple would be 'appy to do anyt'ing wit'in der power 
>to 'elp you,"" replied the Prime Minister. 
> 
>""I do need your help,"" said Bush. ""Could you possibly send us 1,000,000 
>condoms ASAP to tide us over?"" 
> 
>""Certainment! I will get on hit right haway,"" said Jean. 
> 
>""Oh, and one small favour, please?"" said President George W. "" 
> 
>Oui?"" 
> 
>""Could the condoms be red, white and blue, and at least 10 inches long, with 
>a 4 inch diameter?"" asked Bush. 
> 
>""No prob'lem,"" replied",Personal
cash-m/sent_items/6.,Mailing List,FW: SPECIAL EDITION ... The EmploymentSource Newsletter,"As a follow up to the discussion today, this may be of assistance.  Michell=
e

 -----Original Message-----
From: =09Lighthill, Sandra =20
Sent:=09Wednesday, September 12, 2001 2:25 PM
To:=09Cash, Michelle; Hope, Valeria A.; Johnson, Rick
Subject:=09FW: SPECIAL EDITION ... The EmploymentSource Newsletter

FYI and akin to our meeting this morning.

Sandra

 -----Original Message-----
From: =09Employment Practices Solutions <eps@epexperts.com>@ENRON [mailto:I=
MCEANOTES-Employment+20Practices+20Solutions+20+3Ceps+40epexperts+2Ecom+3E+=
40ENRON@ENRON.com]=20
Sent:=09Wednesday, September 12, 2001 1:05 PM
To:=09EPS@list.epexperts.com
Subject:=09SPECIAL EDITION ... The EmploymentSource Newsletter


[IMAGE]
The  EmploymentSource Newsletter=20
SPECIAL EDITION
Our Mission is To Help Employers Enhan",Work
stokley-c/chris_stokley/sent/150.,Mailing List,UPDATE,"Anything new going on w/ your current hunt for opportunities.


			Chris",Personal
germany-c/inbox/94.,Mailing List,FW: Meeting Invitation from Steve Westgate,"-----Original Message-----
From: 	Steve Westgate  [mailto:swestgate@enporion.com] 
Sent:	Wednesday, May 16, 2001 1:19 PM
To:	judy.townsend
Subject:	Meeting Invitation from Steve Westgate

Please respond to swestgateJudt Townsend,

Steve Westgate has invited you to join a meeting on the Web, using WebEx.

-------------------------
TO JOIN THE MEETING
-------------------------
On 5/18/2001, at 12:00PM, (GMT -04:00) Eastern Time, USA & Canada (DayLight Time),
click this URL:

http://enporion.webex.com/webex/e.php?AT=JE&EventID=408266&UUID=191911

The password is: keyspan

-------------------------
FIRST TIME USERS
-------------------------
For fully interactive meetings, including the ability
to present your documents and applications, a one-time
setup takes less than 10 minutes.

To set up n",Work
dasovich-j/all_documents/11715.,Personal,2001 UC-Berkeley Business Plan Competition WINNERS,"Dear Haas Community,

The 2001 UC-Berkeley Business Plan Competition Organizing Committee wants t=
o=20
share a little joy with everyone at Haas:

Last night's Final Event completed this year's Competition with RAPT=20
Technologies walking away with both the $50,000 first prize and the $5,000=
=20
People's Choice Award (as voted on by the audience). RAPT has developed a=
=20
dramatically faster and more cost-effective technology for etching and=20
polishing optical and semiconductor materials.=20

Aprotea Biochips earned $25,000 for second place. Aprotea developed a=20
patent-pending biochip for parallel analysis of 100 to 10,000 protein=20
samples, and is designed to be bio-compatible with virtually all proteins a=
nd=20
capture agent libraries.=20

TruVideo rounded out the top three with",Other
dasovich-j/all_documents/11714.,Personal,2001 Berkeley Business Plan Competition WINNERS,"Dear Haas Community,

The 2001 Berkeley Business Plan Competition Organizing Committee wants to=
=20
share a little joy with everyone at Haas:

Last night's Final Event completed this year's Competition with RAPT=20
Technologies walking away with both the $50,000 first prize and the $5,000=
=20
People's Choice Award (as voted on by the audience). RAPT has developed a=
=20
dramatically faster and more cost-effective technology for etching and=20
polishing optical and semiconductor materials.=20

Aprotea Biochips earned $25,000 for second place. Aprotea developed a=20
patent-pending biochip for parallel analysis of 100 to 10,000 protein=20
samples, and is designed to be bio-compatible with virtually all proteins a=
nd=20
capture agent libraries.=20

TruVideo rounded out the top three with a ",Other
sanders-r/deleted_items/121.,Mailing List,Bid/Ask - Affidavits,"Scott Breedlove ( V & E Dallas) called re affidavits. I suggested he send an e-mail stating the subject/information to be covered in each affidavit.  Based on that, you can decide the best person to attest to the content.

Diane",Work
perlingiere-d/deleted_items/65.,Personal,Synchronization Log:,"10:29:58 Synchronizing Mailbox 'Perlingiere, Debra'
10:29:58 Synchronizing Hierarchy
10:29:58 Synchronizing Favorites
10:29:58 Synchronizing Folder 'Inbox'
10:29:58 	   1 item(s) added to offline folder
10:29:58 	   1 item(s) updated in offline folder
10:29:58 	   1 item(s) changed read-state in offline folder
10:29:58 	   4 item(s) deleted in offline folder
10:29:58 Synchronizing Folder 'Outbox'
10:29:58 Synchronizing Folder 'Sent Items'
10:29:59 	   5 item(s) added to offline folder
10:29:59 	   1 view(s)/form(s) updated in offline folder
10:29:59 Synchronizing Folder 'Calendar'
10:29:59 Synchronizing Folder 'Contacts'
10:29:59 Synchronizing Folder 'Drafts'
10:29:59 Synchronizing Folder 'Journal'
10:29:59 Synchronizing Folder 'Notes'
10:29:59 Synchronizing Folder 'Tasks'
10:29:59 Synchro",Work
hain-m/_sent_mail/153.,Work,Re: FW: SDG&E v. CalPX,"Assuming it's okay with Richard Sanders, would you add the above people from 
our affiliate Portland General Electric to your E-mail list?


   
	Enron Capital & Trade Resources Corp.
	
	From:  ""Fergus, Gary S."" <GFergus@brobeck.com>                           
02/15/2001 11:44 AM
	

To: ""A. William Urquhart (E-mail)"" <awu@qeuo.com>, ""Alan Z. Yudkowsky 
(E-mail)"" <ayudkowsky@strook.com>, ""Andrzej Kabarowski (E-mail)"" 
<andrzej_kabarowski@cargill.com>, ""Antoine P. Cobb (E-mail)"" 
<antoine.cobb@troutmansanders.com>, ""Arlen Orchard (E-mail)"" 
<aorchar@smud.org>, ""Blair R. Strong (E-mail)"" <rbstrong@painehamblen.com>, 
""Brian Currey (E-mail)"" <bcurrey@omm.com>, ""Cheryl Feik Ryan (E-mail)"" 
<cfr@vnf.com>, ""Cliff Gunter (E-mail)"" <cgunter@bracepatt.com>, ""D. Russo 
(E-mail)"" <drusso@reliantenergy",Work
quigley-d/sent_items/370.,Personal,my badge,"Ina,

My badge would not scan in the sky ring and also takes many swipes get in to the main floor and also to open the doors on 32.
Can you find out if I can get a new on with out going down there myself ?

thnx

dq",Work
buy-r/inbox/372.,Work,Colin Powell on Leadership,"Thought you might appreciate this.

Doug

Douglas A. Leyendecker

Leyendecker & Associates
713-862-3030
http://www.leyendecker.com",Personal
mann-k/_sent_mail/3145.,Work,Birthday,"Is it true that tomorrow is your birthday?  If so, Happy Birthday!!!",Personal
ring-r/deleted_items/265.,Personal,Re:,"Hey Richard,

I still need your new office address if you can fire it off to me.

Elliot",Work
richey-c/inbox/21.,Mailing List,,"This looks like it might be built with you in mind.  Small. TV and DVD. http://www.toshiba.ca/ceg/html/MD20FL1.htm  
Jai Hawker 
Peters & Co. Limited 
(403) 261-2259",Personal
perlingiere-d/deleted_items/240.,Personal,"Contract for: Don McKee Dirlling, Inc.","Debra,

Would you please prepare and mail a new contract to:

Don McKee Dirlling, Inc.
1041 Hillside Rd
PO Box 326
Newark, OH  43058

Contact:  Donald S. Mckee, President
Phone:  740-366-6053

Meter's:  717622, 719444, 721843, 721845, 725870
State:  Ohio
County:  Knox

Effective Date:  November 1, 2001
Term:  Monthly w/60 day notification
Price:  100% FOM IF TCo Index less any gathering and/or processing fees incurred by Buyer including those fees charged by Gatherco, Inc.

Ownership of the above meter was transferred  to Don McKee Drilling, Inc. effective 11/1/01 by Reliance Energy, Inc.

Thanks,
John",Work
taylor-m/all_documents/3716.,Work,Re:,"Unfortunately I'm already booked for breakfast (which is unusual for me).  
I'm free for lunch though on both days if you are.



	EFeo@milbank.com
	11/10/2000 12:48 PM
		 
		 To: mark.taylor@enron.com
		 cc: 
		 Subject: 




Mark-- 

Hudanish says he is at a closing in North Carolina next week. As I recall, 
you are in NY on Monday and Tuesday.? Any chance we could meet for breakfast 
on Tuesday?

Regards, 

Ed Feo 


________________________________ 
Edwin F. Feo 
Milbank, Tweed, Hadley & McCloy LLP 
601 South Figueroa Street, 30th Floor 
Los Angeles, CA? 90017 
efeo@milbank.com 
http://www.milbank.com 
(213) 892-4417 - Direct Dial 
(213) 892-4717 - Direct Fax 
(213) 629-5063 - General Fax 
(213) 446-3206 or (310) 968-0670 - Mobile 



This e-mail message may contain legally privileged ",Work
steffes-j/inbox/484.,Personal,MIT FORUM,"Join the MIT Forum - www.mitforumtexas.org  on  Monday.
Jim",Other
stclair-c/all_documents/2318.,Personal,Ladies Tues USTA Schedule,"I typed up the schedule of play for our league which might be  helpful.? It is
attached, so forward it to anyone you think may want  it.? If they are not 
included,
it's because I don't have their email address.
?

Cas Moll 
Tel:713-435-6704 
Fax: 713-435-6905 
Email:? cmoll@loomisfargo.com 
?
 - USTA 2001 Schedule.doc",Personal
dasovich-j/all_documents/10681.,Work,Fall 2001 classes,"Hi Evening MBA students,

CONTINUING STUDENTS:
We just mailed a Fall 2001 registration packet to your home address, with
class schedules, course information, and Telebears registration
procedures.  All the details are included in the packet.

Thursday, April 19 (11:30 a.m. - 10:00 p.m.) and
Friday, April 20 (7:00 a.m. - 9:00 a.m.)
are the Telebears registration times for Evening MBA students.

December 2000 and May 2001 GRADUATES:
Congratulations to you!

See you!
TJ",Other
kaminski-v/all_documents/11198.,Personal,RE: Address,"Confirmed

-----Original Message-----
From: Vince.J.Kaminski@enron.com [mailto:Vince.J.Kaminski@enron.com]
Sent: Friday, June 02, 2000 03:21 PM
To: DeAngelo, David J.
Cc: Vince.J.Kaminski@enron.com
Subject: Address




Vincent Kaminski
Managing Director
ENRON  Corp.
1400 Smith Street, Room 1962
Houston, TX 77251-1188
Phone: (713) 853 3848
Fax      : (713) 646 2503
E-mail: vkamins@enron.com",Work
dasovich-j/all_documents/12581.,Personal,RE: Summary of Today's Call/Agenda for Tomorrow's Call,I'll be here.,Work
mann-k/_sent_mail/2388.,Personal,Fwd: [Fwd: FW: Santa's Trial],"---------------------- Forwarded by Kay Mann/Corp/Enron on 12/14/2000 02:35 
PM ---------------------------


Heather Kroll@ECT
12/14/2000 02:18 PM
To: Kay Mann/Corp/Enron@Enron
cc:  

Subject: Fwd: [Fwd: FW: Santa's Trial]

You've gotta' love lawyers.
---------------------- Forwarded by Heather Kroll/HOU/ECT on 12/14/2000 02:17 
PM ---------------------------


Adriana Celedon
12/14/2000 02:15 PM
To: Ozzie Pagan/HOU/ECT@ECT, Heather Kroll/HOU/ECT@ECT, Stephanie 
Gardner/HOU/ECT@ECT, Christy Chapman/HOU/ECT@ECT, Claudette 
Harvey/HOU/ECT@ect, Judy Martinez/Corp/Enron@Enron
cc:  
Subject: Fwd: [Fwd: FW: Santa's Trial]


---------------------- Forwarded by Adriana Celedon/HOU/ECT on 12/14/2000 
02:13 PM ---------------------------


Steve Wang@ENRON
12/14/2000 01:57 PM
To: Adriana Celedon/HO",Personal
bass-e/_sent_mail/2382.,Work,,what is your home phone #?,Personal
kean-s/sent_items/166.,Mailing List,FW: Security Concern,"Please look into this and give Shelley a call back

 -----Original Message-----
From: 	Corman, Shelley  
Sent:	Friday, October 26, 2001 8:05 AM
To:	Corporate Security
Cc:	Kean, Steven J.
Subject:	Security Concern

With heightened security concern in the building this morning, I wanted to report two items:

1. When I parked in the Allen Center Garage this morning, level 7 yellow section (at the top of the stairs from the Enron building, just under the covered area), I noticed a large brown/copper truck.  I park my blue explorer in this same spot every day and I have never seen this truck before.  It's probably nothing, just wanted to report it.

2. When I reached my desk this morning I wanted to call in this concern.  I pulled up the corporate security number listed on the website 713-435-2",Work
dasovich-j/all_documents/725.,Personal,CHANGES TO CEA PHONE SYSTEM,"I just wanted to let you know that starting on September 5th, CEA's phones
will be answered by an automatic system.  This is being done so that we can
free up Carin to focus more on office management and client services.  As a
result, when you dial the CEA number (415-421-4213) you will hear a recorded
message asking you to enter the three digit extension of the person you are
trying to reach.  If you do not know the extension, you can select an option
that puts you into the company directory.  If you know the extension, you
can enter the three digits as soon as you hear the voice from the automated
system (i.e., you don't have to wait).  For your information, here are the
three digit extensions for everyone at CEA:

Carin D'Oliva - 101
Kirk Marckwald - 102
Peter Okurowski - 103
Darcy Whal",Work
sanders-r/all_documents/5182.,Personal,McConville,"What is the status of Kevin McConville? 

I? learned today from one of the other plaintiff's lawyers that Hennegan 
wants to take Kevin's deposition before the end of discovery, so this may 
come to a head soon.



This e-mail message may contain legally privileged and/or confidential 
information. If you are not the intended recipient(s), or the employee 
or agent responsible for delivery of this message to the intended 
recipient(s), you are hereby notified that any dissemination, 
distribution or copying of this e-mail message is strictly prohibited. 
If you have received this message in error, please immediately notify 
the sender and delete this e-mail message from your computer.",Work
lay-k/inbox/816.,Personal,Your December CapstoneOnline Awaits...,"Good morning!
Your December issue of CapstoneOnline awaits your review.

Read about:

- The new Health Sciences Library Dedication
- The Day Forum on Terrorism
- The $1.9M Grant from the Lilly Endowment Inc.
And much, much more!!

Click below to read this month's issue.

http://www.howard.edu/newsevents/Capstone/

LaWanza Spears
Publications Coordinator
Office of University Commmunications
Ph: 202-238-2334",Other
brawner-s/sent_items/30.,Work,FW: Enron,"I had mentioned to you last night that I would forward you the memo I sent my CEO of Enron yesterday.
Today seems better here, not so much anger around the trade floor.    This is our BID Week so we have alot of business to take care of.  And as of  9:11 this morning our stock is actually up slightly for the 1st time in weeks.  Hopefully,  we can close ont he Highs.
 -----Original Message-----
From: 	Brawner, Sandra F.  
Sent:	Wednesday, October 24, 2001 10:04 AM
To:	Whalley, Greg
Cc:	Brawner, Sandra F.; Lavorato, John
Subject:	Enron 

	As I sit here this Wednesday morning and watch ENE trade $15.80 I can not begin to explain the pit in my stomach.  I have been an employee of Enron since June of 1984, I have never written a memo to my CEO to express opinions and or ask direct questions. 
	",Work
perlingiere-d/deleted_items/8.,Work,Synchronization Log:,"11:17:56 Synchronizing Mailbox 'Perlingiere, Debra'
11:17:56 Synchronizing Hierarchy
11:17:56 Synchronizing Favorites
11:17:56 Synchronizing Folder 'Inbox'
11:17:57 	   1 item(s) updated in offline folder
11:17:57 	   1 item(s) changed read-state in offline folder
11:17:57 	   12 item(s) deleted in offline folder
11:17:57 	   1 view(s)/form(s) updated in offline folder
11:17:57 Synchronizing Folder 'Outbox'
11:17:57 Synchronizing Folder 'Sent Items'
11:17:58 	   2 item(s) added to offline folder
11:17:58 Synchronizing Folder 'Calendar'
11:17:58 	   1 item(s) added to offline folder
11:17:58 	   1 item(s) updated in offline folder
11:17:58 	   2 item(s) deleted in offline folder
11:17:58 Synchronizing Folder 'Contacts'
11:17:58 Synchronizing Folder 'Drafts'
11:17:58 Synchronizing Folder 'Jo",Work
dasovich-j/all_documents/684.,Work,FW: WSCC price spikes / Van Vactor Oregon PUC testimony,"This is a paper on the recent WSCC price spikes by Sam Van Vactor of
Economic Insight in Portland, Oregon.  Sam presented this to the Oregon PUC
this past Monday.

Since it addresses the supply / demand situation as well as the California
utility underscheduling behavior, I thought you'd like to see it.

Regards,
Fred

 Frederick H. Pickel, Ph.D
 Vice President
 Tabors Caramanis & Associates
 Los Angeles, California
 & Cambridge, Massachusetts
 email: fpickel@tca-us.com
 alternate email: fred.pickel@ALUM.mit.edu
 tel +1 (323) 937-7920


-----Original Message-----
From: Sam Van Vactor [mailto:svv@econ.com]
Sent: Wednesday, August 16, 2000 9:30 AM
To: fpickel@tca-us.com
Subject: spikes




 - att1.htm
 - Spikes.PDF",Work
stokley-c/chris_stokley/projects/ees_/neil_b_/1.,Mailing List,"Re: FW: Informational Brown-Bag, Tuesday, June 26th - Mt. Hood","Issue number 7 is of particular interest.  Lets get an opinion on this so we can forma a scheduling strategy. 

NFB",Work
crandell-s/inbox/24.,Work,FW: Wire Transfer Confirmation,"Here is the wire info

 -----Original Message-----
From: 	Sewell, Doug  
Sent:	Friday, January 25, 2002 3:05 PM
To:	Thome, Stephen
Subject:	FW: Wire Transfer Confirmation


 -----Original Message-----
From: 	Hart, Reginald  
Sent:	Friday, January 25, 2002 5:05 PM
To:	Sewell, Doug
Subject:	Wire Transfer Confirmation

01/25/02            FINANCIAL STATUS FOR     01/25/02  18:03         PAGE  23
ACCOUNT:  40781075      ENRON CORP-ECT CASH SVC

30202545519 SAME DAY DR TRANSFER                  194,000.00
            GID:LCT20253325700
            FED20020125B1Q8024C006279
            USER REF:S053022000156157
            REF:      S053022000156157
            ORDER:    ENA CASH SERVICES
            CR BK ID: 121000248
            CR BK:    WELLS FARGO BANK SAN FRANCISCO, CA
            BENEF: ",Work
bass-e/_sent_mail/1449.,Personal,The Pictures,"check these out - see if you want any developed.  (you have to unzip the file)


---------------------- Forwarded by Eric Bass/HOU/ECT on 12/20/2000 08:07 AM 
---------------------------


""Jason Bass"" <jbass1@houston.rr.com> on 12/19/2000 06:18:20 PM
To: <Eric.Bass@enron.com>
cc:  
Subject: The Pictures



?
 - eric.zip",Personal
whitt-m/inbox/397.,Mailing List,RE: <<Concur Expense Document>> - MW100901,"Barry,

The Jackson Hole Lodging (Huff House) for Mark and Paul was all charged on Mark's card.  The way the lodging was broken up is as follows: 2 rooms, 2 night stay, $215.00 per night per room + 6% tax.  So, actual charges for Mark Whitt was $455.80, and for Paul Lucci was $455.80, for a grand total of $911.60.  

Paul has not given me his receipts from this trip just yet, but the only major travel associated charges he should have to expense would be airfare, which was $251.50. As Mark also had the rental car charged to his expenses.

Please let me know if you need anything further on this, or if you have questions.

Thanks,
Heidi

-----Original Message-----
From: Whitt, Mark 
Sent: Friday, October 12, 2001 2:20 PM
To: DuBose, Heidi
Cc: Tycholiz, Barry
Subject: FW: <<Concur Expense Doc",Work
corman-s/calendar/64.,Mailing List,Draft Penalty Brief,"------------
From:	""Schwitzer, Jennifer Lokenvitz"" <jschwitzer@mcguirewoods.com>@ENRON [IMCEANOTES-+22Schwitzer+2C+20Jennifer+20Lokenvitz+22+20+3Cjschwitzer+40mcguirewoods+2Ecom+3E+40ENRON@ENRON.com]
Sent:	Monday, March 19, 2001 6:48 PM
To:	'carl.fink@neg.pge.com'; 'clevander@nisource.com'; 'cdavis@glgt.com'; 'coharra@velaw.com'; Getchell, E. Duncan Jr.; 'hendricksond@epenergy.com'; 'fkelly@gbmdc.com'; 'hmay@velaw.com'; 'rmfmckinney@aol.com'; Schwitzer, Jennifer Lokenvitz; Blasiak, James L.; 'jdreskin@INGAA.org'; 'jhb@vnf.com'; 'jschaefgen@thelenreid.com'; 'jjohnson@velaw.com'; 'jneason@wcp.twc.com'; 'tiggka@wbip.com'; 'KBDriver@JonesDay.com'; 'kkrieger@nisource.com'; 'alexanderl@dsmo.com'; 'mark.cook@coastalcorp.com'; 'marsha.palazzi@neg.pge.com'; 'mike.mcmahon@gulfsouthpl.com'; 'pik@vnf.",Work
perlingiere-d/deleted_items/110.,Work,Synchronization Log:,"17:17:51 Synchronizing Mailbox 'Perlingiere, Debra'
17:17:51 Synchronizing Hierarchy
17:17:51 	   2 folder(s) updated in offline store
17:17:51 Synchronizing Favorites
17:17:51 Synchronizing Folder 'Inbox'
17:17:53 	   3 item(s) changed read-state in offline folder
17:17:53 	   20 item(s) deleted in offline folder
17:17:53 	   1 view(s)/form(s) updated in offline folder
17:17:53 Synchronizing Folder 'Outbox'
17:17:53 Synchronizing Folder 'Sent Items'
17:17:54 	   2 item(s) added to offline folder
17:17:54 Synchronizing Folder 'Calendar'
17:17:54 	   1 view(s)/form(s) updated in offline folder
17:17:55 Synchronizing Folder 'Contacts'
17:17:55 	   1 item(s) added to offline folder
17:17:55 	   1 view(s)/form(s) added to offline folder
17:17:55 Synchronizing Folder 'Drafts'
17:17:55 Synchroni",Work
lay-k/inbox/1694.,Mailing List,,"Just about everything I wrote to you is now being voiced, in one form or
the other, by the press and many shareholders.

Are you going to blink, bolt and run away like Jeff or will you navigate
Enron though this storm?

Neal Shaw
U.S. Energy Services, Inc.
Phone:  (402) 861-9520
Cell:      (402) 578-8897
Fax:      (402) 861-0461",Personal
dasovich-j/inbox/704.,Work,SDG&E,"Attached is a revision of the 10/20 advice letter summary  for SDG&E.  My secretary noted I had typos in the dates for AL 1367 and AL 1370.  Sorry about that.  Have a good week.

Dan
 
Law Offices of Daniel W. Douglass
5959 Topanga Canyon Blvd.  Suite 244
Woodland Hills, CA 91367
Tel:   (818) 596-2201
Fax:  (818) 346-6502
douglass@energyattorney.com <mailto:douglass@energyattorney.com>",Work
shackleton-s/deleted_items/375.,Work,FW: wc board mission to Israel,"> -----Original Message-----
> From:	Silverman, Marsha [SMTP:Marsha.Silverman@ujc.org]
> Sent:	Wednesday, January 23, 2002 9:13 AM
> To:	CAVALIER,D. MD; 'wiseoreck@aol.com'
> Subject:	FW: wc board mission to Israel
>
>
>
> -----Original Message-----
> From: Silverman, Marsha
> Sent: Wednesday, January 23, 2002 9:51 AM
> To: Andrea Dubroff; Annie Sandler (E-mail); Kleper, Ann-Louise; arlene
> wittels (E-mail); carol smokler (E-mail); carollee getz (E-mail); deborah
> cavalier; DEDE FEINBERG (E-mail); diane lindholm; diane wohl; donna field;
> Eileen Schwartz (E-mail); elaine bettman; elisefeldman (E-mail); EVIE
> LICHTER (E-mail); joyce gerstein; julie wise oreck; lili kauffmann; Linda
> Klein (E-mail); lori klinghoffer; LYNNE HIMELSTEIN (E-mail); margot
> benstock; michele rosen (E-mail); ",Personal
dasovich-j/inbox/1679.,Work,E283-1: Real Estate Finance - Rockefeller CMBS Spreadsheet Now,"Assignment 'Rockefeller CMBS Spreadsheet' for Class: 'E283-1: Real Estate Finance' is now available through the Izio system.



Note: To stop receiving these notifications, please uncheck the box labeled 'I want to be notified by email when course information is updated' in the 'Properties' section under the HOME menu bar.

 
				 


===========================================
This message was sent from the Izio system at http://haas.Izio.convene.com.   
If you have any questions or comments regarding this email or the Izio system, please forward them to IzioSupport@convene.com.",Other
neal-s/inbox/135.,Work,,"Hey Scott, I've been removed from the  brokerage desk.  New phone number is 713 426-5308.
Thanks for everything. 
Kay
 
CONFIDENTIAL: This e-mail, including its contents and attachments, if any, are confidential. If you are not the named recipient please notify the sender and immediately delete it. You may not disseminate, distribute, or forward this e-mail message or disclose its contents to anybody else. Copyright and any other intellectual property rights in its contents are the sole property of Tradespark, Inc.
E-mail transmission cannot be guaranteed to be secure or error-free. The sender therefore does not accept liability for any errors or omissions in the contents of this message which arise as a result of e-mail transmission.  If verification is required please request a hard-copy",Personal
beck-s/deleted_items/299.,Work,new address for Robin/Mallory Gladstein,"New address, effective 11/28/01: 
 
Robin & Mallory Gladstein
5514 Havenwoods  Dr.
Houston, TX  77066-2410
New fax number:  281-895-7038;  phone number, cell number and email stay the same.",Personal
mckay-j/personal/39.,Work,Whispering Pines Golf Outing,"Fred Lagrasta  has asked me to invite you to play a round of golf with several others at Enron at Whispering Pines on Saturday, October 27th .   The tee time is set for 10 AM.   Please rsvp to me.

Thanks,
Becky Young
x30622",Personal
love-p/sent_items/131.,Mailing List,official post ids,"I need all of your official post ids from your old books for the date of 11/30/01.  Please email them to me ASAP.
PL",Work
brawner-s/inbox/81.,Mailing List,FW: Sanders Morris analyst piece on Enron,"-----Original Message-----
From: Mrha, Jean 
Sent: Tuesday, November 13, 2001 10:12 AM
To: Schwieger, Jim
Subject: FW: Sanders Morris analyst piece on Enron



Jim,

Do you remember Rob Lloyd?  He know works at AIM Funds here in town.  Please read the piece below - I think it is well written and summarizes our sad situation succinctly.

Regards, Jean
-----Original Message-----
From: Lloyd, Robert J [mailto:Robert_Lloyd@AIMFUNDS.COM]
Sent: Tuesday, November 13, 2001 9:41 AM
To: Mrha, Jean
Subject: Sanders Morris analyst piece on Enron


Jean, 

Thought you'd find this interesting.  It's an excerpt from an analyst's note
out this AM.

A Perspective: R.I.P. Enron:
It took sixteen years to build Enron into a $63 billion asset powerhouse,
but only 24 days for it to disintegrate.

The fatal flaw",Work
scholtes-d/diana_scholtes/saved_sent/16.,Mailing List,FW: FW: FERC to adjust Caps?????????,"-----Original Message-----
From: 	Fisher, Mark  
Sent:	Tuesday, October 02, 2001 9:08 AM
To:	Scholtes, Diana
Subject:	Re: FW: FERC to adjust Caps?????????

I think this was sent to the wrong Mark Fisher. I work at Enron Wind.

Mark Fisher


From:	Diana Scholtes/ENRON@enronXgate on 10/02/2001 11:10 AM CDT
To:	Sean Crandall/ENRON@enronXgate, Michael M Driscoll/ENRON@enronXgate, Mike Swerzbin/ENRON@enronXgate, Tim Belden/ENRON@enronXgate, Alan Comnes/ENRON@enronXgate, Tom Alonso/ENRON@enronXgate, Mark Fisher/EWC/Enron@Enron, Matt Motley/ENRON@enronXgate
cc:	Tim Heizenrader/ENRON@enronXgate 

Subject:	FW: FERC to adjust Caps?????????



-----Original Message-----
From: Perry, Jon [mailto:JPerry@SPPC.com]
Sent: Tuesday, October 02, 2001 9:07 AM
To: Scholtes, Diana
Subject: FW: FERC to adjust Ca",Work
grigsby-m/_sent_mail/177.,Mailing List,SW Bell expense,"Ina, I can't seem to find the expense deposit for the SW Bell charges in my 
account.  Will you please contact them again and ask them for a copy of the 
check?  Thank you so much.

Mike",Work
shackleton-s/inbox/798.,Personal,Calendar Access,"Sara:  I need access to your calendar and any other folders that you want me to have access to.  Follow the procedures below or call me and I will walk you through.  I may be away from my desk for a little while.  I have a good-sized copy job to complete.  Thanks.  It is going to be fun working together again! -Becky
=================================

To set up access rights in Outlook:

1.	Right click on ""Outlook Today"" at the top of the folders list (if your folders list is not visible, click on ""View"" and
	then ""Folder List"")

2.	Left Click on ""Properties"" at the bottom of the list that pops up.
	
3.	Left click on the ""Permissions"" tab.

4.	Left click on ""Add"".
	Type ""spencer"" then left click on my name.
	Left click on the ""Add"" button.
	Left Click ""OK"".

5. 	You should now be back in t",Work
taylor-m/all_documents/2036.,Personal,Secure Messaging Non-Delivery Report: EnronOnline Posting Agreement,"When Mark.Taylor@enron.com sent e-mail to GILBERGD@SULLCROM.COM (10/13/1)
Sullivan & Cromwell has received spam from your domain or e-mail address in 
the past. If you need to send e-mail to us
please contact PC Support at (212)558-4277.

















----------------------------------

This e-mail is sent by a law firm and contains information
that may be privileged and confidential. If you are not the
intended recipient, please delete the e-mail and notify us
immediately.",Other
bass-e/_sent_mail/462.,Mailing List,,"Marcus Robinson was just telling me how much he likes his new digs compared 
to TKC.  He loves Tijuana.  

What kind of show are you running over there?

- THE MULLETS",Personal
bass-e/sent_items/107.,Work,diagnosis,"supposedly i have ""reversible airway disease"" which is not asthma but similar.  they have given me an inhaler and some claritin (for allergies).


i haven't been able to find anything on the internet about it though.",Personal
taylor-m/time_off/39.,Mailing List,Suasn Bailey -- Schedule for May 16th thorugh May 18th,The original message is encrypted using Lotus Notes Public and Private Key security.  Encrypted messages cannot be migrated to Microsoft Exchange Server.,Other
sanders-r/calendar/7.,Mailing List,Lunch w/ Dean Graves at Arthur Anderson,713-237-5096 press 0 for assistant,Work
rogers-b/all_documents/725.,Work,fixed OM estimate for 2000 & 1999 peakers,"As an insurance policy, here is the attachment of fixed OM estimtate 
calculations.",Work
perlingiere-d/deleted_items/92.,Work,Synchronization Log:,"11:16:49 Synchronizing Mailbox 'Perlingiere, Debra'
11:16:49 Synchronizing Hierarchy
11:16:49 Synchronizing Favorites
11:16:49 Synchronizing Folder 'Inbox'
11:17:05 	   9 item(s) added to offline folder
11:17:05 	   4 item(s) changed read-state in offline folder
11:17:05 	   1 item(s) deleted in offline folder
11:17:05 Synchronizing Folder 'Outbox'
11:17:05 Synchronizing Folder 'Sent Items'
11:17:16 	   11 item(s) added to offline folder
11:17:16 	   388 item(s) deleted in offline folder
11:17:16 Synchronizing Folder 'Calendar'
11:17:17 	   2 item(s) added to offline folder
11:17:17 	   1 item(s) updated in offline folder
11:17:17 	   3 item(s) deleted in offline folder
11:17:17 	   1 view(s)/form(s) updated in offline folder
11:17:17 Synchronizing Folder 'Contacts'
11:17:17 Synchronizing ",Work
schoolcraft-d/tw/20.,Personal,,"March 2002		Scheduled	

Friday 01	
West			   (882)
San Juan	                887 
East			   (533)
Total deliveries                (1866)

Saturday 02		
West			   (801)
San Juan		    858
East			   (653)
Total deliveries                (1911)

Sunday 03
West			   (804)
San Juan		    874
East			   (628)
Total deliveries                (1871)

Monday 04
West			   (794)
San Juan		    855
East			   (533)
Total deliveries                (1866)

Notes:  Operational quite weekend.
            Utilized line pack and make up gas to accommodate approximately 170,000 mmbtu/d in rides @ .08.
            Customer will start paying back their rides this week.",Work
may-l/inbox/984.,Mailing List,Important AMU Information--Please review,"Dear AMU Student,

Please, if you have not done so already, take a moment to review the

					AMU Newsletter for September 2001.
					http://www.amunet.edu/newsletters/Newsletter.asp

Please also note:  Due to the multiple number of computer viruses circulating,

ALWAYS put your name and student ID in the SUBJECT line of emails you send to us.

We are being extremely careful with incoming emails and we want to make sure that we recognize you as a student so that we can quickly assist you.

Thank you so much!


Best Regards,
Kathie Ferrette
Dean of Students, AMU
students@amunet.edu",Other
dasovich-j/deleted_items/1521.,Personal,FW:  NFL combine,"The NFL announced today that for financial reasons, they 
> > had to eliminate one team from the league. @So they've 
> > decided to combine the Green Bay Packers and the Tampa Bay 
> > Buccaneers and form one team, thereby saving money. 
> > 
> > They will be known as the TAMPACKS. @Unfortunately, they're only 
> > good for one period and have no second string.",Personal
haedicke-m/all_documents/313.,Personal,Re: PoweRisk 2000 - October 4th & 5th - Paris,"I would like to be on the panel but I have on a conflict on the conference 
dates.  Please keep me in mind for next year.  

Mark Haedicke",Work
tholt-j/_sent_mail/18.,Work,Re: Need to purchase physical gas,"San Juan Blanco

May-Dec 2001-5000 /day  +.02
Calendar 2002:  4800/day  +.0225
Calendar 2003 500/day +.0225
Calendar 2004 175/day +.0225
Calenar 2005 250/day +.0225

Permian Basin/Keystone
 
Calendar 2003 1300 /day +.03
Calendar 2004  +.03
Calendar 2005  +.03
Calendar 2006  +.03
Calendar 2007 +.03
Caelndar 2008 +.03
Calendar 2009 +.03
Calendar 2010 +.03

PGE Citygate

June 2001-Oct 2001+.12
Nov 2001-Mar 2002 +.14
Calendar 2003 +.12
Calendar 2004 +.11
Calendar 2005 +.09
Calendar 2006 +.07
Calendar 2007 +.06
Calendar 2008 +.06
Calendar 2009 +.06
Calendar 2010 +.06
Jan 2011-Mar 2011 +.06

Socal Border-non Wheeler Ridge

Cal  Year 2006-2010  +.08",Work
shapiro-r/deleted_items/24.,Work,Delivery Status Notification (Relay),"This is an automatically generated Delivery Status Notification.

Your message has been successfully relayed to the following recipients, but the requested delivery status notifications may not be generated by the destination.

       employment@anadarko.com




--------- Inline attachment follows ---------

From:  </O=ENRON/OU=NA/CN=RECIPIENTS/CN=RSHAPIRO>
To: employment@anadarko.com
Date: Thursday, December 27, 2001 3:19:15 GMT
Subject: 

 

	-----Original Message----- 
	From: Shapiro, Richard 
	Sent: Thu 12/27/2001 9:16 AM 
	To: rallison@anadarko.com; jseitz@anadarko.com;
cmanley@anadarko.com 
	Cc: 
	Subject: Rick Shapiro:resume
	
	
	Gentlemen: . While I'm still at Enron( one of the few), I am
diligently developing future opportunities for myself in the wake of the
unfortunate events at",Other
campbell-l/inbox/727.,Mailing List,Re: Voltage Limits,"barkerde@nmenergy.com writes to the NYISO_TECH_EXCHANGE Discussion List:



Chuck,
     I understand (barely)the mechanism which predicts/solves the voltage
constraints, my problem is more coming from the price visibility side. It's like
driving down the road with a speedometer swinging between 55 and 85 and a cop
sitting in the medium. Do you speed up or slow down? Going the wrong way could
get you a day in court. Multiple units OOM, Gen bid guarantees, BME' s $900 in
every zone, hugh positive congestion one hour, hugh negative congestion the next
(Zone P), RT prices $60-90 and neighboring ISO's in the high hundreds (PJM) and
$1000 for three hours in ISONE and one can only wait and see what the uplift
was. I may get my cocker spaniel to stick his head out the window and use the
elevation ",Work
benson-r/inbox/228.,Personal,ELM Course Offering,"Effective Negotiating - September 4 & 5, 2001
in EB552    Cost:  $950.00


Effective Negotiating is an intensive two-day seminar that teaches strategies, tactics, techniques, and psychological insights that provide you with the tools to make better Win-Win agreements.  The skills learned can be applied immediately.  These skills are taught through a hard-hitting, fast paced presentation that is enjoyable and educational.



For enrollment, login to our website (http://elm.enron.com), if you have problems logging in or questions, please call 713 853-0357.",Work
scott-s/deleted_items/83.,Personal,Jan Tasters,"Nancy emailed me about a restaurant that I have not heard of called ""The
Daily Review"" - I looked it up on citysearch and it sounds really good!

Here is the reivew:

http://houston.citysearch.com/profile/9857813/

We could either go there this month or we could cook this month (the recipe exchange) and save it for February.  What do you think?

Also, are we still thinking that Monday nights are the best?  They definitely are the best for me, provided that we do not have NCL.  Is everyone free
 on Jan 14, Jan 21?

Lisa",Personal
lenhart-m/all_documents/414.,Personal,Re: def leppard,"you said "" this is my sweet baby""",Personal
geaccone-t/inbox/276.,Personal,FW: Additional followup earnings release questions from Tony,"Here are the answers to questions 1, 2, & 4:

1.  What percent of TW's volumes transported during the 3rd Qtr 2000 and 3rd Qtr 2001 was firm
     vs. interruptible?


		   	       	            2000 			            2001
  				July	Aug	Sept		July	Aug	Sept
IT Percentage			.09	.09	.09	 	.10	.08	.07
Firm Percentage		.91	.91	.91		.90	.92	.93


2.  What percent of TW's pipe capacity was used during  3rd Qtr 2000 and 3rd Qtr 2001? 
 
		   			2000 			            2001
West flow information		July	Aug	Sept		July	Aug	Sept
Percentage flow vs. capacity	.90	.95	.97 	 	 100	 100	 .91


		   			2000 			            2001
East flow information		July	Aug	Sept		July	Aug	Sept
Percentage flow vs. capacity	.81	.85	.86	 	 100	 100	 .91

4.    On James Weitekamp's ""ETS Selected Financial and Operating Highlights"" sche",Work
stepenovitch-j/all_documents/213.,Mailing List,RE: HELLO,"BIG SHOT AT ENRON NOW, DON'T HAVE TO CALL YOUR OLD BUDDIES
ANYMORE!!!!!!!!!!!!!VERY NICE!!!!!!HAHAHAHAHAHAHA!!!!!!!!
LATER/CAP

> -----Original Message-----
> From: Cliff Papish
> Sent: Monday, April 23, 2001 7:06 AM
> To: 'joe.stepenovitch@enron.com'
> Subject: HELLO
>
> HEY JOE,
> HOW ARE YOU. I HOPE THIS SURPRISE EMAIL FIND YOU HAPPY AND DOING WELL AT
> ENRON. JUST SPENT 10 GLORIOUS DAY IN MY BELOVED FLORIDA WHERE IT WAS 85-92
> DEGREES EVERY DAY. WHEN TIME PERMITS PLEASE GIVE ME A BUZZ (203-355-5602)
> I WOULD LIKE TO CHAT!!!!!!
> BEST REGARDS/CAP


****************************************************************************
This e-mail contains privileged attorney-client communications and/or 
confidential information, and is only for the use by the intended recipient. 
Receipt by an ",Personal
carson-m/inbox/21.,Mailing List,Load Mix,"Here's the load mix for Southern and TVA, for the region and top 5, in case you haven't gotten that far yet.  Don't understand why TVA (the utility) has no res/com load, but that's what PowerDat had.  Enjoy.

E",Work
zipper-a/sent_items/23.,Mailing List,,"Month	Week	1993	1994	1995	1996	1997	1998	1999	2000	2001	2002	2003	1993	1994	1995	1996	1997	1998	1999	2000	2001	2002	2003	
Jan	1		2203	2381	1980	2049	2039	2645	2437	1729 	2856 			(165)	(192)	(138)	(15)	(131)	(158)	(133)	(209)	(124)		
	2		2013	2263	1783	1922	1996	2412	2322	1562 	2666 			(190)	(118)	(197)	(127)	(43)	(233)	(115)	(167)	(190)		
	3		1760	2195	1678	1660	1837	2209	2212	1459 	2529 			(253)	(68)	(105)	(262)	(159)	(203)	(110)	(103)	(137)		
	4		1625	2026	1517	1510	1701	2117	2017	1369 	2405 			(135)	(169)	(161)	(150)	(136)	(92)	(195)	(90)	(124)		
	5		1421	1893	1304	1349	1599	2039	1775	1241 				(204)	(133)	(213)	(161)	(102)	(78)	(242)	(128)			
Feb	6		1247	1691	1077	1274	1518	1946	1562	1136 				(174)	(202)	(227)	(75)	(81)	(93)	(213)	(105)			
	7		1138	1494	984	1127	1425	1887	1404	1041 				",Work
dasovich-j/inbox/1767.,Work,Fw: A.98-07-003 et al. JOINT PROPOSAL OF THE UTILITIES TO IMPLEMENT,"Atatched is the utilities' filing made last Friday with regard to how they
intend to implement DA suspension.  Comments or protests are due on 11/18,
one week from tomorrow.

Dan

Law Offices of Daniel W. Douglass
5959 Topanga Canyon Blvd.  Suite 244
Woodland Hills, CA 91367
Tel:   (818) 596-2201
Fax:  (818) 346-6502
douglass@energyattorney.com",Work
gang-l/deleted_items/482.,Personal,Accepting or Declining Insurance,"I noticed that you have neither accepted nor declined our insurance as of today, 03/28/02.  According to your start date, your insurance would be effective 04/01/02.  In order to send the information to the insurance company by April 1st, we must receive that information from you by Friday, March 29, 2002.  Please let me know, either by e-mail or by phone (713-438-0919) if you choose to accept or decline.  If you choose to accept, fax the completed enrollment form to 713-438-0930.  Please keep in mind that the next opportunity to enroll in insurance will be in October.
Thank you,
Perrin Worrell
Recruiter Coordinator
Icon Information Consultants, LP
(713) 438-0919 
1-877-374-3216 (toll free)
Pworrell@iconconsultants.com <mailto:Pworrell@iconconsultants.com>",Work
shackleton-s/all_documents/11460.,Personal,FW: Westlaw Email,"Jan, please print these docs out for me.  

Sara,  Pat is sending another case soon.  This is the main one. ----cgy

 -----Original Message-----
From:  ""Pat Boylston"" <pgboylston@stoel.com>@ENRON  
Sent: Tuesday, June 05, 2001 2:04 PM
To: Yoder, Christian
Subject: Fwd: Westlaw Email

Christian, I believe the relevant Chemical Bank case is in the attached 
e-mail.
Received: from pdx-navgate.stoel.com ([172.16.1.78]) by wpsmtp.stoel.com; 
Thu, 17 May 2001 12:01:47 -0700
Received: from stoel.com ([172.16.255.4]) by pdx-navgate.stoel.com (NAVIEG 
2.1 bld 63) with SMTP id M2001051712065507541 ; Thu, 17 May 2001 12:06:55 
-0700
Received: from lethbridge.westlaw.com ([163.231.254.96]) by gateway.stoel.com 
with ESMTP id <118123>; Thu, 17 May 2001 12:07:23 -0700
Received: from EG-DLVRY-B06.westlan",Work
beck-s/all_documents/538.,Mailing List,Re: UT/Enron MBA Excellence 2001 Scholarship Winners Announced!,"Rick and Sally

I told the scholarship winners that within the next few weeks, we would like 
to meet with them for lunch or dinner  before the semester is over.  So since 
we are on the subject, do you have plans to be in Austin any time soon?  I 
will coordinate the students around your schedule.  Also, if you think there 
are others that should join the smaller luncheon/dinner, let me know.  I 
thought about asking Traci Warner and Billy Lemmons since they are new to the 
AA program.

Karen



	Sally Beck
	03/29/2001 01:34 PM
		
		 To: Karen Marshall/HOU/ECT@ECT
		 cc: 
		 Subject: Re: UT/Enron MBA Excellence 2001 Scholarship Winners Announced!

Are we going to do anything for the students before fall semester?  The 
dinner with Dean May and others from the University is great in the fa",Work
slinger-r/inbox/41.,Personal,SWOASIS Login Reminder,"FYI

Our login ID for the Southwest OASIS website (www.swoasis.com) is rxtime12. Our password is epmipower.

Kate Symes
Real Time Trading Support
Office/503-464-7744
Cell/503-819-2181
Fax/503-464-7996",Work
lenhart-m/all_documents/106.,Personal,,i will be home fri afternoon. i will see you and max fri or sat.,Personal
scholtes-d/diana_scholtes/saved_sent/5.,Personal,FW: Business Practice #11,"FYI- Clarification discussion on tagging the Mid-c.  I haven't heard any problems internally.  So this is more of a heads up to what others are having problems with.

ds
-----Original Message-----
From: Harshbarger, Robert [mailto:bharsh@puget.com]
Sent: Wednesday, October 03, 2001 3:48 PM
To: Interchange Scheduling & Accounting Subcommittee (ISAS)
Subject: RE: Business Practice #11


Your last paragraph is right on man.  It just the commie business practice
that bites.

Again, my view of the world is that the transmission should be associated
with the sink control area - they are the one who takes it home.  The source
control area shouldn't have the fake transmission.

Guess part of the problem is due to CAs not registering as TPs which would
make things much more consistent.

PSEI will t",Work
griffith-j/deleted_items/337.,Personal,WEDNESDAY WEATHER HEADLINES,"Weather Headlines
Wednesday January 9, 2002
Bismarck, North Dakota was warmer yesterday than Miami, Florida! Overall
weather pattern still finds bitter cold arctic air lurking... in the NW
territories.
Bismarck was 38 degrees above normal yesterday at 63 while Miami was about
12 degrees below normal at 61. Its all a product of the jet stream pattern
which has taken modified Canadian air deep into the South while allowing a
downslope wind off the Rockies to really warm up the Plains. This warm air
is heading East and will attack the Ohio Valley and East Coast snow cover
with a vengeance the next couple of days. I do see a reversal of
temperatures gradually occurring in the South the rest of the week as the
deep trough weakens. The current quiet pattern will become a little more
active in th",Other
causholli-m/inbox/66.,Work,Good to see you,"Hi Monika,

It was great to see you at our annual conference.  I hope that you had a 
good time and enjoyed the services we provided.
Let?s keep in touch and let me know if I can provide any help for you in 
the future.
Best, 
Dequan

Dequan He
Economist, Asian Service
Resource Information Systems, Inc.
4 Alfred Circle
Bedford  MA 01730
Tel: (781)271-0030 ext. 34
Fax: (781)271-0337
Email: he@resourceinfo.com",Personal
causholli-m/inbox/14.,Work,Good to see you,"Hi Monika,

It was great to see you at our annual conference.  I hope that you had a 
good time and enjoyed the services we provided.
Let's keep in touch and let me know if I can provide any help for you in 
the future.
Best, 
Dequan

Dequan He
Economist, Asian Service
Resource Information Systems, Inc.
4 Alfred Circle
Bedford  MA 01730
Tel: (781)271-0030 ext. 34
Fax: (781)271-0337
Email: he@resourceinfo.com",Personal
dasovich-j/all_documents/1956.,Mailing List,Email Receipt Confirmation,"Thank you for contacting Charles Schwab Signature Services.  We have received 
your e-mail and will be responding to it as quickly as possible.

At Charles Schwab & Co., Inc., we strive to maintain a goal of responding to 
all e-mail inquiries within 24 hours.  In order to meet this high quality 
standard, we respond to customer inquiries in the order in which they are 
received.

We look forward to assisting you.  Again, thank you for contacting Charles 
Schwab & Co., Inc.

0099-8985",Other
maggi-m/deleted_items/165.,Work,BNP Paribas NYMEX Floor AM Update,"Just when you throw in the towel after last week's move reality comes back and
bites you on the butt. Yesterday's action saw funds getting right back into the
short side on flat price, and spreads moved right back to their weakest levels
seen late Thursday. The move back below $19.40 will reassert the short term bear
tone, medium and longer term tone have stayed consistently bearish. I'm still
looking for a move sometime in February towards $14.00, weather is not
cooperating and gasoline imports continue to put a damper on the near term
fundamental window that had opened. Crude spreads are much weaker on Access.
Dampening prospects of economic recovery cannot be helping either. DOE's were
even more bearish than API's.





___________________________________________________________________",Other
kaminski-v/deleted_items/628.,Personal,Reminder: Credit Risk Modeling for Financial Institutions,"For the first time in nearly two years we will be offering our Executive
Education course in Europe:

	Credit Risk Modeling for Financial Institutions
	Stanford Graduate School of Business

	 Zurich, Switzerland, March 3 - 7, 2002

An overview of the course and description of some of the new content of this
course can be obtained by contacting us
or visiting:

www.gsb.stanford.edu/exed/crm

It would be great to see you there!

Darrell Duffie and Ken Singleton


Alicia Steinaecker Isero
Program Manager
Stanford Executive Program
Stanford University, Graduate School of Business
518 Memorial Way
Stanford, California 94305-5015
650-723-2922
fax 650-723-3950",Other
kean-s/all_documents/8956.,Personal,India - DPC Press Release,"At approximately 4 a.m. our time this morning, the attached press release was 
issued by DPC in India.  If you require additional information please feel 
free to contact me at ext. 66423 or during Sunday at home (713-572-9556) or 
cellular (281-948-7273).",Work
campbell-l/inbox/710.,Mailing List,eThink About It: 07/24/01,"Do you want to know more about how Enron gets its messages out to the media?  Ask Karen Denne, vice president of Public Relations, how the media process works.  Tuesday, July 24 on eSpeak at 10 a.m. Houston time.

Can't make the live event?  No worries.  Go to eSpeak (http://ethink.enron.com/eSpeak/exec/default.asp) now and submit your question.  Karen will try to answer it during her event and you can read the transcript later.",Work
taylor-m/all_documents/2363.,Personal,Home Page Disclaimer,"Mark:

As we discussed, in lieu of including the Legal and Privacy Info link on the 
top bar of the home page, we can propose the addition of a sentence at the 
bottom ot the home page text with a link to Legal and Privacy.

I propose the following:

Please see Legal and Privacy Information for terms governing your use of the 
web site.

Let me know what you think.

Leslie",Work
pimenov-v/inbox/7.,Work,sos,"(plachet...)
 
u menya vypal kamushek iz kol'tsa... chto delat'???????? 
slava bogu - ne brilliant, no tozhe - iz morgo lyubimogo, kotoroe ya vse vremya noshu.... 
chto delat'????
 

The information contained in this e-mail message is intended only for the personal and confidential use of the recipient(s) named above. If the reader of this message is not the intended recipient or an agent responsible for delivering it to the intended recipient, you are hereby notified that you have received this document in error and that any review, dissemination, distribution, or copying of this message is strictly prohibited. If you have received this communication in error, please notify us immediately by e-mail, and delete the original message.",Personal
grigsby-m/all_documents/29.,Personal,Sunday Heads-Up,"Greetings!

  Today's EarthSat 6-10 and 11-15 maps:


Possible EarthSat's 6-10 for tomorrow:


Sunday Video Briefing is located in the Afternoon Video link on Research and 
Gas Fundamentals
Web Pages.

Jose Marquez",Work
shively-h/deleted_items/410.,Personal,Sunday Heads-Up,"Greetings!

  Today's EarthSat 6-10 and 11-15 maps:

  
Possible EarthSat's 6-10 for tomorrow:

 
Sunday Video Briefing is located in the Afternoon Video link on Research and Gas Fundamentals
Web Pages.

Jose Marquez",Work
kean-s/all_documents/2049.,Mailing List,,"I got the package on the 2002 PBS special.  We are already doing a 
significant PBS sponsorship in connection with a series based on Dan Yergin's 
(author of The Prize) new book ""The Commanding Heights"".  We have looked at 
numerous Public Broadcasting sponsorships in the past, but the ratings are so 
low they tend to be a very inefficient means of reaching our target 
audience.  We made an exception for yergin's series because it focusses on 
the role of free markets and their relationship with governments over time.  
I'll ask Margaret Allen to handle the decline.",Work
bass-e/_sent_mail/221.,Mailing List,Fantast Basketball DRAFT TODAY @ 10:30,"Tell me if you are in on the draft at 10:30.  To draft you need to go to the 
website and click on draft - go to the draft room.
---------------------- Forwarded by Eric Bass/HOU/ECT on 10/31/2000 08:23 AM 
---------------------------
   
	Enron North America Corp.
	
	From:  Eric Bass                           10/31/2000 08:21 AM
	

To: David Baumbach/HOU/ECT@ECT, Phillip M Love/HOU/ECT@ECT, Bryan 
Hull/HOU/ECT@ECT, Harry Bucalo/HOU/ECT@ECT, O'Neal D Winfree/HOU/ECT@ECT, 
Michael Walters/HOU/ECT@ECT, Matthew Lenhart/HOU/ECT@ECT
cc:  
Subject: Fantast Basketball DRAFT TODAY @ 10:30

Just as clarification - we start 6 players and have weekly scoring in haed to 
head matchups.  You can chage your lineup before each day's worth of action.  
Your sixth man can be any position.  The draft order ",Personal
schoolcraft-d/sent_items/282.,Personal,"FW: Griffith Gas & Electric Estimate - Friday Aug. 31, HE 8:00 AM","DL-ETS Gas Controllers@enron.com

TEST

ds

 -----Original Message-----
From: 	Schoolcraft, Darrell  
Sent:	Friday, August 31, 2001 6:46 AM
To:	DL-ETS Gas Controllers
Subject:	FW: Griffith Gas & Electric Estimate - Friday Aug. 31, HE 8:00 AM to Saturday Sept. 1, HE 7:00 AM



 -----Original Message-----
From: 	""Kenneth G Gruhl"" <kggruhl@duke-energy.com>@ENRON [mailto:IMCEANOTES-+22Kenneth+20G+20Gruhl+22+20+3Ckggruhl+40duke-energy+2Ecom+3E+40ENRON@ENRON.com] 
Sent:	Thursday, August 30, 2001 6:21 PM
To:	Mulligan, Amy; Allen K Nielsen; blreese@duke-energy.com; Beck Mayberry; wralkema@pplmt.com; Christopher S Smart; dacluff@duke-energy.com; dlsmith@pplweb.com; dtedesco@duke-energy.com; Schoolcraft, Darrell; Darren Stephens; David Bowers; David P Pell; George X Ouzounian; jjbischoff@pplweb.com;",Work
smith-m/pipeline_matters/5.,Personal,FW: El Paso 1110 Update (8/28),"-----Original Message-----
From: 	Turner, Nancy  
Sent:	Tuesday, August 28, 2001 12:22 PM
To:	Allen, Phillip K.; Grigsby, Mike; Gaskill, Chris; Presto, Kevin M.
Cc:	Walsh, Kristin; Whitman, Britt; Holman, Kelly
Subject:	El Paso 1110 Update (8/28)

According to El Paso, the only thing preventing line 1110 from coming back online is the delivery and installation of a release valve which OPS has ordered to be installed on the line.  We are now hearing that there is a possibility the September 1st date reported earlier this week could slip to the next couple of weeks to give additional time for the valve installation.  Furthermore, sources report that OPS has not begun the process of approving the entire system to return to full capacity at 1.1 bcf/d, and this could take several months.  

As ",Work
dasovich-j/all_documents/10786.,Work,Re: NEWSMAKER PROFILE--Dennis Montali: Bankruptcy Judge Faces,"Didn't Pillsbury used to represent PG&E?  I know they were virtually captive 
to Chevron for many years, but I thought PG&E as well????",Work
causholli-m/inbox/175.,Personal,RE: CREDIT ANALYST,"Thank you for your response to the Credit Analyst posting.  We are
currently evaluating the candidates.

In the event you are selected, I will contact you to schedule an
interview. As a courtesy all candidates will receive notification of our
decision regarding their resume.  Thank you again for your interest.

Best regards,

Raelene Nelson, PHR
Human Resources Consultant


-----Original Message-----
From: Causholli, Monika [mailto:Monika.Causholli@ENRON.com]
Sent: Monday, November 19, 2001 4:26 PM
To: Rae Nelson
Subject: CREDIT ANALYST


Hello,

I am applying for the credit analyst position placed on the monster.com.

Please find my resume attached.

Sincerely,
Monika Causholli <<resume update.DOC>> 


**********************************************************************
This e-mail is t",Work
stclair-c/all_documents/135.,Mailing List,Re: Windows 2000 Roll Out,"I do not have of those things.  I plan to be out May 28th.
Carol",Work
ring-r/deleted_items/39.,Work,Portal Outage,"The Portal will be down from 6-6:30pm tomorrow (Tuesday) night for an upgrade 

Thank you 

Bryan T. Mishkin 
Web/Portal Analyst 
ERCOT",Work
skilling-j/deleted_items/364.,Personal,Tropical Depression Allison,"For those of you that may not be aware, Lena Lacey who works in our 50K-1 kitchen sustained flood damage to her home and cars.  Fortunately, the water receded within several hours but did create havoc and some damage to the walls, floors, and certain belongings.",Work
sanders-r/sent_items/89.,Mailing List,RE: Sacramento Document Repository,"In your firm's name

 -----Original Message-----
From: 	""Michael Kirby"" <mlk@pkns.com>@ENRON [mailto:IMCEANOTES-+22Michael+20Kirby+22+20+3Cmlk+40pkns+2Ecom+3E+40ENRON@ENRON.com] 
Sent:	Thursday, September 20, 2001 10:37 AM
To:	Sanders, Richard B.
Cc:	sbishop@gibbs-bruns.com
Subject:	Fwd: Sacramento Document Repository

I assume you got this. Do you want the repository in Enron's name or in my firm's name? It might be advisable not to have Enron as the named tenant in Sacramento. I do not have a problem having the firm or myself as the tenant. I am already subject to jurisdiction here.

The information contained in this e-mail message and any accompanying documents is subject to the attorney-client privilege and/or the attorney work product rule and is confidential business information inte",Work
lay-k/all_documents/733.,Work,Nov. 7 Agenda,"<<Agenda Board 11-07-00.doc>>  <<TAB 1 minutes.doc>>  <<TAB 2.doc>>

Please place your RSVP  in the SUBJECT LINE AND HIT REPLY.  The location and
time of the meeting is printed at the top of the agenda.  If you have
trouble opening these attachments, please call. I appreciate your response
so that we can have an accurate count for seating.

Arlene McCarty
Executive Assistant to the President and CEO
Greater Houston Partnership
(713)844-3602 Phone
(713)844-0202 Fax
amccarty@houston.org

www.houston.org


 - Agenda Board 11-07-00.doc
 - TAB 1 minutes.doc
 - TAB 2.doc",Work
parks-j/inbox/273.,Mailing List,EhrOnline Update,"Per the request of one of your co-workers, can you please update your cell phone information, address,etc. on EhrOnline.  This way peoplefinder will be updated and it will be easier for any one of us to locate you.
If your information is accurate please disregard email.



Thank you, 



 

Daniel Quezada

<Embedded Paintbrush Picture>",Work
sanders-r/senator_dunn_inv_/49.,Work,FW: Response of EES to subpoena served by California AG on June 2 7,"We learned from Bob today that the AG, in an apparent address our
objection to the lack of personal service, served EES's designated agent for
service of process by hand on May 27 with a subpoena for documents identical
to that served by mail on EES on May 25. Although we have not yet seen it,
we are told the subpoena has a response date of June 29. We recommend
treating this service as a withdrawal of the May 25 subpoena and responding
to it as we did to the earlier subpoena served by mail. Assuming this
subpoena is treated as a discovery subpoena under California law it is
technically defective since it does not allow ten days for a response. We
recommend additionally objecting to it on this basis.
	Attached are draft responses which implement this approach. We
propose to serve them by h",Work
watson-k/deleted_items/159.,Mailing List,Out of Office AutoReply: Big Sandy Delivery Point Construction and,"I am out of the office today on business.
To the extent that you have an urgent matter, please leave me a message on
my office voice mail box at 760/918-0001.
Thank you.
Kirk",Work
skilling-j/inbox/26.,Work,FW: Enron CEO uses naughty word on conference call,"Kudos for speaking your mind....
---------------------- Forwarded by Carol Coale/PSG/Prudential on
04/17/2001 08:26 PM ---------------------------

Brad Donovan <bdonovan@gweiss.com>
Tuesday April 17, 2001 03:05 PM
To:   ""'carol_coale@prusec.com'"" <carol_coale@prusec.com>
cc:
Subject:  FW: Enron CEO uses naughty word on conference call




-----Original Message-----
From: Stacy Saul
Sent: Tuesday, April 17, 2001 4:02 PM
To: Brad Donovan
Subject: FW: Enron CEO uses naughty word on conference call




-----Original Message-----
From: Maze, William [mailto:wmaze@bofasecurities.com]
Sent: Tuesday, April 17, 2001 4:02 PM
Subject: FW: Enron CEO uses naughty word on conference call




fyi

> Enron CEO uses naughty word on conference call
>
>     By C. Bryson Hull
>     HOUSTON, April 17 (Reuters",Personal
lenhart-m/all_documents/1469.,Mailing List,,"I will give you my 2nd, 5th, 8th  for your 2nd & 6th",Personal
allen-p/_sent_mail/554.,Mailing List,,"Lucy,

Here is a rentroll for this week.  I still have questions on #28,#29, and #32.",Work
lenhart-m/sent_items/841.,Mailing List,RE: are trading,"mostly internal trading.  bidweek starts today, so we will see if physical volume picks up.

 -----Original Message-----
From: 	Landry, Chad  
Sent:	Monday, November 26, 2001 10:10 AM
To:	Lenhart, Matthew; Bass, Eric
Subject:	are trading

volumes down or has business picked up to normal activity?  do you think the merger will go through?

ckl",Work
fossum-d/_sent_mail/4.,Work,???,"any word on the supreme court ruling?  I figure that ought to add $5 to the 
stock price instantly, if it comes out right.  df",Work
lewis-a/sent_items/27.,Mailing List,,"Greg,

One of my concerns regarding the merger is future compensation.  It is well known throughout the industry that Dynegy pays the lowest bonuses.  What incentive do we have to make money next year knowing bonuses in 2002 will be abysmal?  For that matter, what guarantees will be made in order to prevent a massive exodus next year for this reason?

Thank you for your attention,

Andy",Work
blair-l/vacations_2001/4.,Work,Vacation plans,"I will be taking Monday, 7/16, off as a day of vacation.  Also, I have scheduled 8/24 thru 31 and 10/29 thru 11/5.  Almost afraid to go anywhere!  Sheila",Work
kitchen-l/_americas/esvl/106.,Personal,RE: 9:00 AM EST Call on 1/4/02,"Louise,

Attached as we discussed is a draft of the wording that could be used
in the master purchase agreements to designate a third party to take
title in the event of physical settlement.  We would be happy to
discuss this wording on tomorrow morning's call.

Regards,
Lou Eber
212-821-3578

-----Original Message-----
From: Stock, Chase+
Sent: Thursday, January 03, 2002 6:44 PM
To: Eber, Louis; Hunt, Jim+; Meisner, Joseph+; Schleimer, Andrew+;
louise; wisemanm; gilbergd; davye
Cc: Stock, Chase+; Stock, Chase+
Subject: 9:00 AM EST Call on 1/4/02


The information for the 9:00 AM EST call on 1/4/02 is

1-888-446-5348
Ask for UBS Warburg call
Moderator: Joseph Meisner.

If you have any problems, please call me.

Chase Stock
Mergers & Acquisitions
UBS Warburg LLC
Tel 212 821-3977
Fax 212 821",Work
cash-m/deleted_items/87.,Mailing List,Employment,"Amarjit, based on the e-mailed information below, we are rescinding Enron's offer of employment.  You had committed to start work on Wednesday, October 24th and you have indicated that you will not be able to report to work.  When you return to the United States you are welcome to reapply for a position with Enron.  Thanks, Mark Broadfoot

-----Original Message-----
From: Amarjit Singh [mailto:amarjitmult@hotmail.com]
Sent: Sunday, October 21, 2001 11:28 PM
To: Wells, Malcolm
Subject: Apology


Hi Malcolm,

      Please accept my sincere apology for not being able to join Enron
right now as I had an unavoidable emergency at home that has forced me to
come to India over the weekend.My stay here might stretch to approximately a
month or so.I donot want that the company shall suffer any loss ",Work
cash-m/deleted_items/91.,Mailing List,Employment,"Amarjit, based on the e-mailed information below, we are resending Enron's offer of employment.  You had committed to start work on Wednesday, October 24th and you have indicated that you will not be able to report to work.  When you return to the United States you are welcome to reapply for a position with Enron.  Thanks, Mark Broadfoot

-----Original Message-----
From: Amarjit Singh [mailto:amarjitmult@hotmail.com]
Sent: Sunday, October 21, 2001 11:28 PM
To: Wells, Malcolm
Subject: Apology


Hi Malcolm,

      Please accept my sincere apology for not being able to join Enron
right now as I had an unavoidable emergency at home that has forced me to
come to India over the weekend.My stay here might stretch to approximately a
month or so.I donot want that the company shall suffer any loss d",Work
sanders-r/all_documents/3708.,Personal,,"I registered for and attended the first day of the 3 day course on 
electricity that started Tuesday. Unfortunately, I was summoned back to 
Houston on a work related emergency. I would like to complete the class if it 
is offered in the spring. Is this possible?",Work
stokley-c/chris_stokley/sent/459.,Personal,FW: FW: CSC Terminology Update,"-----Original Message-----
From: swalker2@csc.com [mailto:swalker2@csc.com]
Sent: Thursday, September 20, 2001 5:37 PM
To: Stokley, Chris
Cc: pthomp23@csc.com
Subject: Re: FW: CSC Terminology


In STAT, they mean the following:

     Active - delivering commodity, billing has begun
     Submitted - the account has been DASR'ed, commodity is flowing, no
bill has been sent from the UDC
     Cancelled - the account never became active
     Closed - the account is no longer flowing commodity, last invoice has
been sent
     Deactive - the account has been sent to the utility to close, last
invoice has not been sent
     Pending - account is waiting for installation of a meter to being
flowing commodity

(Pam did I get all these correct?)

--Steve




""Stokley, Chris"" <Chris.Stokley@ENRON.com> ",Work
dasovich-j/all_documents/14.,Personal,AS6,"I have attached AS6. 
 - As6.pdf


    Jonathan Leonard
    Professor

tel: 510-642-7048  545 Student Services Building, #1900
fax: 510-642-4700  Haas School of Business
    University of California
    Berkeley, CA.  94720-1900",Personal
kean-s/all_documents/5925.,Mailing List,Your phone call of 2/9/01,"Dear Steve,

Thank you for your call on Friday.  I appreciated the opportunity to speak to 
you openly.  It has been a bumpy ride here in DC since the summer, but the 
turbulence has subsided and our new pilot has brought us to terra firma.

I can't say enough good things about the leadership Linda brings to this 
office.  Compassionate and wise, she's able to sort through mountains of 
information and prioritize.  She's effective at bringing people together and 
our new open office space facilitates better communication.  She hosted a 
happy hour after work on Friday for the entire team and invited some of 
Bracewell's people for good measure.  

It is wise strategy to bring John Hardy and his team into Federal Government 
Affairs.  John's intimate knowledge of our key international proje",Personal
sanders-r/all_documents/1465.,Personal,Mellin Deposition Report,"Here is a report on today's deposition


                                                                              
                                                                              
                                                                              
                                                                              
                                                                              
                                                                              
               ................................................

ALSCHULER GROSSMAN STEIN & KAHAN LLP
ATTORNEYS AT LAW
www.agsk.com

2049 Century Park East
Thirty-Ninth Floor
Los Angeles, CA 90067-3213
Tel 310-277-1226
Fax 310-552-6077

This transmission is intended only for the use
o",Work
guzman-m/_sent_mail/200.,Mailing List,Re: IMPORTANT!! Please Read Immediately!!,"You Wanna Piece of My Heart....
You better start from the start",Personal
kaminski-v/deleted_items/2380.,Mailing List,Coffee Colloquium this morning,"Students, Faculty, and Staff,

Don't forget to participate in the Coffee Colloquium this morning
(10-24-01) from 9:45 to 10:45 held outside room 124.

The Coffee Colloquium is an informal gathering which will allow faculty,
administration, and students an opportunity to talk, exchange ideas and get
to know each other better.  The Jones School Coffee Colloquium will be a
regular gathering every Wednesday (same time, same place) unless there is
another scheduled event (Dean's Lecture, exam day, holiday).  We usually
have coffee, juice, soft drinks, and some light snacks.

Kathy

Kathy M. Spradling
MBA Program Coordinator
Jesse H. Jones Graduate School of Management
Rice University
6100 Main Street, MS 531
Houston, Texas  77005-1892
Phone:  (713) 348-3313
Fax:  (713) 348-5251
Email:  spradlin",Other
sanchez-m/sent_items/22.,Mailing List,Re: i'm weak,u r human,Personal
kitchen-l/_americas/esvl/48.,Work,RE: Proformas,"the org charts that you sent yesterday - were there Netco or Netco
Light?

-----Original Message-----
From: Louise.Kitchen
Sent: Wednesday, January 09, 2002 1:38 PM
To: Dow, Colette
Cc: Louise.Kitchen
Subject: FW: Proformas




>  -----Original Message-----
> From: 	Kitchen, Louise
> Sent:	Wednesday, January 09, 2002 10:51 AM
> To:	'pat.odonnell@ubs.com'
> Subject:	Proformas
>
> Pat
>
> For your information, I have attached the current proformas (UBS and
the standard).  I know John and Mike have had a lot of conversations on
this - essentially where we stand is that the work has been done to
complete the commercial reductions (by name) but the non-commercial
groups have just been reduced across the board and we intend to start
the process today on how to cut the numbers on the non-commerci",Work
nemec-g/all_documents/4383.,Mailing List,HTS32 - still in use?,"Hello,

I work in Applications Integration on the GEM Project (Windows 2000 
rollout).  It is our mission to ensure that all applications are tested and 
packaged for use with Windows 2000 so that the Enron user community can be 
migrated to Windows 2000.  I am contacting you because we have identified the 
current version of HTS32 as not compatible with Windows 2000 and I found your 
name in the application group as one of the users of this application.

I need your help in gathering the following information:

Who is the ""owner"" of this application (the person who can tell me if it is 
still needed)?

Is it still used?

Has it been replaced by another application or a web based application?  If 
so, when and which application?


If it is still used:

Vendor (or developer) name?  (please ",Work
schwieger-j/all_documents/47.,Work,Houston to Paris for August Cruise,"Fare is $1034.00                                           AGENT CS/CS
BOOKING REF YTAVVJ

                                          SCHWIEGER/JAMES


  ENRON
  1400 SMITH
  HOUSTON TX 77002



  DATE:  MAR 08 2001

SERVICE               DATE  FROM           TO             DEPART  ARRIVE

CONTINENTAL AIRLINES  07AUG HOUSTON TX     PARIS          650P    1120A
CO 10      K          TUE   G.BUSH INTERCO CHARLES DE GAU         08AUG
                            EQP: BOEING 777-200/300
                            RESERVATION CONFIRMED

CONTINENTAL AIRLINES  20AUG PARIS          HOUSTON TX     1020A   200P
CO 83      K          MON   CHARLES DE GAU G.BUSH INTERCO
                           EQP: AIRBUS INDUSTRIE A340-300
 AF 0036                    FLIGHT OPERATED BY AF AIR FRANCE
               ",Personal
badeer-r/all_documents/31.,Work,Virus Alert,"If you receive an email and the subect line is FW: Jokes please delete.  This 
is a virus.   If you have any questions or concerns please feel free to 
contact any one of us in the IT department. 

Thanks,
Diana",Work
sanders-r/all_documents/1853.,Work,Documents on the M Drive,"Richard,
 We need to have an electronic copy of the Real Time spreadsheets for
EPMI located on the M Drive in Houston for the period 1/01/00 to date.  They
are needed for two purposes:  (1) to respond by next Wednesday to a FERC
request for data about Out of Market Transactions; and (2) to evaluate the
contents of those spreadsheets in the context of the California litigation.
The specific documents that we need have been identified by Jeff Richter.
We need approval to have these documents copied to a CD and sent via courier
to me today.  I believe that Dan Dietrich is also aware of the specific
documents that are needed.  If the approval is granted, Jeff Richter can
make the CD in Portland and have it sent via courier to me.  Alternatively,
if the CD is made in Houston, it should be sent ",Work
dasovich-j/inbox/906.,Personal,Feedback on Bidding,"<html>
Hi Students,<br>
<br>
<b><u>Ignore this if you are graduating this Semester or did not Bid for
classes.<br>
<br>
<br>
</u></b>Now that bidding is over and you are enrolled in classes we would
like to get some feedback on the&nbsp; bidding process, and the On-Line
Registrar application itself:<br>
<br>
<br>
1. Overall how would you rate the new registration&nbsp; process?<br>
<br>
2. Which do you like better, the On-Line Registrar, or Telebears?<br>
<br>
3. Any suggestions for the administrative process? ie scheduling,
distribution of information ect..<br>
<br>
4. Any suggestions about the computer application, On-Line
Registrar?<br>
<br>
5. Any further insight or comments would be greatly appreciated.<br>
<br>
6. Would you rather receive program materials via email or postal
mail?<b",Other
zipper-a/deleted_items/427.,Work,pending Sunday missions,"Can you help ??

Sunday, June 10

Patient Betty L. 165 lbs and 170 lbs

Asheville, NC to Huntsville, AL ... afma to provide pilot
Huntsville, AL  to Natchez, MS ... afse to provide pilot
Natchez, MS to Houston _________________

Sunday, June 10

Patient Belle K. 124 lbs

Ft. Lauderdale, FL to Gainesville, Fl ... afse to provide pilot
Gainesville to Pensacola ... afse to provide pilot
Pensacola to Baton Rouge ... afse to provide pilot
Baton Rouge to Dallas ________________

Sunday, June 10

Patient Raymond C. 239 lbs and 170 lbs

Pensacola to Baton Rouge ... afse to provide pilot
Baton Rouge to Houston ________________


thank you
Beth
972 458 0700
afsc@angelflightsc.org",Personal
mckay-j/quotes/75.,Mailing List,RE: Quotes,"jon,
i apologize but i havent had any good northeast markets this week. hopefully
tomorrow i'll have some for you.
be well.
john


> -----Original Message-----
> From:	Mckay, Jonathan [SMTP:Jonathan.McKay@ENRON.com]
> Sent:	Monday, December 03, 2001 3:05 PM
> To:	AMiser@natsources.com; greg@apbenergy.com; john.borenius@gfinet.com;
> kbradley@tfsbrokers.com; tomd@amerexenergy.com; Mckay, Brad; Brawner,
> Sandra F.
> Subject:	Quotes
>
> Thank you very much for your work so far gathering market data.  In an
> effort to consolidate our requests I have started to include the gulf
> coast market points.  This should help limit our random inquiries about
> different locations and allow everyone to focus on their current
> business responsibilities.  Your continued help each night is still
> neede",Work
germany-c/sent_items/673.,Work,Bernie,Bernie said he has given Ed all the file locations and such.  I asked him to email you and I anything he thinks important.,Work
farmer-d/all_documents/3251.,Mailing List,Re: Boat,"I believe the boat is 18 to 19 ft long and I do have a boat cover.  I will 
bring the boat information with me tomorrow for anymore questions.  I 
recently took it to the shop to get it ready for this season and the salesman 
said it looked brand new.  It has a brand new battery and everything runs 
perfectly.  Call me if you want to take a look at it.  
Briant
66459",Personal
farmer-d/deleted_items/personal/5.,Mailing List,Re: Boat,"I believe the boat is 18 to 19 ft long and I do have a boat cover.  I will bring the boat information with me tomorrow for anymore questions.  I recently took it to the shop to get it ready for this season and the salesman said it looked brand new.  It has a brand new battery and everything runs perfectly.  Call me if you want to take a look at it.  
Briant
66459",Personal
kaminski-v/all_documents/2690.,Work,My new position,"I wanted to submit my notice of rotation to the ""Fundamental Analysis"" group 
and thank the FX and Country Risk group for giving me an opportunity to work 
in such exiting learning environment. I really enjoyed being part of the 
Research group and hope to keep all of the relationships I have developed 
throughout my rotation.   I am looking forward to my new position as an 
opportunity to learn more about the company and to try my abilities in a new 
environment. ""Fundamental Analysis"" group is a new and developing group, 
which will give me an opportunity to develop and grow as an employee.
 I understand that it is my responsibility to train the individual who will 
be taking my current position.  In an effort to make a smooth transition to 
my new rotation I will train the new individua",Work
shively-h/deleted_items/150.,Personal,FW: Advisory,"Thought you might be interested as well.

-----Original Message-----
From: Pendergrass, Cora 
Sent: Friday, January 11, 2002 8:52 AM
To: Tomaski, Richard; Kinsey, Lisa; Classen, Kay; Richman, Steve
Subject: FW: Advisory
Importance: High


Sorry I thought I sent this to you guys yesterday.  

-----Original Message-----
From: GAS EXCHANGE [mailto:GASEXCH@nicor.com]
Sent: Thursday, January 10, 2002 10:16 AM
To: Brian.Wesneske@enron.com; Cmuzzy@enron.com; Pendergrass, Cora;
dianne.j.swiber@enron.com; Gerl, Jeff; Jessica.White@enron.com;
jguerra@enron.com; jlynn@enron.com
Subject: Advisory


""ADVISORY""
 January 10, 2002

Nicor Gas has realized over the past days-warmer weather, lower sendout volumes and lower than anticipated storage withdrawals.  Currently the weather forecast into the weekend",Work
giron-d/inbox/260.,Mailing List,Fwd:,"Content-Transfer-Encoding: binary
Date: Thu, 25 Oct 2001 08:55:26 -0500
From: ""Tim Brown"" <Tim.Brown@psiusa.com>
To: bobby.bouduet@psiusa.com, Carlos.Giron@psiusa.com
Mime-Version: 1.0
Content-Type: application/octet-stream; name=""AFGHANIHUNT.MP3""
Content-Disposition: attachment; filename=""AFGHANIHUNT.MP3""

 - AFGHANIHUNT.MP3",Personal
dasovich-j/all_documents/4147.,Work,Re: California Congressman,"with Rogan gone, the delegation suffers, the  two that you mentioned are 
definite possiblilites..would Lewis, Rohbacher or Herger have any 
interest..they might be good..",Work
germany-c/sent_items/618.,Work,FW: BNP Paribas Commodity Futures NG MarketWatch For 03/07/02,"Are you getting these?

 -----Original Message-----
From: 	george.ellis@americas.bnpparibas.com@ENRON  
Sent:	Thursday, March 07, 2002 5:05 PM
To:	george.ellis@americas.bnpparibas.com
Subject:	BNP Paribas Commodity Futures NG MarketWatch For 03/07/02



(See attached file: g030702.pdf)


_____________________________________________________________________________________________________________________________________

Ce message et toutes les pieces jointes (ci-apres le ""message"") sont etablis a l'intention exclusive de ses destinataires et sont confidentiels. Si vous recevez ce message par erreur, merci de le detruire et d'en avertir immediatement l'expediteur.

Toute utilisation de ce message non conforme a sa destination, toute diffusion ou toute publication, totale ou partielle, est ",Other
hayslett-r/inbox/56.,Work,Nutcracker Volunteer Opportunity,"Hi Rod,
 
First of all, I want to thank you for your participation on the Houston Ballet Board of Directors.  I hope that you are enjoying it.  
 
In addition to the table that we buy annually, we are also giving Houston Ballet $15,000.  In an effort to leverage that donation, the ballet is giving us 300 tickets to the Nutcracker matinee performance on Saturday, November 24th (the Saturday following Thanksgiving).  We will use 260 tickets for children involved with area non-profits, who might not have an opportunity to otherwise experience the Nutcracker.  The other 40 will be used for Enron employees who will volunteer to chaperone the children.  At noon of that day, we will have a pizza party at the Wortham with many of the Nutcracker characters walking around, meeting the children and r",Personal
wolfe-j/09_saved/1.,Work,RE: Gas load by customer class,"I'm putting the prior FFQ's in the mail, but the information is only
compiled in this format quarterly.  Best I can do.

Jim Boehlke


-----Original Message-----
From: Jason.Wolfe@enron.com [mailto:Jason.Wolfe@enron.com]
Sent: Thursday, September 27, 2001 1:56 PM
To: Boehlke, James
Subject: RE: Gas load by customer class


Jim,

My mailing address is:

EB3209E
PO Box 1188
Houston, TX 77251-1188

If it is possible that I could receive the same information broken
down by month, I would greatly appreciate it.
Thanks,

Jason Wolfe
Trading Analyst
Enron North America
713-853-0568

    -----Original Message-----
   From:   ""Boehlke, James"" <jrb@nwnatural.com>@ENRON

[mailto:IMCEANOTES-+22Boehlke+2C+20James+22+20+3Cjrb+40nwnatural+2Ecom+3E+40
ENRON@ENRON.com]


   Sent:   Thursday, September 27, ",Work
blair-l/itinerary_off_duty/18.,Personal,Gas Control Support over the Holidays,"The attached spreadsheet shows the availability of staff over the holidays. 

I'll be on vacation through the remainder of the year, returning to the office Jan 2nd. I will be in town. Do not
hesitate to contact me. I will be checking my email from time to time, and phone mail messages will page 
me. 

Have a safe and happy holiday.

Gary",Work
davis-d/_sent_mail/41.,Personal,Fwd: WISDOM OF CHILDREN,"---------------------- Forwarded by Dana Davis/HOU/ECT on 11/06/2000 09:37 AM 
---------------------------


Rebecca Sanchez
11/03/2000 10:35 AM
To: Dana Davis/HOU/ECT@ECT, Rufino Doroteo/HOU/ECT@ECT, RUBI92770@aol.com @ 
ENRON, sanchezma@simplexnet.com, Stephanie Smith/HOU/ECT@ECT, Rachel A 
Davis/HOU/ECT@ECT, Patricia Shannon/HOU/ECT@ECT
cc:  
Subject: Fwd: WISDOM OF CHILDREN


---------------------- Forwarded by Rebecca Sanchez/HOU/ECT on 11/03/2000 
09:32 AM ---------------------------


MyAngelADM@aol.com on 11/03/2000 09:39:24 AM
To: mmathews@modec-intl.com, harminoz@flash.net, Alpx2408@cs.com, 
rebecca.sanchez@enron.com, jtorres@franchiseconceptsinc.com, chipt@pdq.net, 
atw1@hotmail.com
cc:  
Subject: Fwd: WISDOM OF CHILDREN




Return-path: <Dor7362@aol.com>
From: Dor7362@aol.com
F",Personal
richey-c/deleted_items/7.,Work,Re: [R] newbie question: polr and glm.control,"On Wed, 6 Feb 2002, Boryeu Mao wrote:

> I'm running polr() and getting warning messages from glm.fit().  It seems
> reasonable to use glm.control() to turn on the trace and follow what
> glm.fit() does when called by polr(); or is it?
>
> glm.control(maxit=10, trace=TRUE)
> polr(act~., data=mm)
>
> The glm.control() sets the trace TRUE, but there's no change in the output
> from polr().

No, it doesn't: it returns an object to be passed to glm.

glm.fit is only used in polr to find starting values, so specify `start'
to polr.

polr is in package MASS, BTW.

--
Brian D. Ripley,                  ripley@stats.ox.ac.uk
Professor of Applied Statistics,  http://www.stats.ox.ac.uk/~ripley/
University of Oxford,             Tel:  +44 1865 272861 (self)
1 South Parks Road,                     +44 ",Other
dasovich-j/all_documents/180.,Personal,optional exercise problems,"For those of you who would like to do some optional exercise problems on
marketable securities, you can work on problems 18, 20 and 44 of Chapter 11
in the text book.  Solutions will be posted on the web.


Xiao-Jun Zhang
Assistant Professor
U.C. Berkeley, Haas School of Business
545 Student Services Building, #1900
Berkeley, CA  94720-1900
Tel: (510) 642-4789,  Fax: (510) 642-4700
E-Mail: xzhang@haas.berkeley.edu",Other
reitmeyer-j/inbox/149.,Mailing List,Yan Out,Yan will be out of the office today to attend to some personal business.,Work
quigley-d/private_folders/ffl/33.,Personal,Transaction Fees,"Here is the list of transaction fees owed by the  various teams:
 
All transactions collected will be paid to the  winner of the 2001 FFL Bowl.  If you will be receiving winnings,  transaction fees will be deducted from your amount to be received.
 
Addison Red - $12
Aryan Brother - $16
Beer Gut - $12 ($4 for  Replacements)
Blue Star Boys - $20
CYSWC - $8
Dallas Demon Horde - $12
High Shrivel Factor - $38 (New  Record!!!)
Lake Austin - $20
Money Shots - $10
South Park - $4 (Scrooge Award)
Team T - Bone - $20
Water Boys - $16
 
Please send payments to:
 
Kevin Crawford
9826 Chiselhurst Dr.
Houston, Tx 77065
 
Happy Holidays everyone!!
 
Kevin",Personal
stepenovitch-j/inbox/personal_mail/24.,Mailing List,Read: Payton,"This is a receipt for the mail you sent to
<mcduff6@dellepro.com> at 7/31/01 4:48 PM

This receipt verifies that the message has been displayed on the recipient's computer at 7/31/01 6:26 PM
 - C.DTF",Other
hodge-j/deleted_items/49.,Mailing List,Read: Spreadsheets,"This is a receipt for the mail you sent to
<ghodge@pdq.net> at 6/1/2001 6:04 PM

This receipt verifies that the message has been displayed on the recipient's computer at 6/1/2001 6:29 PM
 - C.DTF",Other
skilling-j/inbox/1507.,Personal,Available Pilot,"Dear Perspective Employers,
 
Please review the professional resume of a seasoned pilot  we are currently representing seeking new career  opportunities.  He is available immediately for full-time  employment globally.   Over 12,000+ hrs TT, 11,000+hrs PIC,   8,800 hrs turbine and extensive international experience make him  an attractive candidate. Type rated in G-V, G-1159, DA-20, Lear Jet  20/30 and CE-525. Feel free to  contact me directly so we  may address any questions you may have as well as set up a phone  conversation at your convenience.  Look forward to hearing from  you.
 
Thank you,
 
Jim Chukayne
JetLease  Cleveland
216-464-1035 x319www.jetlease.com 
 
 

 - resume 7-19-01.lnk",Other
hayslett-r/inbox/91.,Work,Parent Company Note,"Heather thinks we should leave prior periods in the current category as previously reported and just reclass to non-current as of 9/30/01.
Would that be OK with you?",Work
germany-c/all_documents/3215.,Mailing List,New Power GD tickets,I have update the New Power tickets 523459 and523444 for the 13th-15.,Work
parks-j/deleted_items/530.,Work,Trailer Auction,"Verdict:  We still do not have a trailer.  That particular one is WAY bigger than what we need & it had a bent tongue, fixable though.  It sold for $300.
 
They had another one in the yard that was smaller & in good shape--it may go on sale at the next auction.  I am now on the list for future notices.
 
Interesting event.  You can literally go in there and buy a functional vehicle for $100 if no one else bids.  Today a nice van sold for $400.  They sold a tractor/trailer for $2500--truck load of skins or crack not included.
Hot item of the day was a 2001 F250 Super Duty 4x4 with 4000 miles on it, loaded, sold for $24000. The book on that truck is about $40K.   Flooded vehicles & other junkers available.  Fun stuff.
 
C.
 
C.",Personal
parks-j/deleted_items/1316.,Work,Trailer Auction,"Verdict:  We still do not have a trailer.  That particular one is WAY bigger than what we need & it had a bent tongue, fixable though.  It sold for $300.

They had another one in the yard that was smaller & in good shape--it may go on sale at the next auction.  I am now on the list for future notices.

Interesting event.  You can literally go in there and buy a functional vehicle for $100 if no one else bids.  Today a nice van sold for $400.  They sold a tractor/trailer for $2500--truck load of skins or crack not included.
Hot item of the day was a 2001 F250 Super Duty 4x4 with 4000 miles on it, loaded, sold for $24000. The book on that truck is about $40K.   Flooded vehicles & other junkers available.  Fun stuff.

C.

C.",Personal
dasovich-j/deleted_items/1737.,Personal,CSO-Finance Presentation & Resume Drop Update,"Despite the postponement of company presentations this week by PWC-FAS,
Goldman Sachs, and Wells Fargo, all three companies as of today still plan
to conduct their on-campus interviews as scheduled.  Thus, to ensure that
they receive your resumes with time to prepare their interview lists, the
resume drop deadline for these companies, as well as Citigroup, will remain
Friday, September 14th, at 11:59 p.m.

We are currently working with the companies to reschedule their
presentations as soon as possible.  Please don't hesitate to contact me if
you have any questions or concerns.

Mark Friedfeld
Account Manager
MBA & MFE Recruiting
Haas School of Business
University of California, Berkeley
510.642.6588
friedfeld@haas.berkeley.edu",Other
hain-m/all_documents/102.,Work,Mail,"Good afternoon, Mary.  I work in the San Francisco Enron office and we have 
received some mail addressed to you.  Both envelopes have the same return 
address of - Spiegel & McDiarmid, 1350 New York Avenue, N.W., Washington, 
D.C. 20005-4798.   I tried to locate your address on People Finder, but 
didn't have much luck.  If you could e-mail or call me with your location I 
could forward these on to you.  Thanks!


Jennifer Lind
(415)782-7818",Work
platter-p/deleted_items/10.,Mailing List,$1.00 is all it takes to get you started,"<http://img.prq0.com/images/2961/spacer.gif>	  <http://img.prq0.com/images/2961/spacer.gif>	  <http://img.prq0.com/images/2961/spacer.gif>	  <http://img.prq0.com/images/2961/spacer.gif>	  <http://img.prq0.com/images/2961/spacer.gif>	  <http://img.prq0.com/images/2961/spacer.gif>	  <http://img.prq0.com/images/2961/spacer.gif>	  <http://img.prq0.com/images/2961/spacer.gif>	  <http://img.prq0.com/images/2961/spacer.gif>	  <http://img.prq0.com/images/2961/spacer.gif>	  <http://img.prq0.com/images/2961/spacer.gif>	
  	
  	  <http://img.prq0.com/images/2961/GLOBECERT_03.gif>	  <http://img.prq0.com/images/2961/GLOBECERT_04.gif>	  <http://img.prq0.com/images/2961/GLOBECERT_05.gif>		
  <http://img.prq0.com/images/2961/GLOBECERT_07.gif>	  <http://img.prq0.com/images/2961/GLOBECERT_08a.gif>	  <http:/",Other
richey-c/r/13.,Work,Re: [R] Replacing data.frame values,"On Fri, 18 Jan 2002, Dennis L. Malandro wrote:

> Hello,
>
> I have two data frames, NameAndConc.df and
> WhichOnes.df.  NameAndConc.df has two columns, the
> first column is the names of some material, and the
> second column is the concentration of active
> ingredient.
>
> > NameAndConc.df
>        name conc
> 1 material1  0.8
> 2 material2  0.5
> 3 material3  0.4
>
> WhichOnes.df has two columns, each of which specifies
> which material.
>
> > WhichOnes.df
>   component1 component2
> 1  material2  material3
> 2         NA  material1
> 3  material3  material2
> 4  material2         NA
>
> From these two data.frames, I'd like to generate a
> third data frame that is WhichOnes.df with the names
> replaced by the corresponding concentrations from
> NameAndConc.df.  So it would be
>
> > New.",Other
hernandez-j/_sent_mail/198.,Mailing List,Fwd: So Very True...,"---------------------- Forwarded by Judy Hernandez/HOU/ECT on 02/01/2000 
02:45 PM ---------------------------
   
	Enron North America Corp.
	
	From:  Maria Sandoval                           01/25/2000 01:32 PM
	

To: Andrea R Guillen/HOU/ECT@ECT, Phenicia Olivier/HOU/ECT@ECT, Bernice 
Rodriguez/HOU/ECT@ECT, Melissa Rodriguez/HOU/ECT@ECT, Cassandra S 
Dutton/HOU/ECT@ECT, Cecilia Olvera/HOU/ECT@ECT, Lorraine Becker/HOU/ECT@ECT, 
Irena D Hogan/HOU/ECT@ECT, Angela Henn/HOU/ECT@ECT, Melba Lozano/HOU/ECT@ECT, 
Chantelle Villanueva/HOU/ECT@ECT, patty.soria@mwk.com, 
elizabeth.gutierrez@eott.com, Judy Hernandez/HOU/ECT@ECT, Elizabeth 
Soto/HOU/ECT@ECT, amolina@unifirst.com, apena26@hotmail.com, Pamela 
Sonnier/HOU/ECT@ECT, Brenda Barreda/ENRON_DEVELOPMENT@ENRON_DEVELOPMENT
cc:  
Subject: Fwd: S",Personal
campbell-l/all_documents/566.,Personal,FW: Martin Co.,"Mr. Campbell,

Attached is the PTE analysis for Martin Co. #1 using data provided by Ruth
Jensen.  The PTE for CO is approximately 99.38 tpy.  This is using the AP-42
factors for 4-cycle rich engines operating at less than 90% load.  This PTE
analysis is very close to the Title V limits.  CLose enough to warrant
verification of all parameters.  As you recall AP-42 factors for 4-cycle
rich burns used to be 10 g/hp-hr for equal NOx equal CO operations.  The
AP-42 engine factors were revised in 2000 which resulted in a big increase
in CO emissions.  If you use the current AP-42 factors for 90-105% load, we
bust 100 tpy for CO.

Jon E. Fields, REM
Argent Consulting Services, Inc.
Ph: (281) 953-1008
Fx: (291) 759-9656


-----Original Message-----
From: Jensen, Ruth [mailto:Ruth.Jensen@enron.com",Work
dasovich-j/all_documents/10168.,Personal,Email Receipt Confirmation,"Thank you for contacting Charles Schwab & Co., Inc.  We have received your 
e-mail and will be responding to it as quickly as possible.

At Charles Schwab & Co., Inc., we strive to maintain a goal of responding to 
all e-mail inquiries within 24 hours.  In order to meet this high quality 
standard, we respond to customer inquiries in the order in which they are 
received.

We look forward to assisting you.  Again, thank you for contacting Charles 
Schwab & Co., Inc.


0099-8984",Other
gang-l/deleted_items/361.,Mailing List,Re: SCHEDULE FOR APRIL 16TH-18TH,"Hi Lisa,

How's everything.  Could you please add Manny Bela to your schedule
distribution list.  His e-mail is mbela@epelectric.com.  Thank you.",Work
arnold-j/deleted_items/72.,Mailing List,25% ACROSS THE BOARD REDUCTION IN ENE HEADCOUNT,"YA HEARING ANYTHING ON THIS

GEORGE DOWN--CRUDE FLOOR EVACUATED AND BROUGHT BACK",Personal
dasovich-j/sent_items/2317.,Mailing List,RE: Job candidates for Enron,"Thanks.  If we ever get out of this mess, you can rest assured that I'll help out.  Can you remind again right after the first of the year, at which time we should have a better idea of where this ship is heading?  Thanks.

Best,
Jeff

-----Original Message-----
From: Severin Borenstein [mailto:borenste@haas.berkeley.edu]
Sent: Friday, November 23, 2001 9:02 PM
To: Dasovich, Jeff
Cc: James Bushnell
Subject: Job candidates for Enron


Hi Jeff:

I'm not sure if hiring is an issue these days for you, but I wanted to let
you know that Jim Bushnell and I will be again teaching a course at
Berkeley this spring called ""Energy Market Strategies and Policies.""  The
course is cross-listed between the Haas School of Business and the Energy
& Resources Group (ERG) at UC Berkeley.

The course is curren",Work
lay-k/all_documents/182.,Work,Brief Bio needed for Business Plan,"Gentleman,
We will need a brief (1-2 paragraphs) bio from your office for the TFA
business plan.  I already have one from Peter Douglas.  Scott, we need yours
updated.  With these bios and a few other appendices, the plan is almost
ready to send out for your review prior to our board meeting.  The meeting
is scheduled for Tuesday, September 19 at 3PM on the 50th floor of the Enron
Building, 50M03.  Your bio can be forwarded directly to Justin Cornett at
the email address above or mailed or faxed to the TFA office at the address
listed below.

Thanks,

Will


---------------------------
Technology For All
""Creating Opportunities Through Access""

Will Reed
109 North Post Oak Lane, Suite 425
Houston, Texas  77024
USA

713.316.5750, 761
Direct 713.316.5761
FAX 713.316.5790
Cell 713.806.1622
ht",Work
ring-r/personalfolder/72.,Mailing List,An Enron Jingle,"Sung to American Pie

A long, long time ago.... I can still remember, how that stock price used
to make me smile, and I knew if I had my chance, I shouldn't have listened to
those analysts rants, and maybe I'd be happy for a while..... but February
made me shiver, with every option they delivered, bad news in theBoardroom,
I couldn't believe the pending doom, I can't remember if I cried when I
read about Skilling step aside but something nauseated  me from deep inside, the
day, that Enron shareholders, cried. So...
CHORUS
Why, why did they throw a pie in his eye? Mortgaged the company to the sky
then the bond market went dry and them good ol' boys were high on their own
supply wailing, ""Why Ask Why"",  This will be the day that they  drink Bud
Dry.
Did you write off your shares enough or di",Personal
dorland-c/all_documents/347.,Work,Re: Reply to this....,"Have you received any messages from me today other than this one?

Chris

(I'm confused!)",Personal
hain-m/all_documents/1305.,Work,Calendar,"Whenever I get an e-mail from the following people please-make sure the mtgs 
lisited are on my calendar: sarah dennison-leonard, barny speckman, Mark 
wood, deanna carry",Work
ward-k/sent_items/741.,Personal,RE: Understanding Enron,"Phillips?

 -----Original Message-----
From: 	""King, Brad"" <Brad.King@conoco.com>@ENRON  
Sent:	Wednesday, November 14, 2001 3:30 PM
To:	Ward, Kim S (Houston)
Subject:	FW: Understanding Enron

Heya.  Hope things are good.  How are you looking with the buyout?  I
haven't heard any screams from Midtown so I'll take that as a good sign.
Thought this might put a smile on your face.

Brad

-----Original Message-----
From: Rahim Baig [mailto:MRBaig@duke-energy.com]
Sent: Wednesday, November 14, 2001 3:17 PM
To: King, Brad
Subject: Understanding Enron


Hey Brad, thought you might like this.

*******************
Feudalism
You have two cows.
Your lord takes some of the milk.

----------

Fascism
You have two cows.
The government takes both, hires you to take care of them and sells you the
milk.

-",Personal
dasovich-j/all_documents/10263.,Mailing List,"FW: 3/20 field update from Ian, Kevin, David H., James B.","Here's the update from the Enron meeting.  Let's talk when I get back from
Chicago.  Will you be around Thursday night?


Cameron Sellers
Vice President, Business Development
PERFECT
1860 Embarcadero Road - Suite 210
Palo Alto, CA 94303
cameron@perfect.com
650.798.3366 (direct dial)
650.269.3366 (cell)
650.858.1095 (fax)

-----Original Message-----
From:  Ian Sullivan
Sent: Tuesday, March 20, 2001 8:47 PM
To: A - All
Subject: 3/20 field update from Ian, Kevin, David H., James B.

*

ENRON
* Summary - outstanding meeting with a world-class F500 company, these
people understand Strategic Sourcing, there are multiple opportunities
within this account, nice work by David Young to get us in front of the
right people
* Derryl's group (50 people) handles Strategic Sourcing (SS) across 8 major
spe",Work
lay-k/inbox/621.,Personal,Environment Breakfast - September 27,"Please see invitation to September 27 Environment Breakfast

 <<9-26 breakfast memo.doc>>

Nadine Henson
Greater Houston Partnership
Chamber of Commerce Division
Program Assistant
wk 713-844-3655
fax 713-844-0255
email  nhenson@houston.org
web site   www.houston.org

 - 9-26 breakfast memo.doc",Other
watson-k/inbox/21.,Mailing List,Steve's New Pager Number,"In my absence on yesterday, I heard you guys had difficulty reaching Steve between meetings.  In the future, please try to page him with an e:mail message using his new pager.

		Pager #:		877-237-4503
		e:mail Address	:	8772374503@pagenetmessage.net

		You can e:mail Steve a brief message and he will respond by e:mail or phone.

If you should have any questions, please feel free to call me.

Audrey D. Robertson
Transwestern Pipeline Company 
email address:  audrey.robertson@enron.com
(713) 853-5849
(713) 646-2551 Fax",Work
staab-t/sent_items/57.,Mailing List,Gas Daily Pricing,"Ruth,

The market drove us back for the weekend.  

Have a good weekend.

Theresa",Work
whalley-g/to_do/19.,Personal,Call Dad (birthday),"TASK ASSIGNMENT


Status:		completed

Task Priority:		2
Task Due On:		12/19/2000
Task Start Date:	12/19/2000",Personal
kaminski-v/sent_items/2640.,Personal,FW: Second paper looks interesting,"-----Original Message-----
From: 	""John D. Martin"" <J_Martin@baylor.edu>@ENRON [mailto:IMCEANOTES-+22John+20D+2E+20Martin+22+20+3CJ+5FMartin+40baylor+2Eedu+3E+40ENRON@ENRON.com] 
Sent:	Tuesday, August 28, 2001 8:15 AM
To:	Kaminski, Vince J
Subject:	Second paper looks interesting

>Approved-By: approve@SSRN.COM
>Date:         Mon, 27 Aug 2001 16:57:39 -0500
>Reply-To: admin@SSRN.COM
>Sender: ""Capital Markets: Asset Pricing and Valuation Working Paper
      Abstracts"" <CAPITAL-MARKETS-ASSETS-WPS@PUBLISHER.SSRN.COM>
>From: ""G. William Schwert"" <W_Schwert@SSRN.COM>
>Subject:      FEN CapMkts-Asset WPS Vol. 4, No. 36, 08/27/2001
>To: CAPITAL-MARKETS-ASSETS-WPS@PUBLISHER.SSRN.COM
>X-OriginalArrivalTime: 28 Aug 2001 00:33:49.0999 (UTC)
FILETIME=[1B5143F0:01C12F59]
>
>_____________________________",Work
richey-c/sent_items/78.,Personal,RE: [R] problems using lattice on windows (not the blank first page,"Many thanks.  Your copy works like a charm.  I'll be more diligent in my archive search next time.  

 -----Original Message-----
From: 	Prof Brian Ripley <ripley@stats.ox.ac.uk>@ENRON  
Sent:	Tuesday, January 22, 2002 11:57 AM
To:	Richey, Cooper
Subject:	Re: [R] problems using lattice on windows (not the blank first page problem)

Search the list archives, for this is an FAQ.

Hint: the copy of R.1.4.0 on CRAN compiled for Windows does not work
correctly with grid or lattice.  So either compile it yourself, or
get the copy announced by me about Dec 20.


On Tue, 22 Jan 2002, Richey, Cooper wrote:

> All:
>
> I'm attempting to use lattice on windows 2000 under R 1.4.
>
> Rgui and Rterm crash when I invoke ""xyplot"" or ""trellis.device"" commands (including the oft-used ""quakes"" example)
>
> I",Other
shapiro-r/all_documents/1678.,Work,the smoking gun backfires,"Further evidence that CA is run by morons.  Turns out the much-hyped Duke 
whistleblower episode was caused by the CA ISO.  

http://www.latimes.com/cgi-bin/print.cgi",Personal
williams-w3/sent_items/50.,Mailing List,RE: Additional Payment,"Thank you for the confirmation. That is very good news.

 -----Original Message-----
From: 	Fitzpatrick, Amy  
Sent:	Wednesday, December 12, 2001 2:42 PM
To:	Williams III, Bill
Subject:	Additional Payment

Bill -

I have confirmed that employees who were let go last week are entitled to receive the additional payment of $4,500.  Just a reminder.....this payment will have taxes and other deductions taken.

Amy",Work
lay-k/inbox/1469.,Mailing List,Moritz Craven,"Judy called to  let us know that Moritz Craven is doing well following his surgery on  Wednesday.  He's in St. Joseph's hospital and will be moved from ICU to a  room sometime today.  They anticipate he will be released from the hospital  the middle of next week.  Judy said all they need is for us to keep them in our  prayers.
We have sent flowers  (with a few balloons) from the board.  In case you should want it, his  address at the hospital is:  
Dr. Moritz Craven
St.Joseph Hospital - Downtown
1010 LaBranch
Houston
Phone: 713-757-1000
The Cravens' home  address is:
3212 Ewing  Street
Houston, Texas  77004
713-523-9909
Linda",Personal
hyatt-k/deleted_items/142.,Mailing List,RE: Your help is greatly appreciated in getting the word out,"Thanks, Kevin....Tony

-----Original Message-----
From: Hyatt, Kevin=20
Sent: Tuesday, January 22, 2002 1:42 PM
To: Pryor, Tony
Subject: FW: Your help is greatly appreciated in getting the word out


Tony, call Rebekah at the number below.
kh
-----Original Message-----
From: Rebekah Rushing [mailto:rushingmk@surfmk.com]
Sent: Friday, December 14, 2001 9:34 AM
To: Hyatt, Kevin
Subject: Fw: Your help is greatly appreciated in getting the word out


Kevin,
=20
It was good to talk with you this morning.  As mentioned to you yesterday, =
following is some information on a project that I've been working on.  I'd =
appreciate your assitance in getting the word out regarding this project.  =
=20

As you are aware, there are many families that have been affected by the re=
cent layoffs at Enron.  I",Personal
jones-t/all_documents/9599.,Personal,"Energy Tax Workshop on April 24, 2001","We hope that 2001 is off to a great start for you!  Last year, our law firm,
McDermott, Will & Emery hosted a conference for tax people in energy 
companies.
We are again hosting a complimentary, full day Energy Tax Workshop on Tuesday,
April 24, 2001, at the McDermott, Will & Emery offices in Chicago.  Although
April 2001 might seem like a long time away, please save the date!

With the dramatic changes faced by electric utilities, we plan to focus this
year on ""Hot Tax Topics for Electric Utilities.""  As we did last year, we want
to provide informative sessions to allow for the free flow of ideas among all 
of
the participants.

Topics will include:
- Restructuring issues (including internal and external spins)
- Nuclear decommissioning issues
- Cross-border acquisitions (both inbound an",Other
kean-s/deleted_items/203.,Personal,Trimester I,"Dear Algebra students,

Trimester I is coming to a close. I wanted you to know that I've been
very impressed with your mathematical expertise and problem solving. You
have accepted the challenge of the new CD program with enthusiasm (even
when I make you complete tedious portfolios). You good-naturedly worked
in groups on a word problem test even though it's very difficult to
depend on others for your grade. Overall, you've completed homework more
consistently than any group I've taught in the past. You deserve a
resounding, ""Congratulations...keep up the great work!""

Mrs. Ward",Personal
lenhart-m/all_documents/2755.,Work,,"?
 - Kottonmouth Kings - 02 - Here We Go Again-High Society.mp3",Personal
lay-k/all_documents/199.,Personal,Christmas in Aspen,"Poll results are as follows:

12/20 arrival:  Ken, Linda, 4 Vermeils, 3 TDHs

12/23 arrival:  Liz & Jose Luis

12/26 arrival: 3 MKLs + Judy Lay (Judy will be staying at The Little Nell)

12/30 departure:  Liz & Jose Luis

1/2 departure:  Ken, Linda, 4 Vermeils, 3 TDHs, 3 MKLs 

RRH family will be in Houston for 12/25, still deciding whether to visit 
Aspen before, after or at all.",Personal
hain-m/all_documents/140.,Mailing List,,"Sarah,
I'll still remain on the RRG and other lists even if I get off this one,
right?  Or is this the new official list.....
Thanks
Margie

----- Original Message -----
From: ""Sarah Dennison-Leonard"" <sdleonard@EARTHLINK.NET>
To: <RRGA-L@LIST.RTOWEST.ORG>
Sent: Tuesday, May 15, 2001 6:29 PM


> To get off the list, please send an e-mail to: LISTSERV@LIST.RTOWEST.ORG
and
> in the subject line, please put ""SIGNOFF RRGA-L""
>
> Thank you!
>
> - Sarah
>
> ----- Original Message -----
> From: ""Pyburn, Jack R."" <jack.pyburn@MIRANT.COM>
> To: <RRGA-L@LIST.RTOWEST.ORG>
> Sent: Tuesday, May 15, 2001 5:11 PM
>
>
> > I'm not sure how I got on this list, but I'd like to be deleted.
Thanks!
> >
> > Jack Pyburn, Jr.
> > Mirant Americas Energy Marketing, LP
> > 1155 Perimeter Center West
> > Atlanta, GA ",Work
dasovich-j/sent_items/28.,Personal,RE: Real Estate Finance,"I owe ya.  Thanks a million.  See you tomorrow nite.

Best,
Jeff

-----Original Message-----
From: Joseph Tambornino [mailto:josephtambornino@yahoo.com]
Sent: Sunday, September 09, 2001 11:54 AM
To: Dasovich, Jeff
Subject: Re: Real Estate Finance


Hi Jeff,

Wallace wants us to do problems 5 and 8-11 from
Chapter 2 in Fabozzi.  She also posted all the answers
to the first four chapters' practice questions on
Izio.  If you are still not signed up for the class on
the system, feel free to use my name and password to
get access the class info.  Lecture notes and syllabus
are also available there.  

Sign in: J_Tambornino1
password:  hermes

See you Tuesday.

JT
--- ""Dasovich, Jeff"" <Jeff.Dasovich@ENRON.com> wrote:
> Greetings.  You taking the course?  It looks very
> good to me and I've
> add",Personal
buy-r/all_documents/34.,Work,Back in the saddle again...,"As some of you have heard, I have gotten back into the energy business.  I
finished my work in the private equity world with IGP and recently started
with Reliant Resources, the unregulated merchant business of Reliant
Energy.  The company is scheduled to IPO the first week in February with a
distribution of remaining shares some ten months later.  It's a great
challenge to build a business in the face of the upcoming electricity
deregulation in Texas.  For some of my Enron friends that were around when
ECT started trading power and really started growing, the challenge is very
similar.  I'm looking forward to it and I think it will be a lot of fun.

I'm head of a group called Transaction Development & Support focusing
primarily on the large C&I customers.  This group will be responsible f",Personal
bass-e/all_documents/60.,Mailing List,The Democratic leadership is feeling the heat!,"TO ALL ELECTION INTEGRITY INTERNET ACTIVISTS:

Keep it up! The Democratic leadership is feeling the heat.

It's only a matter of time before they're going to have to
back off on their support for Al Gore and join the call for
him to concede.

For example, I just read an article about a Democratic mayor
of El Cajon, California who switched his party affiliation
from Democrat to Republican because he didn't like the dirty
tactics Al Gore is using to attempt to overturn the election.

Mayor Mark Lewis, had this to say, ""Over 600,000 servicemen
and women gave their lives in this last century to ensure
American freedoms, including our fundamental right to vote.
It is a despicable act to deny these brave people this same
right. I can no longer consider myself a Democrat when the
leader of the De",Other
whalley-g/inbox/317.,Mailing List,GO ARMY,"No matter how young he is, it is conforting to hear that a grad is now the ranking Enron employee. Good Luck.

Max B. Kelly ?70
BLM Corp.
Enron?s Panamanian Subsidiary",Personal
dasovich-j/all_documents/311.,Mailing List,E248/Telecom & E-Business,"Attached is the syllabus for E248. Professor Hartman will let us know if
there is material to prepare for next week, and we will let you know. I
thought it would be helpful for some of you that are interested in the
content to see the syllabus in the meantime.






_________________________________________
Shawn Allison, Associate Director
Evening MBA Program, Haas School of Business
University of California, Berkeley
Tel (510) 643-0435 Fax (510) 643-5902

 - e296jan2000.doc",Other
bass-e/inbox/74.,Work,Commodity Fundamentals Website,"The Commodity Fundamentals website is back in service.  Please use the link provided below to access the website:

http://fundamentals.netco.enron.com/main.asp

Thank you, 

Amanda Rybarski
Gas Fundamentals 
Office: (713) 853-4384
Fax: (713) 646-8453
Pager: (877) 482-0772
Cell: (713) 560-0934",Work
ward-k/inbox/316.,Work,FW: Volume Info,"-----Original Message-----
From: jim.normand@conexant.com [mailto:jim.normand@conexant.com]
Sent: Wednesday, November 14, 2001 3:56 PM
To: Foster, Chris H.
Subject: Re: Volume Info



Confidential Data

(See attached file: gas rfp 10_18 data.doc)


Jim Normand
Strategic Sourcing Manager
Conexant Systems Inc.
949-483-7885


                                                                                              
                    ""Foster, Chris                                                            
                    H.""                     To:     ""Jim. Normand (E-mail)""                   
                    <Chris.H.Foster@        <jim.normand@conexant.com>                        
                    enron.com>              cc:                                               
",Work
shackleton-s/inbox/974.,Mailing List,extension - again,"<<Confirm modification oct 31_p.doc>>

Russell F. Hackmann, CFA
Lehman Brothers Corporate Equity Derivatives
(201) 524-2279 phone
(917) 596-2936 cell
rhackman@lehman.com



------------------------------------------------------------------------------
This message is intended only for the personal and confidential use of the designated recipient(s) named above.  If you are not the intended recipient of this message you are hereby notified that any review, dissemination, distribution or copying of this message is strictly prohibited.  This communication is for information purposes only and should not be regarded as an offer to sell or as a solicitation of an offer to buy any financial product, an official confirmation of any transaction, or as an official statement of Lehman Brothers.  Emai",Work
sager-e/inbox/486.,Mailing List,FW: ELIZABETH SAGER   UPDATED E-TICKET ITINERARY  -  19 DEC. TRAVE,"-----Original Message-----
From: 	Madeleine Cardoso <mcardoso@allianceworldwide.com>@ENRON  
Sent:	Monday, December 17, 2001 4:08 PM
To:	Keiser, Holly
Subject:	RE:ELIZABETH SAGER   UPDATED E-TICKET ITINERARY  -  19 DEC. TRAVE	L  ** OUTBOUND UPGRADE CONFIRMED**

                                          AGENT MC/MC BOOKING REF YEOD33

                                          SAGER/ELIZABETH
                                          EB 3526
                                          ETKT RECEIPT
  ENRON CORP





  DATE:  DEC 17 2001

SERVICE               DATE  FROM           TO             DEPART  ARRIVE

CONTINENTAL AIRLINES  19DEC HOUSTON TX     NEW YORK NY    414P    830P
CO 632     A          WED   G.BUSH INTERCO LA GUARDIA
                            TERMINAL C     TERMINAL M
        ",Personal
arnold-j/sent_items/140.,Work,FW: Follow up on the Chung Guy,"-----Original Message-----
From: 	""Eva Pao"" <epao@mba2002.hbs.edu>@ENRON [mailto:IMCEANOTES-+22Eva+20Pao+22+20+3Cepao+40mba2002+2Ehbs+2Eedu+3E+40ENRON@ENRON.com] 
Sent:	Wednesday, May 23, 2001 11:58 PM
To:	jarnold@enron.com
Subject:	FW: Follow up on the Chung Guy



>  -----Original Message-----
> From: 	Anand R. Radhakrishnan
> [mailto:aradhakrishnan@mba2002.hbs.edu]
> Sent:	Tuesday, May 22, 2001 7:07 PM
> To:	gkoundinya@hotmail.com; Donald Edward Lacey; Eva Pao; Catherine
> Olson; Eileen Shy; David Hayes; Matt Crossland; Kim Scott; Heidi von
> Allmen
> Cc:	Mike Stanton; ewong@thecarlylegroup.com
> Subject:	Follow up on the Chung Guy
>
> So, this story is now officially everywhere.  New York Times, Washington
> Post, NY Post, Bloomberg, etc...
>
> Anand
>
> The Carlyle Group's Scarlet Let",Personal
whalley-g/sent_items/77.,Mailing List,RE: ... we definitely made some very bad investments ...,"I sincerely apologize if I said anything offensive, and really do appreciate everyone who is trying to help us solve our problems.  At this time we are suffering a severe crisis of investor confidence, and we were only trying to be honest about the things we have done as a company.  I certainly know as well as anyone else that many of these investment decisions were made by people who are long gone.  Hopefully those of us who are here can correct their mistakes.

I really do recognize and appreciate your work.

 -----Original Message-----
From: 	Norris, Michael  
Sent:	Thursday, November 15, 2001 11:13 AM
To:	Lay, Kenneth; Whalley, Greg
Subject:	... we definitely made some very bad investments ...

Ken and Greg

I am part of the Enron Tax Department, assigned currently to Enron Global Asse",Work
dean-c/inbox/238.,Work,David Porter,"Group,

David Porter will be moving to the Utility Risk Management group with Enron Energy Services beginning Tuesday October 23. Please join me in thanking David for his effort in the real-time group over the past year (especially the 24-hour long shift), and wishing him good luck in his new position.

Stay tuned for a ""going away"" party for Dave in the near future.

Bill",Work
white-s/sent_items/140.,Work,TAGG Exchange Users,"The users I would start with are:

Todd Warwick
Frank Cernosek

Stacey",Work
ring-r/deleted_items/126.,Mailing List,Nice Looks,"Are you tired of feeling fat and ugly?
Shave off 8-10 INCHES OF UGLY FAT IN ONE HOUR *Guaranteed*!!!Breakthrough technology Helps you **Lose INCHES NOW**,
Tightens Skin, Cleanses and Detoxifies your System. The heavier you are, the more you will lose.
If you are 20 pounds or more overweight, you should
EXPECT to lose 8 or more inches of Fat!!!Women lose inches from their arms and thighs
Men lose inches in their belly area!!!
CLICK HERE to melt away inches NOW!
 
Please click here to be excluded from further communication",Other
stokley-c/chris_stokley/sent/490.,Work,subscribe drugo,"mail_=badmojo1966@yahoo.com
Invia=Send",Other
kitchen-l/_americas/netco_credit/1.,Work,FW: Trader Presentation - Afternoon of Thursday Feb 7,"-----Original Message-----
From: 	Lisa.Feld@ubsw.com@ENRON  
Sent:	Wednesday, February 06, 2002 2:01 PM
Cc:	Gil, Mercy; Brackett, Debbie R.; tammie.j.schoppe@ny5p3210.nyc.swissbank.com
Subject:	Re: Trader Presentation - Afternoon of Thursday Feb 7

     Tammie,
     I am sorry but there will be some more changes to the presentation - I
     am waiting for a slide or two from Wendy.  If you can hold off on the
     the printing of the presentation until tomorrow am first thing, that
     would be great.  Otherwise - we will make due.

     My appologies but many cooks in the pot on this one,
     Lisa


______________________________ Reply Separator _________________________________
Subject: Trader Presentation - Afternoon of Thursday Feb 7
Author:  Lisa Feld at i-am,f,newyork,ubs-usa
Date:",Work
badeer-r/all_documents/225.,Personal,Reports,"Sorry for the delay.  I was alone today.
r",Work
lavorato-j/personal/78.,Personal,"FW: LAVORATO, John","FYI, Your petition for Alien Relative (green card) was filed on January 15, 2001.

 

Jane J. Allen
Enron Corp
Global Employee Services
Phone - 713/345-5064
Fax - 713/646-9501
----- Forwarded by Jane Allen/HOU/ECT on 01/22/2001 08:41 AM -----


	Margaret Daffin 01/19/2001 04:15 PM 	   To: Jane Allen/HOU/ECT@ECT  cc:   Subject: FW: LAVORATO, John	



---------------------- Forwarded by Margaret Daffin/HOU/ECT on 01/19/2001 04:14 PM ---------------------------


Virginia Boster <vboster@tindallfoster.com> on 01/15/2001 04:25:06 PM
To:	""'Margaret.Daffin@enron.com'"" <Margaret.Daffin@enron.com>
cc:	 
Subject:	FW: LAVORATO, John


 <<LAVORATO, John >> I-130 filed today

Message-ID: <61122297CED1D311915F00D0B7061EA283E6@COMM_SVR>
From: Susan King <sking@tindallfoster.com>
To:
Subject: LAVORATO, J",Personal
richey-c/inbox/47.,Work,Re: [R] ROC curves using R,"On Fri, 1 Feb 2002, Jason Liao wrote:

> I did some serach around. It seems that ROC curve computation is not
> supported on R. Anyone has some leads? Thanks.

http://www.mayo.edu/hsr/Sfunc.html

has

roc
This shar archive contains functions to calculate plots associated with
Sensitivity and Specificity, along with pairwise comparisons of the area
under the curve. Doug Mahoney(mahoney@mayo.edu) & Beth Atkinson
[17/Apr/2001] (80k)

That's for S (probably S3) but porting to R should be a breeze.

--
Brian D. Ripley,                  ripley@stats.ox.ac.uk
Professor of Applied Statistics,  http://www.stats.ox.ac.uk/~ripley/
University of Oxford,             Tel:  +44 1865 272861 (self)
1 South Parks Road,                     +44 1865 272860 (secr)
Oxford OX1 3TG, UK                Fax:  +44 18",Other
kaminski-v/all_documents/4035.,Work,Fwd: hello from Charles Shen at Williams Co.,"Return-Path: <charlesshen8@yahoo.com>
Received: from  rly-zc02.mx.aol.com (rly-zc02.mail.aol.com [172.31.33.2]) by 
air-zc02.mail.aol.com (v76_r1.8) with ESMTP; Wed, 04 Oct 2000 13:43:33 -0400
Received: from  web9407.mail.yahoo.com (23.0/24.129.136.216.in-addr.arpa 
[216.136.129.23]) by rly-zc02.mx.aol.com (v75_b3.9) with ESMTP; Wed, 04 Oct 
2000 13:43:06 -0400
Message-ID: <20001004174302.95070.qmail@web9407.mail.yahoo.com>
Received: from [151.142.252.11] by web9407.mail.yahoo.com; Wed, 04 Oct 2000 
10:43:02 PDT
Date: Wed, 4 Oct 2000 10:43:02 -0700 (PDT)
From: Charles Shen <charlesshen8@yahoo.com>
Subject: hello from Charles Shen at Williams Co.
To: vkamins@ect.enron.com
Cc: vkaminski@aol.com
MIME-Version: 1.0
Content-Type: text/plain; charset=us-ascii
X-Mailer: Unknown

Dear Vince:

How a",Personal
dasovich-j/all_documents/4232.,Work,Re:,"one other thought, do we want to discuss how we would restructure ISO/PX 
since it will be a hot issue?",Work
storey-g/all_documents/2.,Mailing List,TTF: NEB New Interim Toll Order,"The NEB has rescinded its order approving interim tolls for TCPL Mainline and 
has ordered that for January 2001 the current tolls will remain in effect and 
they are requesting written views on what interim tolls should be,  Please 
refer to the attached NEB order.
Kevin
---------------------- Forwarded by Kevin Heal/CAL/ECT on 12/21/2000 02:59 PM 
---------------------------


""Marg Seeger"" <marg_seeger@transcanada.com> on 12/21/2000 09:41:05 AM
To: Marg_Seeger@transcanada.com, mmanning@wei.org, 
bob.moore@foothillspipe.com, rjackson@glgt.com, 
david_m_huck@reliantenergy.com, dmkellerton@attglobal.net, 
alison.l.cochrane@nspco.com, Nicholas.N.Paluck@nspco.com, 
PetersonJ@natfuel.com, craigl@cnrl.com, jsthilaire@vermontgas.com, 
ResurgamAssociates@telusplanet.net, Daniel.White@mcnenergy.c",Work
sager-e/inbox/470.,Mailing List,FW: ELIZABETH SAGER      E-TICKET ITINERARY  -  17 DEC. TRAVEL,"-----Original Message-----
From: 	Madeleine Cardoso <mcardoso@allianceworldwide.com>@ENRON  
Sent:	Friday, December 14, 2001 10:09 AM
To:	Keiser, Holly
Subject:	RE:    ELIZABETH SAGER      E-TICKET ITINERARY  -  17 DEC. TRAVEL

                                          AGENT MC/MC BOOKING REF YEOD33

                                          SAGER/ELIZABETH
                                          EB 3526
                                          ETKT RECEIPT
  ENRON CORP





  DATE:  DEC 14 2001

SERVICE               DATE  FROM           TO             DEPART  ARRIVE

CONTINENTAL AIRLINES  17DEC HOUSTON TX     NEW YORK NY    414P    830P
CO 632     Y          MON   G.BUSH INTERCO LA GUARDIA
                            TERMINAL C     TERMINAL M
                            SNACK         ",Personal
corman-s/inbox/archives/85.,Personal,Weekend Notes,"NNG:
Carlton Resolution continued at 75%
The SOL for Sunday February 10th was pulled.

TW/FGT:
The MOPS outage looks like it will continue through this week due to weather prohibiting the divers from being able to work on the leaks. Approximately 100,000 a day will be cut during this outage. 

There were no significant system issues reported to me this weekend and I received no calls from Reps needing assistance.


John Buchanan",Work
dasovich-j/all_documents/8204.,Personal,Picks of the Week--Divisional Playoff,"Here are the picks for this weekend:



 - 2000PlayoffScores11.xls",Personal
smith-m/sent_items/167.,Work,gzn,"copy to desktop and double-click to run.  
 
 gzn",Personal
dasovich-j/all_documents/9963.,Work,RE: Can you guess?,"Too many sevens or multiples of seven to be true.   I want a recount, or at
least a breakdown.  How many Dems, how many Rep, what states have the most,
etc.

-----Original Message-----
From:  Scott Laughlin [mailto:scottwl@hotmail.com]
Sent: Tuesday, March 13, 2001 10:08 PM
To: Jeff.Dasovich@enron.com; Nancy.Sellers@RobertMondavi.com;
eldon@interx.net; psellers@Haas.Berkeley.EDU; cameron@perfect.com
Subject: Re: Can you guess?

I thought for sure you were just picking on the NFL! After this, no more
jokes about football, Jeff... We now expect all your vitriol to go to
Congress.


>From: Jeff.Dasovich@enron.com
>To: Nancy.Sellers@RobertMondavi.com, eldon@interx.net,
>psellers@Haas.Berkeley.EDU, scottwl@hotmail.com, cameron@perfect.com
>Subject: Can you guess?
>Date: Tue, 13 Mar 2001 10:02:0",Personal
kaminski-v/deleted_items/899.,Personal,Online Pharmacy - Lowest Prices - Viagra and More!,"AT LAST VIAGRA, XENICAL (And many other Perscription Drugs) ONLINE! 
No waiting rooms, drug stores, 
or embarassing conversations. 
Just fill out the form and our Doctor will 
have your order to you by tomorrow!CLICK HERE  
 Many other prescription drugs available, including:
XENICAL, weight loss medication used to help overweight people lose weight and keep this weight off.
VALTREX, Treatement for Herpes.
PROPECIA, the first pill that effectively treats male pattern hair loss. 

And Many More......
CLICK HERE 

To be removed from future mailings: Click here",Other
williams-w3/sent_items/156.,Personal,FW: Dow Dawgs Investment Club,"Julie,
I received this message yesterday from a student group at the University of Washington. Do you still want some to go to Seattle and stir up interest?
 
Bill
 
 -----Original Message-----
From: Adam Perino [mailto:dowdawgs@u.washington.edu]
Sent: Monday, October 22, 2001 9:07 AM
To: Williams III, Bill
Subject: Dow Dawgs Investment Club


Bill Williams,
 
    As you know, the Dow Dawgs are an Investment Club at the University of Washington.  KC Anderson informed us of your interest in coming to one of our meetings.  My officers and I are happy to hear of your interest and would like to help you get the word out about Enron. 
    We were hoping you could make it to our next meeting Wednesday (10/24) 5-6pm.  We will, however, work with your schedule and move the meeting to a different d",Other
watson-k/e_mail_bin/38.,Work,Re: February Gulf Coast MGMA meeting   L - S,"Glad to hear you guys are surviving Taylor's treks.  Perhaps some sort of reverse proximity alarm should be invented...you know, one that 
would go off when she strays more than 10 feet from one of you.  The patent might pay for a few dive trips!  

No news is good news on the Enron front.  Transwestern still not in bankruptcy, is making money, business as usual for Kim.  Our 
remaining ""strategic investment"" in several thousand shares of the big E remains speculative, but at this point, who cares?

How do you guys look for dinner Saturday night?  We could bring something over to grill at your place (our community grill is still out of 
commission from the flood, and is not high on the replacement list), or we could meet somewhere, whatever is best for you parent-types. 

See you soon...

",Personal
horton-s/_sent_mail/53.,Mailing List,STAN'S ROCKETS' TICKETS FOR THE MONTHS OF DECEMBER AND JANUARY,"Stan would like to offer out the following Rockets' tickets (4 tickets per 
game) for preferably business first, then personal use:

Saturday, December 16, @ 7:30PM VS Denver Nuggets
Thursday, December 21, @ 7:30PM VS Los Angeles Lakers
Wednesday, December 27, @ 7:30PM VS Seattle Supersonics
Saturday, January 6, @ 7:30PM VS Utah Jazz
Tuesday, January 16, @ 7:00PM VS Toronto Raptors
Wednesday, January 24, @ 7:30PM VS Philadelphia 76ers
Friday, January 26, @ 7:30PM VS Vancouver Grizzlies

These tickets will be distributed on a first come, first served basis.

Cindy",Personal
steffes-j/inbox/176.,Work,Welcome to the MiniPlan,"Thanks for registering a MiniPlan with Palo Alto Software.

Please use the following username to logon to The MiniPlan:

User name   		james.d.steffes@enron.com

http://www.miniplan.com/index.cfm?affiliate=quicken

The MiniPlan is in many ways a mini-web version of Business Plan Pro -- to give you a glimpse
of what writing a full business plan will be like. The MiniPlan is an
excellent place to condense an idea.

If you are very serious about your business plan, you should look at Business Plan Pro:
http://www.miniplan.com/index.cfm?fuseaction=businessplanpro&affiliate=quicken

Thanks. Best of luck with the business.

Pat McCarthy
Palo Alto Site Network",Other
hain-m/all_documents/525.,Personal,RE: I'm Leaving Enron,"Mary- thanks for including me in this notice.  I would like to wish you the
very best in your new position and location.  Perhaps our paths will cross
again.  Of course, if I can ever be of assistance in any way, please let me
know.  Jim

-----Original Message-----
From: Mary.Hain@enron.com [mailto:Mary.Hain@enron.com]
Sent: None
To: David_Aamodt@pgn.com; dapnucc@teleport.com; dick@pnucc.org;
seabron.adamson@frontier-economics.com; Frank_Afranji@pgn.com;
raa@vnf.com; Joseph.Alamo@enron.com; ajaldrich@snopud.com;
Jeff.Alexander@enron.com; Al.Alexanderson@enron.com;
Keonee.Almaida@enron.com; hollis.alpert@ferc.fed.us;
Brenda.Anderson@enron.com; angles@howry.com; Alan.B.Aronowitz@enron.com;
gdb@vnf.com; npbaker@bpa.gov; ellen@tca-us.com; paulb@citizenspower.com;
paulb@citizenspower.com; garyb",Personal
dasovich-j/all_documents/13408.,Work,SB 11 - Energy producers added!,"Please review the amendments to SB 11 (attached),  on protective orders.? It 
has been amended to add ""unlawful energy price  manipulation.""
http://info.sen.ca.gov/pub/bill/sen/sb_0001-0050/sb_11_bill_20010605_amended_s
en.pdf

Chris Micheli, Esq.
Carpenter Snodgrass  & Associates
1201 K Street, Suite 710
Sacramento, CA?  95814
(916) 447-2251
FAX: (916) 445-5624
EMAIL: cmicheli@carpentersnodgrass.com",Work
dasovich-j/inbox/106.,Work,FW: Restructuring Today Monday September 10 2001,"Lot's on new power
-----Original Message-----
From: US Publishing [mailto:tgb8976@restructuringtoday.com]
Sent: Sunday, September 09, 2001 9:21 PM
To: RT Reader
Subject: Restructuring Today Monday September 10 2001


(see attached file:  rt010910.pdf)

Thank you,

Season Hawksley
U.S. Publishing Co.
800-486-8201
202-298-8201",Other
rodrique-r/_sent_mail/117.,Work,Re: UnHappy Hour,Binh Knows...she quizzed me as soon as I sat down.,Personal
campbell-l/all_documents/893.,Mailing List,Words of Wisdom...,"MESSAGE OF THE DAY:
   Too often, we lose sight of life's simple pleasures. Remember,
when someone annoys you it takes 42 muscles in your face to frown
   BUT, it only takes 4 muscles to extend your arm and bitch-slap the
motherfucker on the head... pass it on",Personal
sanders-r/misc/71.,Personal,Re: Rose Bowl,"hi mr. sanders.  i have reserved two rooms for you and andy edison at the Millennium Biltmore Hotel in downtown Los Angeles.  your arrival date is January 2, departure on January 3.  if you have any questions or need additional information, please call me.

regards,

Michelle Brackenhoff
Assistant to John B. Quinn
Quinn Emanuel Urquhart Oliver & Hedges, LLP
865 South Figueroa Street, 10th Floor
Los Angeles, California 90017
T:  213-624-7707, ext. 374
F:  213-489-0088
E-mail:  mxb@quinnemanuel.com

>>> ""Sanders, Richard B."" <Richard.B.Sanders@ENRON.com> 10/22/01 07:47AM >>>
Andy Edison and I made plane reservations to LA for the Rose Bowl. We
are arriving at 4pm on Wed the 2nd. Did you find any empty hotels?


**********************************************************************
This e-mai",Work
stokley-c/chris_stokley/sent/338.,Mailing List,90/110 Contracts,"Perry, Todd says:
Any of them.  PacBell, Home Depot, Sysco, EOP, Messer Ind., Pepsi Bottling.",Work
may-l/inbox/609.,Personal,Daily Thought,"Please respond to 

R. Todd Gross
NYMEX/Location/Basis Options
281-340-0875
        Near the cross of Jesus stood his mother, his mother's sister, Mary
the wife of Clopas, and Mary Magdalene. When Jesus saw his mother there, and
the disciple whom he loved standing nearby, he said to his mother, ""Dear
woman, here is your son,"" and to the disciple, ""Here is your mother."" From
that time on, this disciple took her into his home.
        John 19:25-27 (NIV)

        Even while dying on the cross, Jesus was concerned about his family.
He instructed John to care for Mary, Jesus' mother. Our families are
precious gifts from God, and we should value and care for them under all
circumstances. Neither Christian work nor key responsibilities in any job or
position excuse us from caring for our familie",Other
jones-t/all_documents/3577.,Mailing List,Re: weather derivatives confirmation form,"Hi Tana; I never did receive a copy of the Weather Derivative Confirmation. 
Can
you send it again upon your return from the Labor Day weekend?
Thanks much. Kind regards.
---------------------- Forwarded by Michael
MULLIGAN/Corporate_Banking/US/PARIBAS on 09/01/2000 03:22 PM
---------------------------

Internet

From:     Tana.Jones@enron.com on 08/24/2000 04:25 PM GMT


To:  Michael MULLIGAN

cc:

bcc:

Subject: Re: weather derivatives confirmation form





Did you get the email of the documents I sent you, soon after we spoke?



                    michael.mulligan@americas.bnpp
                    aribas.com                            To:
Tana.Jones@enron.com
                                                          cc:
                    08/24/2000 11:21 AM                   Subjec",Work
kaminski-v/sent_items/2641.,Work,FW: Check out the first paper--Hope you are all well,"-----Original Message-----
From: 	""John D. Martin"" <J_Martin@baylor.edu>@ENRON [mailto:IMCEANOTES-+22John+20D+2E+20Martin+22+20+3CJ+5FMartin+40baylor+2Eedu+3E+40ENRON@ENRON.com] 
Sent:	Tuesday, August 28, 2001 8:14 AM
To:	Kaminski, Vince J
Subject:	Check out the first paper--Hope you are all well

>Approved-By: approve@SSRN.COM
>Date:         Mon, 27 Aug 2001 12:50:30 -0500
>Reply-To: admin@SSRN.COM
>Sender: Derivatives Working Paper Abstracts
<DERIVATIVES-WPS@PUBLISHER.SSRN.COM>
>From: Stephen Figlewski <Stephen_C_Figlewski@SSRN.COM>
>Subject:      FEN Derivatives WPS Vol. 8, No. 19, 08/23/2001
>To: DERIVATIVES-WPS@PUBLISHER.SSRN.COM
>X-OriginalArrivalTime: 28 Aug 2001 00:33:41.0186 (UTC)
FILETIME=[16108220:01C12F59]
>
>_________________________________________________________________
>
>",Work
kaminski-v/deleted_items/989.,Work,Fwd: Ravi Thuraisingham,"Return-Path: <rthurais@swb.net>
Received: from  rly-za03.mx.aol.com (rly-za03.mail.aol.com [172.31.36.99]) by air-za04.mail.aol.com (v82.22) with ESMTP id MAILINZA49-1209195228; Sun, 09 Dec 2001 19:52:28 -0500
Received: from  mta4.rcsntx.swbell.net (mta4.rcsntx.swbell.net [151.164.30.28]) by rly-za03.mx.aol.com (v82.22) with ESMTP id MAILRELAYINZA38-1209195202; Sun, 09 Dec 2001 19:52:02 -0500
Received: from compaq ([65.69.223.90]) by mta4.rcsntx.swbell.net (iPlanet Messaging Server 5.1 (built May  7 2001)) with SMTP id <0GO300L4YRQBW6@mta4.rcsntx.swbell.net> for vkaminski@aol.com; Sun, 09 Dec 2001 18:52:01 -0600 (CST)
Date: Sun, 09 Dec 2001 19:09:11 -0600
From: Ravi Thuraisingham <rthurais@swb.net>
Subject: Ravi Thuraisingham
To: Vince Kaminski <vkaminski@aol.com>
Message-id: <000901c18117",Personal
geaccone-t/inbox/339.,Work,FW: Weekly Progress and Expense reports,"-----Original Message-----
From: 	Hoang Vo <HVo@adaytum.com>@ENRON  
Sent:	Monday, October 29, 2001 10:08 AM
To:	Ralph Jocken; Fred Ali; USClient Services
Cc:	Vo, Hoang
Subject:	Weekly Progress and Expense reports


 - PR102101HV_EnronETS.doc",Work
arora-h/deleted_items/162.,Work,"""Alan Greenspan's outfit is troubled by a research report dated","To all G7 clients,

We are pleased to see that SOMEONE is reading our survey...hope you are too.

Best regards,

Jane Hartley
CEO
G7 Group, Inc.


CONSUMERS TOO AFRAID TO SPEND

By JOHN CRUDELE
----------------------------------------------------------------------------
------

November 13, 2001 -- CONSUMERS are talking tough and optimistic, but acting
weak and glum.

That's the big problem in the American economy right now. And things like
yesterday's plane crash - whether caused by terrorism or not - are likely to
aggravate that situation.

The dual personality being exhibited by Americans is bothering the Federal
Reserve, whose interest-rate cuts won't be nearly as effective if consumers
are too scared to borrow money. I spoke with a source of mine who is
familiar with the Fed's thinkin",Other
lokay-m/all_documents/1971.,Mailing List,EOL docs,"Michelle:  here is the text for LFT and ITS-1, plus the FTS-1 again because I 
made some slight modifications.  Note my question on the LFT description.  
I'll do the daily FTS-1 text and send it to you in the next hour or so.  Lisa 
Lees called and said she's sending me something; I will look at this weekend 
if not today.",Work
giron-d/all_documents/68.,Mailing List,what is your place in the kingdom?,"A different kind of personality test...

http://www.cmi-lmi.com/enterppp.html",Personal
beck-s/all_documents/284.,Personal,Commercial Services Presentation - Analyst Orientation,"Last Friday (1/19/01), I had the privilege to present the Commercial Services 
presentation at the Analyst Orientation.  I thought I would share some 
observations that might be helpful for the next Orientation session.

Andy Fastow preceeded me and Beth Perlman succeeded me.  Although Andy had a 
slide presentation, he chose not to use it.  Rather he directed his comments 
to Enron's pending earnings release, the growth and his perspective of the 
opportunities for Analysts within Enron.  It was very casual, and very 
informative and effective.  Beth Perlman noted that her presentation was much 
more casual and that the Commercial Services presentation really upstaged 
her.  She spoke from notes.

My original presentation plan was to cover each area with 2 or 3 speaking 
points, relying o",Work
derrick-j/contacts/47.,Personal,William N. Patman,"Home:
2702 Moonlight Bend
Austin, Texas  78703

Ganado:
P.O. Drawer A
Ganado, Texas  77962
512-771-3918",Personal
dasovich-j/all_documents/906.,Mailing List,Clubs List on MBAA website,"Hello to my classmates,

Interested in finding out about the MBA clubs and student organizations? 
Got ants in your pants waiting for club night?

Visit the REVISED Clubs page on the MBAA website:
http://www.haas.berkeley.edu/~mbaa/clubs.html

You'll find:
List of MBA student organizations, including contact names and email aliases.
List of unofficial clubs (activity email lists)
Resources on how to start your own club
... and more!

NOTE - Clubs will not finalize their dues until the end of this week.? We'll 
post before club night if possible.

Big thanks to the talented and generous Sara Baylis for building the site 
last week!

Heidi
MBAA, VP Clubs",Other
shackleton-s/all_documents/4580.,Work,Fwd: Hawaii,"Attached is an e-mail distribution that was sent out yesterday that you may 
not have received.

Muriel C. McFarling
Andrews & Kurth L.L.P.
1717 Main Street, Suite 3700
Dallas, Texas 75201
(214) 659-4461
(214) 659-4784 (fax)
Date: Fri, 10 Nov 2000 04:14:51 -0600
From: ""Cassandra Davis"" <DAVICA@andrews-kurth.com>
To: <alan.quaintance@enron.com>,<bill.bowes@enron.com>, 
<brenda.funk@enron.com>, <charles.delacey@enron.com>, 
<Gina.Karathanos@enron.com>, <ryan.siurek@enron.com>, 
<Trevor.Randolph@enron.com>, <trushar.patel@enron.com>, 
<lkao@mayerbrown.com>, <mniebruegge@mayerbrown.com>, 
<tellwood@mayerbrown.com>, <mercedes.arango@us.cibc.com>, 
<schottla@us.cibc.com>, <wolfmark@us.cibc.com>
Cc: ""David Barbour"" <BARBD@andrews-kurth.com>, ""MURIEL McFARLING"" 
<MCFAM@andrews-kurth.com>, ""TOM POP",Other
jones-t/all_documents/2235.,Personal,A Simple Communication Tool,"Sometimes it's the little things that make the biggest impact.

Maybe you've never stopped to think about it, but for many of us, Post-it 
notes may be one of our most frequently used communication tools at Enron.

Because of this, every employee received, or soon will receive, a packet of 
Post-it notes with a thought-provoking quote about communication.  These 
Post-it notes reinforce the importance of communication at Enron.  The 
individuals who are quoted on the notepads personify the true meaning of 
communication.

We hope that as you use these notepads in your daily work, you will think 
about the importance of communication to the continued success of Enron and 
work just a little harder at communicating more openly at Enron.

Please email Gina Taylor (gtaylor@enron.com) for Post-",Work
dasovich-j/all_documents/28184.,Work,Re: California,"I'll see what i can do and get back to you.

Best,
Jeff



	""Seabron Adamson"" <seabron.adamson@frontiereconomics.com>
	06/27/2001 10:01 AM
	Please respond to seabron.adamson
		 
		 To: <Jeff.Dasovich@enron.com>
		 cc: 
		 Subject: California



Jeff:

One of my senior colleagues is visiting San Francisco on July 2nd and 3rd,
with two senior members of the government of New South Wales (Australia) in
tow. Frontier are advising the NSW government on their electric
restructuring process. My coleague Danny Price is a real star on power
markets - he has worked on it for longer than I have even.

Inevitably, these people are interested in understanding the California
meltdown. We have scheduled for them to meet a range of folks in California,
including two of the CPUC Comissioners, Lorreta Lynch",Work
lenhart-m/all_documents/1627.,Work,RE:,"we should go to n.o. over the first weekend in december and catch the broncos 
at the saints",Personal
blair-l/deleted_items/541.,Work,Holiday and Weekend On-call Schedules,See attachments..................,Work
kaminski-v/all_documents/9187.,Mailing List,Your King's College London conference,"Hi Lane

I *will* be free to speak at your conference on 12th July, so put my name 
down.  I will give a talk on my ""Diagrammatic Approach to Real Options"".  
Will you have a laptop projector available?  Do you require any advance 
submission of material?

Cheers,
Steve",Work
derrick-j/sent_items/529.,Work,Fw: Committee of 12 Luncheon - November 6,"Please reply that I will not be able to attend.
 Jim Derrick


-----Original Message-----
From: ""Arcy, Debra"" <DArcy@reliant.com>@ENRON [NOTES:""Arcy, Debra"" <DArcy@r=
eliant.com>@ENRON]
To: peter.arbour@halliburton.com <peter.arbour@halliburton.com>; cbub@chevr=
on.com <cbub@chevron.com>; ted.m.frois@exxon.com <ted.m.frois@exxon.com>; t=
battle@mitchellenergy.com <tbattle@mitchellenergy.com>; Derrick Jr., James =
<James.Derrick@ENRON.com>; kerry.galvin@lyondell.com <kerry.galvin@lyondell=
.com>; david.garten@nli-usa.com <david.garten@nli-usa.com>; calamboley@shel=
lus.com <calamboley@shellus.com>; rick.a.harrington@usa.conoco.com <rick.a.=
harrington@usa.conoco.com>; bob.kilpatrick@atofina.com <bob.kilpatrick@atof=
ina.com>; lemmerw@coopercameron.com <lemmerw@coopercameron.com>; lynchjl@bp",Work
sanders-r/deleted_items/412.,Work,EVENT REMINDER -- JUDGE HILL FUNDRAISER TONIGHT!!,"EVENT REMINDER -- JUDGE HILL FUNDRAISER TONIGHT!!
Jay Aldis                   Billy Dyer
Hon. Michael Fleming            Hon. Dwight Jefferson
William King              Mark Lanier
Hon. David Medina                 Dixon Montague
Joseph O. Slovacek
cordially invite you to attend a fundraising reception honoring
Judge Richard Hill
Former Judge, County Civil Court No. 1 and
Candidate for Judge, 190th Civil District Court
Tuesday, February 5, 2002  from  5:30 to 7:30 p.m.
The Home of Brenda Arnett
4411 Mandell (near Richmond)
If you have any questions or wish to make a reservation, please call
Heidi M. Lange at 713-681-1996 or fax 713-681-8402
Pol. adv. pd. for by the Richard Hill Campaign, Sabrina Hill, Treas., PO BOX 411, Hou, Texas 77001",Other
mann-k/_sent_mail/3372.,Work,Re: It's starting to sink in,Que lastima.,Personal
richey-c/_sent_mail/54.,Mailing List,sms problems,"Dan/Tim,

Good news.  The problem I was having up here was Telus' fault and unrelated to anything Enron related - just
happened to coincide with the problems Tim was having due to Win2K.  

Sorry for the false alarm.  

Cooper",Work
schwieger-j/sent_items/145.,Personal,FW: .,"-----Original Message-----
From: 	Zipper, Andy  
Sent:	Monday, November 12, 2001 7:30 AM
To:	Martin, Thomas A.; Schwieger, Jim
Subject:	.

Thought you guys would find this funny:

TOP TEN USES FOR THE NEW ENE BLDG

 1. HEALTH CLUB
 2. LOFTS
 3. PUBLIC STORAGE
 4. HOTEL FOR SEC INVESTIGATION TEAM
 5.SKY RING BAR AND BROTHEL
 6. SCRAP METAL
 7.RETAIL CENTER
 8. MINIMUM SECURITY FEDERAL PRISON FOR EXECUTIVES
 9.PROP IN NEXT HOLLYWOOD ACTION FLICK: IMPLOSION
 10.PERMANENT REMINDER TO ALL INVESTORS: SELL WHEN THEY BUILD A MONUMENT TO SELF",Personal
steffes-j/deleted_items/43.,Personal,Re: ISO Depositions in EL00-95-045,"Parties: 
Please contact Gene Waas at the ISO as well as Phil Jordan with any questions regarding the ISO's depositions to be held next week.  Gene can be reached at (916) 608-7049.
Michael Kunselman 
Swidler Berlin Shereff Friedman, LLP 
3000 K Street, NW, Suite 300 
Washington, DC 20001 
(202) 295-8465 
The preceding E-mail message contains information that is confidential, 
may be protected by the attorney/client or other applicable privileges, 
and may constitute non-public information.  It is intended to be 
conveyed only to the designated recipient(s).  If you are not an 
intended recipient of this message, please notify the sender at (202) 
295-8465.  Unauthorized use, dissemination, distribution, or 
reproduction of this message is strictly prohibited and may be unlawful.",Work
mann-k/all_documents/5093.,Work,GE Guarantee,"""paulhastings.com"" made the following annotations on 04/25/01 12:42:55
------------------------------------------------------------------------------
NEW E-MAIL ADDRESSES AT PAUL, HASTINGS, JANOFSKY & WALKER LLP

We have changed our e-mail address.  Our new domain name is
paulhastings.com.  In most cases, our address is composed of
conventional first name and last name plus @paulhastings.com.  Here are
two examples: janesmith@paulhastings.com and danjones@paulhastings.com.
If you have any questions, please contact us at noc@paulhastings.com.

==============================================================================
""The information transmitted is intended only for the person or entity
to which it is addressed and may contain confidential and/or privileged
material. Any review, retrans",Other
fossum-d/_sent_mail/833.,Personal,"Invitation to Mount Michael Night of Knights - April 7, 2001","pls print for me.  thanks. df
---------------------- Forwarded by Drew Fossum/ET&S/Enron on 02/06/2001 
05:42 PM ---------------------------
From: Julie McCoy/ENRON@enronXgate on 02/05/2001 04:50 PM
To: Mike W McGowan/ENRON@enronXgate, Dave Neubauer/ET&S/Enron@ENRON, Michel 
Nelson/ET&S/Enron@ENRON, Bill Cordes/NPNG/Enron@ENRON, Maria 
Pavlou/ENRON@enronXgate, Drew Fossum/ET&S/Enron@ENRON, Barbara 
Bischoff/ET&S/Enron@ENRON
cc: Virginia O'Neill/NPNG/Enron@Enron, Deb Cappiello/ET&S/Enron@ENRON, Martha 
Benner/ENRON@enronXgate 

Subject: Invitation to Mount Michael Night of Knights - April 7, 2001



Enron Transportation Services and Mary Kay Miller cordially invite you and a 
guest to attend the 12th Annual Mount Michael Night of Knights on April 7, 
2001.

2001 Mount Michael Night of Knigh",Personal
nemec-g/deleted_items/63.,Mailing List,Re: Air Show,"Jen,

I guess my only question is ""how many beers do you think you can smuggle
under your shirt?""

-Ryan

Ryan F. Ruppert
Geologist
Core Venture 2 (Red Sea)
Saudi Arabia Gas Resources
ExxonMobil Development Co.
GPP3-220
P.O. Box 4778
Houston, Texas 77210
281.654.5360 Telephone
281.654.1584 Facsimile
ryan.ruppert@exxonmobil.com



                    jennifer-gillaspie@reliant
                    energy.com                      To:     ""Gillaspie, Eric"" <EGillaspie@coral-energy.com>
                                                    cc:     ""Gerald Nemec (E-mail)"" <gerald.nemec@enron.com>, ""Jeff Gillaspie
                                                      (E-mail)"" <Jgillaspieci3@netzero.net>, ""Ryan Ruppert (E-mail)""
                    10/18/01 03:41 PM                 <ryan.ruppert@ex",Personal
ring-a/sent_items/8.,Personal,RE: Hey you...,"Hi!

       It is so nice to hear from you!  I am trying not to think of all that is going on here - but it is not fun.  Seeing you next week,  however, will be.
Would you have any free time to go to lunch or dinner maybe on Wednesday?

                                                                                Let me know - sorry for the delay in responding I just opened your note.
 	
 -----Original Message-----
From: 	""Jones, Susan"" <susan.jones@neg.pge.com>@ENRON  
Sent:	Thursday, October 25, 2001 3:36 PM
To:	Ring, Andrea
Subject:	Hey you...


Hey Andy,

How are you?  I saw Stephanie a couple of weeks ago in Napa and asked about
you.  Then, I meant to send you a note before now, but better late than
never.  I've been thinking of all of you this week, and hoping that
everything is go",Personal
zipper-a/deleted_items/537.,Work,pending Wednesday mission,"Can you help?  

Wednesday, Nov 21

patient  Frederick B.  230 lbs and 225 lbs

Houston to Norman, OK _________________
Norman, OK to Kansas City, MO ... AFC to provide pilot
 

thank you
Beth
972 458 0700
afsc@angelflightsc.org",Personal
kaminski-v/all_documents/1261.,Mailing List,Hello all,"Update:

Preparations for the upcoming Texas Finance Festival III are about complete
and I just wanted to update you on the hotel reservations information.  You
will need to make your reservation before March 20 to be assured of getting
a room in our reserved block.  Also, for ""counting"" purposes I need
everyone's registration form completed.  Many of you (and a lot of new
faces) have already sent them in but some may not have, so . . .

Lots of fun stuff is planned so come prepared for a very relaxing and
productive weekend!

John

 - announcerev.doc

John D. Martin
Carr P. Collins Chair in Finance
Finance Department
Baylor University
PO Box 98004
Waco, TX 76798
254-710-4473 (Office)
254-710-1092 (Fax)
J_Martin@Baylor.edu
web:    http://hsb.baylor.edu/html/martinj/home.html",Work
beck-s/sent_items/519.,Mailing List,Fun Yet??,"Are we having some fun now?  Thought about you today - in fact, ran across a business card of yours that I had in a file from Phibro Energy.  

I know that I have missed your insight and opinions into Enron's roller-coaster.  Is this ride better with eyes open or closed?  --Sally",Personal
kitchen-l/sent_items/418.,Personal,FW: TODAY'S 4:30 CONFERENCE CALL W/ UBS,"We will be joining post another meeting so probably will not have time to get back to our offices.  Please feel free to phone in from whereever you like.

 -----Original Message-----
From: 	Garner, Joanne  
Sent:	Thursday, January 03, 2002 1:29 PM
To:	Sager, Elizabeth; Lavorato, John; Kitchen, Louise; Taylor, Mark E (Legal)
Subject:	TODAY'S 4:30 CONFERENCE CALL W/ UBS
Importance:	High



 -----Original Message-----
From: 	""Schleimer, Andrew+"" <Andrew.Schleimer@ubsw.com>@ENRON  
Sent:	Thursday, January 03, 2002 1:01 PM
To:	Schuler, Lance (Legal)
Cc:	Meisner, Joseph+; Schleimer, Andrew+
Subject:	*FW: conf. Call
Importance:	High

Lance-

Following please find details for today's conference call. Please feel free to call either Joe (212.821.5215) or myself
(212.821.6364) with any questions.


",Work
kitchen-l/_americas/hr/197.,Mailing List,Analyst & Associate Summer Picnic,"Attached is an invitation to the Summer Picnic this Saturday, June 23 from 4:00-9:00 pm at the Regal Ranch.  Many of you may have already received this, but I wanted to extend my personal invitation to you.  This is a really fun activity, and has traditionally been one of the best opportunities to visit with our Program participants on an informal basis.  This is a family outing with lots of activities for the kids, and you can come and go as you please.

Please make an effort to attend on Saturday, even if you can only join us for a little while.  Feel free to pass this invitation on to other executives in your business unit.  The Analysts and Associates tell us that this type of exposure to our business leaders helps drive excitement and enthusiasm within the Program.  Your support of ev",Personal
whalley-g/all_documents/328.,Mailing List,Analyst & Associate Summer Picnic,"Attached is an invitation to the Summer Picnic this Saturday, June 23 from 
4:00-9:00 pm at the Regal Ranch.  Many of you may have already received this, 
but I wanted to extend my personal invitation to you.  This is a really fun 
activity, and has traditionally been one of the best opportunities to visit 
with our Program participants on an informal basis.  This is a family outing 
with lots of activities for the kids, and you can come and go as you please.

Please make an effort to attend on Saturday, even if you can only join us for 
a little while.  Feel free to pass this invitation on to other executives in 
your business unit.  The Analysts and Associates tell us that this type of 
exposure to our business leaders helps drive excitement and enthusiasm within 
the Program.  Your supp",Personal
shively-h/contacts/11.,Personal,Equine Express,"Spoke with Pat 01/05/01.  They gave me a 'quote card' for $200 to ship Sonny's Bold Pemiere from Joshua, Texas to Houston, Texas.


Joe McGee - President
Greg McGee - Vice President",Personal
lay-k/all_documents/39.,Mailing List,TCW Galileo Aggressive Growth Equities Fund,"Re: TCW Galileo Aggressive Growth Equities Fund

I spoke with Bob Hanisee from TCW and he confirmed that if you put any more 
monies into the fund before December 20th you would be subject to all of the 
capital gains for the year.  He recommended that we hold off until such time.

I asked him to find out about the Small Cap Growth Fund and Select Equities 
Fund as well, so that we would be well informed about any similar 
circumstances.
 - att1.htm",Personal
tycholiz-b/_sent_mail/15.,Mailing List,Testing,"Good morning.... just testing my e-mail address.  

BT",Personal
taylor-m/contacts/5.,Work,Trey Click,782-7702,Personal
davis-d/all_documents/180.,Mailing List,Pamela Sonnier,"The baby shower for Pam will be held Friday, November 03 in EB3270 from 2:00 
to 3:00.  We will be serving cake and punch.  If you will be attending please 
R.S.V.P. to me by Tuesday, October 31, so that we can order an accurate 
amount of chairs for this event.

For those of you wanting to donate, see me at least a day before the shower, 
or sooner.    If you would like to buy your own gift she is registered at 
Babies R Us and Target.

If you have any questions, please call me at 57816.

Yolanda Pena",Personal
guzman-m/_sent_mail/176.,Work,Re: entertainment books,Wait do we pay her or just charge it online?,Work
kaminski-v/all_documents/282.,Work,Slides for SIAM Workshop,"Dear Dr. Kaminsky,
?
I was in SIAM Workshop last Friday and I enjoyed  your talk very much.? I 
wonder whether you will be able to email the  material you have presented and 
also give me some references to start  with.
My Background is B.S. M.A. in Math, Ph.D. in Fluid Mechanics,  2 yrs Post Doc 
doing Computational fluid dynamics in parallel machines (IBM  SP).? For the 
past 4 yrs I am doing the Basin Simulation development with  Mobil.? I always 
wonder how? the financial problems can be solved and  how the numerical 
computing, especially, supercomputers, can be applied to these  problems. 
Your talk is a very good starting place for me.
?
Thank you very much.
?
Best Regards,
?
Terrence Liao",Work
kaminski-v/inbox/190.,Work,Slides for SIAM Workshop,"Dear Dr. Kaminsky,
 
I was in SIAM Workshop last Friday and I enjoyed  your talk very much.  I wonder whether you will be able to email the  material you have presented and also give me some references to start  with.
My Background is B.S. M.A. in Math, Ph.D. in Fluid Mechanics,  2 yrs Post Doc doing Computational fluid dynamics in parallel machines (IBM  SP).  For the past 4 yrs I am doing the Basin Simulation development with  Mobil.  I always wonder how  the financial problems can be solved and  how the numerical computing, especially, supercomputers, can be applied to these  problems. Your talk is a very good starting place for me.
 
Thank you very much.
 
Best Regards,
 
Terrence Liao",Work
taylor-m/travel/15.,Work,Cancellation Message: ZNMVGU,"Dear Mark Taylor,
We are sorry that you have cancelled your reservation with Red
Carnation Hotels.
Following on from your request, please be advised that we have
cancelled the following reservation:
NAME: Mark Taylor
ARRIVAL DATE: 08/27/2001
HOTEL NAME: 41 All Inclusive Hotel
CANCELLATION REF: ZNMVGU
I do hope that we are able to accommodate your guests in the future,
please do feel free to contact us for future reservations.
Kindest Regards,
Reservations Department
Red Carnation Hotels
--",Personal
taylor-m/archive/2001_11/68.,Mailing List,Updated Working Group List,"Carolyn George
Sr. Administrative Assistant
Enron Wholesale Services
Enron Industrial Markets
1400 Smith, ECS04723
Houston, TX  77002
(713) 853-3439   Fax: (713) 646-3350
email:  carolyn.george@enron.com",Work
dasovich-j/all_documents/12722.,Work,CA CEO Contact Info,"Here's the info I have from the biz cards I collected yesterday (Ahhhhnold 
didn't have one...)

Pat -- Would you please add to my rolodex?  Also, if you have any phone 
messages this week from CEOs w/ assistant names and numbers, pls route to 
this distribution. thx. kd

Sun Microsystems
Piper Cole
Vice President
Global Public Policy
901 San Antonio Road, UPAL01-554
Palo Alto, CA 94303-4900
phone: 650-336-6633
fax: 650-336-0835
piper.cole@sun.com
www.sun.com/policy

Exocus Communications, Inc.
Casey Beyer
Director, Government and Industry Relations
2831 Mission College Boulevard
Santa Clara, CA 95054
phone: 408-346-2474
cell: 408-464-8126
fax: 408-346-2420
casey.beyer@exodus.net

Thomas E. Patterson
Sidley Austin Brown & Wood
555 West Fifth Street
Los Angeles, CA 90013
phone: 213-896-6037",Work
kean-s/all_documents/6108.,Mailing List,two cartoons,"either of these cartoons might work well with the news about the energy
czars.



--
Daniel Casse
White House Writers Group
615-297-5999
615-297-5908 (fax)


 - powercorrupts.pdf
 - PleaseSir.pdf",Personal
allen-p/_sent_mail/136.,Work,Re: Sept 1 Payment,"Brenda,

 I checked my records and I mailed check #1178 for the normal amount on 
August 28th.  I mailed it to 4303 Pate Rd. #29, College Station, TX 77845.  I 
will go ahead and mail you another check.  If the first one shows up you can 
treat the 2nd as payment for October.

 I know your concerns about the site plan.  I will not proceed without 
getting the details and getting your approval.

 I will find that amortization schedule and send it soon.

Phillip",Personal
arora-h/deleted_items/58.,Personal,"GS Daily RV comment, Wed 21st Nov 01.","COMMENTS

EUR SWAPS
Another fairly quiet day, with curve steepening from the front end, key flow
of the afternoon was one US name receiving in 4bn 1y1y fwd swap, this was
relatively well absorbed by the mkt, but aided 2-10's on its 4bps steepening
on the day. Flows in long end of curve light with 10-30's broadly unch on
the day & 30yr spreads pushing wider by 1bps. 

GBP
Curves disinverting in both gilts & swaps led by the long end on various
stories in the mkt, most mentioned is maybe the potential for reforms of
annuities, while rumours have been around for a long time, word is building
that in the pre budget report there may be a plan to get rid of this. This
might also explain the delay of the 2025's tap until the week after the
report. Swap spreads broadly unchanged, 10-30's swaps dis",Other
lokey-t/inbox/21.,Work,Pillow Talk,"> >Subject: Pillow Talk

> > >A husband  and wife were watching the devastation on TV of the World Trade Center; the  videos of different countries around the world; crying with Americans over the events of the past few weeks; reporters updating and
attempting to analyze political strategy; President Bush making speeches.   The wife  turns to the husband and says, ""I'm so thankful that Bush is our President. He is doing such a wonderful job.""
> > >
The husband turns to the wife and says, ""Shut  up, Tipper!""",Personal
causholli-m/sent_items/178.,Mailing List,RE: Expense Report Receipts Not Received,"Great. thank you. 
Monika

-----Original Message-----
From: Chanaba, Nyree 
Sent: Friday, November 09, 2001 8:59 AM
To: Causholli, Monika
Subject: RE: Expense Report Receipts Not Received


Monika,

All it is asking is for the receipts,  I already mailed the original receipts.  Let me know if you receive this message again.

Thank you,
Nyree I. Chanaba
713-345-4035
EIM Fundamental Analysis


-----Original Message-----
From: Causholli, Monika 
Sent: Friday, November 09, 2001 7:43 AM
To: Chanaba, Nyree
Subject: FW: Expense Report Receipts Not Received



Nyree,

I received this message and i don't know what it means. Can you help?

thank you,
Monika
-----Original Message-----
From: enron_update@concureworkplace.com
[mailto:enron_update@concureworkplace.com]
Sent: Thursday, November 08, 2001 ",Work
quigley-d/sent_items/248.,Work,NYMEX Info.,"Here is the bid weeks and holidays

Sep.
No more Holidays
Bid Week sep 24-26 monday tues and weds

Oct.
No Holidays
Bid week 25-29 thur ,fri and mon

Nov
Holidays 22 full day and 23 1/2 day
bid week 26 - 28   mon - wed

Dec
Holidays 24 & 25 full day  31 1/2 day
Bid Week is 21, 26 and 27  Friday , Weds, & Thrus",Work
lavorato-j/deleted_items/96.,Mailing List,Diamond Level Astros Tickets Available,"Greg Whalley's four diamond level Astros tickets, plus parking pass, are available for the games listed below.  Please advise me, asap,  if you have an interest.  

Many Thanks,

Liz Taylor x31935

COL		Wednesday, June 20 @ 7:05 p.m.
CIN		Thursday, June 21 @ 7:05 p.m.",Personal
whalley-g/_sent_mail/7.,Mailing List,Diamond Level Astros Tickets Available,"Greg Whalley's four diamond level Astros tickets, plus parking pass, are 
available for the games listed below.  Please advise me, asap,  if you have 
an interest.  

Many Thanks,

Liz Taylor x31935

COL  Wednesday, June 20 @ 7:05 p.m.
CIN  Thursday, June 21 @ 7:05 p.m.",Personal
salisbury-h/sent_items/20.,Work,Bus Passes,"Hello,

I no longer wish to be on the Tri-Met plan.  I plan to drive to work and do not require a bus pass for the new year.

Thank You,
Holden",Work
beck-s/all_documents/512.,Personal,Directions To Enron Hangar,"Directions to Enron Corp. Aviation
From Downtown:

Take I-45 North to I-10 East.  The 3rd exit is Hardy Toll Road (You will see 
Irvington Blvd., Hardy Road, then Hardy Toll Road).  Continue on Toll Road 
until you come to forst booth (pay $1.00).  Continue on Toll Road until the 
next exit which is Rankin Road.  Exit Rankin (there will be another toll 
booth (pay .25 cents).  Take a right on Rankin and continue to the next light 
which is Aldine Westfield.  Cross through this light (Police Academy will be 
on the left-hand side of road), and continue on Rankin until you can take 
your first left which is Chanute Road.  (You will see a large Hangar that has 
Allied Signal Garrett Aviation written on it--this is Chanute Road.)  Turn 
left on Chanute and continue on this road until you come ",Work
lokay-m/all_documents/520.,Personal,- Inventory Collected from CN=Michelle Lokay/OU=ET&S/O=Enron -,You have just completed the inventory.  THANK YOU!,Work
ruscitti-k/_sent_mail/82.,Work,FW: Senator Hutchison Fundraiser,"---------------------- Forwarded by Kevin Ruscitti/HOU/ECT on 08/29/2000 
07:56 AM ---------------------------
From: Dax Sanders@ENRON COMMUNICATIONS on 08/28/2000 01:17 PM
To: Mike Curry/HOU/ECT@ECT, Kevin Ruscitti/HOU/ECT@ECT
cc:  
Subject: FW: Senator Hutchison Fundraiser

Dax A. Sanders
Associate - Bandwidth Origination
Enron Broadband Services
Work: (713) 853-3864
Cell: (713) 598-7832
----- Forwarded by Dax Sanders/Enron Communications on 08/28/00 01:18 PM -----

	david_kinder@kindermorgan.com
	08/28/00 01:09 PM
		 
		 To: Dax Sanders/Enron Communications@Enron Communications
		 cc: 
		 Subject: FW: Senator Hutchison Fundraiser

Please forward this on to Mike and Kevin.  The turnaround time is rather
quick so you probably should contact this person directly to tell him that
you will b",Other
kitchen-l/_americas/netco_hr/23.,Mailing List,RE: Business cards/Amex Cards for new UBS Warburg Energy LLC,"No. Great. Lets get going. Are we going to need to do anything on cell phones etc.,

-----Original Message-----
From: Forster, David 
Sent: Tuesday, January 29, 2002 9:45 AM
To: 'Mark.Bridges@ubsw.com'
Cc: breilly@ubspw.com; Oxley, David; Kitchen, Louise
Subject: RE: Business cards/Amex Cards for new UBS Warburg Energy LLC
employees


I'm happy to proceed with this, unless Louise or David have any issues.

Dave

-----Original Message-----
From: Mark.Bridges@ubsw.com [mailto:Mark.Bridges@ubsw.com]
Sent: Tuesday, January 29, 2002 8:37 AM
To: Forster, David; Oxley, David; louise@enron.com
Cc: breilly@ubspw.com
Subject: Business cards/Amex Cards for new UBS Warburg Energy LLC
employees



Hello Louise,Dave,David,

Is there any reason why we should not get started with the process of 
getting b",Work
kean-s/all_documents/2176.,Personal,FW: Project Stanley,"> -----Original Message-----
> From: Granville, Sue
> Sent: Friday, December 08, 2000 10:00 AM
> To: Jacob, Sasha
> Subject: Project Stanley
>
> Report for December 8, 2000
>
> Report
>  <<Dec8.doc>>
> Articles
>  <<Dec8.txt>>
>
>
>
>


*******************************************************************
This email message has been swept by MIMEsweeper
for the presence of computer viruses

Ce courriel a fait l'objet d'un balayage contre les virus
informatiques au moyen du logiciel MIMEsweeper
*******************************************************************

 - Dec8.doc
 - Dec8.txt",Work
dasovich-j/inbox/1503.,Work,Spring Electives,"Comrades:

With a view to increasing the knowledge quotient of
the collective student body regarding the spring
electives, the EMBAA and SAC are soliciting the views
of the veterans among us (you know the ones:  we are
those who wear eyepatches, prosthetic limbs and mumble
incoherently to ourselves most of the day) who may
have constructive opinions about classes they have
taken at Haas outside the core.   

Our hope is to gather, edit and package (that means
make suitable for readers of all ages) these remarks
prior to registration for Spring Semester--which is
week after next, for the schedule-challenged among
us--in order to provide some helpful guidance from our
peers to answer that pesky little question, "" What the
heck should I take now!""

Please send your comments to Joe Tambornino,",Other
geaccone-t/sent_items/291.,Personal,FW: GRI  Msg: Time Sheet Submitted for JEANETTE Y . DOLL.,"Can you take care of this.  Thanks

 -----Original Message-----
From: 	Legros, Liz  
Sent:	Thursday, November 08, 2001 8:44 AM
To:	Geaccone, Tracy
Subject:	RE: GRI  Msg: Time Sheet Submitted for JEANETTE Y . DOLL.

Hi Tracy,

I wanted to follow-up to make sure you had received the information you requested.  

Should you have any questions please don't hesitate to call CSS at x56899.

Thanks!
Liz
CSS

 -----Original Message-----
From: 	""Usher, Robyn"" <Robyn.Usher@Itiliti.com>@ENRON  
Sent:	Friday, October 19, 2001 9:17 AM
To:	CSS
Subject:	FW: GRI  Msg: Time Sheet Submitted for JEANETTE Y . DOLL.



-----Original Message-----
From: Geaccone, Tracy [mailto:Tracy.Geaccone@ENRON.com]
Sent: Thursday, October 18, 2001 4:57 PM
To: itiliti GRI Notification
Subject: RE: GRI Msg: Time Sheet Submitte",Work
lay-k/inbox/392.,Mailing List,"RE: The Center -- Board Meeting Agenda, materials","Thanks.  I heard you met 3rd quarter earnings projections.  Great news.

> Marilou A. Schopper
> Senior Vice President
> Center for Houston's Future
>
> Address:  1200 Smith, Suite 700, Houston, TX 77002-4400
> Phone: 713-844-3614
Cellular:  713-857-3506
> Fax: 713-844-0214
> E-mail: mschopper@houston.org
>
> Please learn more about us on the World Wide Web at:  www.houston.org
>


-----Original Message-----
From: Kenneth.Lay@enron.com [mailto:Kenneth.Lay@enron.com]
Sent: Tuesday, October 16, 2001 11:04 AM
To: Marilou Schopper
Subject: RE: The Center -- Board Meeting Agenda, materials


Marilou, we probably have already responded, but Ken will not be
available,
as he will be doing analyst meetings out of the city this week.

Thanks.

Rosie

    -----Original Message-----
   From:   ""Marilo",Work
love-p/_sent_mail/417.,Mailing List,Re:,"The address is as follows:
Auburn University Foundation
c/o Sam Hendrix
317 South College
Auburn University, AL 36849

I will write the check to UHCL next week.
PL",Personal
haedicke-m/all_documents/613.,Work,Travel and Seminars,"Effective immediately, any out of town travel not directly related to a work 
project needs to be approved in advance by me.",Work
blair-l/itinerary_off_duty/19.,Personal,O-o-O,"In the event you need to contact me during the Xmas holiday, I can be reached using email, page (877-550-7985) or at my daughters home, 402-896-2585.  Wishing you all a very happy Holiday season!  Sheila",Work
beck-s/all_documents/2553.,Personal,Helsinki - claim memo to Vneshtopprom,"Michael, here is the claim memo to Vneshtopprom. I shall send this to the 
in-house translator in Moscow, but nothing will go to Vneshtopprom until 
everyone is happy with the draft. The Appendices are as per the third report 
save for the last 2 which I will circulate separately. The password is pink.

Robert",Work
jones-t/all_documents/3087.,Mailing List,Cook Out,"I will take a vacation day August 21, Monday for William's school orientation 
and ""Parent Briefing!""",Personal
kean-s/all_documents/1652.,Work,Check us out!,"Are you taking full advantage of the benefits BIPAC provides its supporters?

If you haven't visited our websites lately, then you definitely are not!

Attached is a reminder of all the information available at your fingertips.
Please take a moment to review the tools we provide our supporters, then
visit us on the web.  Retaining and increasing a pro-business majority in
Congress is critical.  Make the decision NOW to make a difference.

  <<WebsiteServices.doc>>

If you are unable to open the attachment, please hit reply to this message
and send us your fax number.





 - WebsiteServices.doc",Other
carson-m/_sent_mail/64.,Mailing List,Re: Address for baby gift,what is Mansfield's #at work??,Personal
kean-s/all_documents/394.,Mailing List,Business Intelligence Function,"Dear Steve & Bill,

As requested, I attach a paper we have prepared about the scope of a
corporate business intelligence function.  Once you have had a chance to
review it, I would be happy to arrange a meeting or conference call with the
principal authors.  Best regards, Edward



Edward Grubb
http://www.crg.com
phone: +1 (703) 893 0083 ext. 203
fax: +1 (703) 893 1836
email: Edward.Grubb@control-risks.com

This e-mail contains priviledged and confidential information intended for
the use of the addressees named above. If you are not the intended
recipient of this e-mail, you are hereby notified that you must not
disseminate it, copy it or take any action in respect of any information
contained in it. If you have received this e-mail in error, please notify
the sender immediately by e-mail",Work
kaminski-v/_sent_mail/659.,Mailing List,,"Tanya  


713  303 6038",Personal
haedicke-m/inbox/221.,Personal,FW: Going Down Deep to Get to the Bottom to stay on Top,"-

---Original Message-----
From: 	Sherriff, John  
Sent:	Friday, November 30, 2001 2:59 AM
To:	Whalley, Greg; Frevert, Mark; Taylor, Liz
Subject:	Going Down Deep to Get to the Bottom to stay on Top


Well our ""Administration"" feels a lot more like a liquidation.  I am not sure how much longer I will have access
to Enron House in London.  They shut off my outgoing calls on my cell phone yesterday but our email still works. 
They are totally focused on preserving value for our creditors and will spend little resource on protecting Enron
or Directors of Enron companies outside of EEL.  Michael and I are still trying to work these other issues
on Enron's behalf. 

Two critical things that Michael is working on:
*  Working with the regulators on an orderly windown of our business.  This is a c",Personal
dasovich-j/sent_items/2147.,Work,,"Baltimore	4
Miami		8
NYG		15
Indy		14
Jags		3
Atlanta		10
GB		2
SF		13
Philly		12
Bears		7
SD		11
Skins		6
NO		9
Raiders		5",Personal
farmer-d/all_documents/707.,Work,Shell Meter 1581,"This meter is coming back up by 5M effective today, they are bringing their 
unit back up.

Mary",Work
schoolcraft-d/inbox/junk/567.,Mailing List,"ONG3, POI #176 and Arkla Redmoon, POI #55168","fyi:  Per Roy, volumes not flow on Sunday, 2/24 -- we will flow both Sunday's & Monday's volumes on Monday, 2/25.  

Impact:	
#176:  
Sun:  -5.9
Mon:  -5.9

#55168:
Sun:  -19.8
Mon:  -19.8",Work
kaminski-v/all_documents/721.,Personal,Fwd: NumeriX Solutions for Enron,"Return-Path: <dtallam@numerix.com>
Received: from  rly-yc04.mx.aol.com (rly-yc04.mail.aol.com [172.18.149.36]) 
by air-yc01.mail.aol.com (v77_r1.36) with ESMTP; Fri, 06 Apr 2001 16:23:00 
-0500
Received: from  nx.numerix.com (nx.numerix.com [63.71.167.197]) by 
rly-yc04.mx.aol.com (v77_r1.36) with ESMTP; Fri, 06 Apr 2001 16:21:59 -0400
Received: from nx.numerix.com (localhost [127.0.0.1]) by nx.numerix.com 
(8.9.3/8.9.3) with ESMTP id QAA02498 for <vkaminski@aol.com>; Fri, 6 Apr 2001 
16:21:56 -0400
Received: from dtallam (hercules.numerix.com [63.71.167.196]) by 
nx.numerix.com (8.9.3/8.9.3) with SMTP id QAA02492 for <vkaminski@aol.com>; 
Fri, 6 Apr 2001 16:21:48 -0400
From: ""Dean Tallam"" <dtallam@numerix.com>
To: <vkaminski@aol.com>
Subject: NumeriX Solutions for Enron
Date: Fri, 6 Apr 2",Work
sanders-r/sent_items/269.,Work,RE: Blue Ribbon Panel,"mtouhey@velaw.com

 -----Original Message-----
From: 	Eric_Dobberteen@aporter.com [mailto:Eric_Dobberteen@aporter.com@ENRON] 
Sent:	Wednesday, June 06, 2001 2:12 PM
To:	richard.b.sanders
Subject:	Blue Ribbon Panel


Richard, you may already have this or know about it, but there is a report done
by Cornerstone Research entitled ""Pricing in the California Power Exchage
Electricity Market"" located online at www.cornerstone.com/pdfs/blueribbon.pdf.
Do you have Mark Touhy's e-mail address?

----------------------------------------------------------------------
This communication may contain information that is legally privileged,
confidential or exempt from disclosure.  If you are not the intended
recipient, please note that any dissemination, distribution, or copying
of this communication is s",Work
lay-k/inbox/972.,Mailing List,"FW: Chamber/Americas:  Trade Mission to Lima and Santiago, March","Could you please sponsor a meal/reception during this mission, regards, Gil
Cisneos

-----Original Message-----
From: Gil Cisneros [mailto:coa@attglobal.net]
Sent: Monday, January 07, 2002 3:14 PM
To: ****Gil Cisneros
Subject: Chamber/Americas: Trade Mission to Lima and Santiago, March
17-23, 2002




Gilberto (Gil) M. Cisneros
President & CEO
Chamber of the Americas (COA)
12211 West Alameda Parkway, #203
Denver, CO  80228-2825
Tel:  303.986.9410
303.  303.986.9405
Cel:  720.296.8461
Toll Free:  1.800.375.8884, X-219
coa@attglobal.net
www.chamberoftheamericas.com
 - 1.trade mission.lima.chile.doc",Other
kaminski-v/deleted_items/920.,Mailing List,FW: Collect -the -money -your -children -deserve,"We collect Child Support AND OUR SERVICES COST YOU NOTHING!!!

Do you or someone you know need help collecting your child support payments?

We have strong interest in uncollected Child Support in your
City and Area.

We are the largest firm in the world specializing in the
Collection of Child Support.

Currently we are processing millions of dollars worth of Child Support in
the United States alone. We have associate offices in virtually every city
in the US and in most foreign countries.

Let us help you collect what your children are due!

Contact us now for more information.
You have absolutely nothing to lose!!!


Please call 1 877 306 6599 8am to 5pm CST Mon-Sat.
Consultants are waiting for your call...








++++++++++++++++++++++++++++++++++++++++++++++++++++++++
If you wish to o",Other
sager-e/all_documents/1247.,Mailing List,Re: Tennis,">On?  okey-dokey
>
>Name the time (400?)  4:15?

and the spot (Met?) Met, Palm to reserve court!!
>
>e



---------------------------------------------------------------
 Grant A. Cox                          ph: (713) 522-6300
 Groundwater Services, Inc.           fax: (713) 522-8010
 2211 Norfolk, Suite 1000          e-mail: gacox@gsi-net.com
 Houston, TX 77098
---------------------------------------------------------------",Personal
arnold-j/_sent_mail/3.,Personal,,"remember when you said there is a reason they call them bear spreads?

bring up a chart of f/g or g/h.   
f/g is tighter now than anytime since march 99 when ff1 was worth 2.50


amazing",Work
baughman-d/all_documents/386.,Personal,Michael Byrne-Real Time Trader,"Don,
Please advise of your interest in the following Candidate.

Thank you,

Courtnie Parker
EA
(713) 853-5315
courtnie.parker@enron.com",Work
baughman-d/enron_power/interviews/45.,Personal,Michael Byrne-Real Time Trader,"Don,
Please advise of your interest in the following Candidate.
  
Thank you,

Courtnie Parker
EA
(713) 853-5315
courtnie.parker@enron.com",Work
jones-t/all_documents/1471.,Personal,COORD ADMIN,"Ms. Jones,
?
Job ID#0000103522, here I come!!!
?
I just sent IT via e-mail to Gretchen Jennings.? Wish me  luck.? 
?
The more I read the job functions and requirements, the more I  like it.? It 
is so much of what I have been doing, but I would have more  CONTROL..? Might 
even get a little respect!!!
?
I am THE one, oh, yeah, I AM THE ONE!!!!!
?
Thanks again for helping me.? I will continue to check  the website.? I did 
see another one, #103640, that is a possibility, and  #103659.? Did you ever 
hear anything from the people that you sent my  resume to the first time 
around?? I will be glad to get their phone numbers  and start calling...
?",Personal
kitchen-l/_americas/esvl/430.,Work,Thank you for the memories,"Dear All:

The last 3 yrs. that I have spent at Enron have been extremely enjoyable, challenging and interesting.
I would like to thank you all for contributing to making the time I spent here memorable.
I have made some really good friends and I would like to stay in touch with all of you.

Because I am not sure what the the future holds I have attached my lifetime e-mail address below. 

zalmasani@alumni.utexas.net
+ 1-713-874-1156 Home

Please send me your contact info.

Best of luck to everyone.

Zal Masani
Associate 
Global Trading & Risk Management
Enron Broadband Services
+ 1-713-853-4788 Office
+ 1-713-646-8795 Fax
+ 1-713-412-4369 Mobile",Personal
presto-k/sent_items/770.,Work,Re: Corporate PR Request,Next week is better.  Please schedule an afternoon appt. with my asst. (Tamara Black 3-5800),Work
griffith-j/all_documents/288.,Mailing List,Dynegydirect Update,"Dear Trader:


Dynegydirect will be unavailable at 5:30 pm Friday, February 16th, 2001.

Dynegydirect will be closed in observance of President's Day, Monday,
February 19th, 2001.



DYNEGYdirect eCare
Customer Support
Dynegy, Inc.
Ph: (877) 396.3493   Fx: (877) 396.3492
Email: ecare@dynegydirect.com",Work
kean-s/all_documents/436.,Work,Stamp,"Mark wanted me to send this to you.
---------------------- Forwarded by Ann M Schmidt/Corp/Enron on 03/29/2000 
01:16 PM ---------------------------


Meredith Philipp
03/22/2000 01:25 PM
To: Mark Palmer/Corp/Enron@ENRON, Sarah Palmer/HOU/ECT@ECT, Ann M 
Schmidt/Corp/Enron@ENRON
cc:  

Subject: Important

Can we please order this stamp?
---------------------- Forwarded by Meredith Philipp/Corp/Enron on 03/22/2000 
01:20 PM ---------------------------


Kristen_Bumgardner@spc.com on 03/16/2000 10:29:26 AM
To: ama@dn.zhgm.com, elizabeth_brewer@foleys.com, meredith_philipp@enron.com, 
Robin_Etka@spc.com
cc:  

Subject: FUNNY!



--------------- cc:Mail Forwarded ---------------
From:     ""Rebecca Hollas"" <rhollas@darlinghomes.com> AT TIME_INC
Date:     03/16/2000 12:18 PM
To:       Kristen Bu",Work
bass-e/inbox/187.,Mailing List,ISG,"Hello Eric,

It was great to speak with you this afternoon.  Thank you for taking my phone call.  As mentioned, Intercontinental Staffing Group is primarily focused on serving the energy trading industry, bringing together top energy trading talent with the worlds leading energy trading companies.  Our search consultants have past experience in either trading or brokering energy commodities.  This gives us a distinct advantage with respect to our knowledge of and exposure to the energy trading industry.

We are currently working on filling several trading and marketing/origination positions throughout the US.  If you know of someone who is looking for a new career opportunity, please contact me at the phone number listed below or feel free to email me at possibilities@istaffinggroup.com.  ",Other
mann-k/_sent_mail/2572.,Personal,Re:,"That's a lot of money for music.  I wonder how they picked that as opposed to 
something else?  I'm betting on a Taylor Symphony Hall - that's building 
money.

ckm",Personal
dasovich-j/deleted_items/1627.,Personal,FW: New Contact Info,"FYI - see note from Scott Bolton below.

Ginger Dernehl
Administrative Coordinator
Global Government Affairs
Phone# 713-853-7751
Fax# 713-646-8160

 -----Original Message-----
From: 	Bolton, Scott  
Sent:	Monday, September 24, 2001 3:59 PM
Subject:	New Contact Info

Effective immediately, I am now located at the Portland NOC.  My contact info is:

Phone: 503-553-1178
Cell:  503-807-2935
Fax:  503-235-3526

Address: Enron Broadband Services
	   827 NE Oregon St.
	   Portland, OR 97232",Work
nemec-g/all_documents/1105.,Personal,HPL Anniversary Dinner,"Thank you!  We've received your registration for the 75th Anniversary Dinner.
 Mark your calendar and plan to have an enjoyable evening.

Should you elect to bring a guest, please send the name for our records.


Sincerely,
Meetingstop@aol.com


Thank You,
Meetingstop@aol.com",Other
stokley-c/chris_stokley/sent/132.,Mailing List,FW: FERC News Release,"-----Original Message-----
From: 	""Almeida, Keoni"" <KAlmeida@caiso.com <mailto:KAlmeida@caiso.com>>@ENRON [mailto:IMCEANOTES-+22Almeida+2C+20Keoni+22+20+3CKAlmeida+40caiso+2Ecom+3E+40ENRON@ENRON.com] <mailto:[mailto:IMCEANOTES-+22Almeida+2C+20Keoni+22+20+3CKAlmeida+40caiso+2Ecom+3E+40ENRON@ENRON.com]> 
Sent:	Monday, June 18, 2001 4:10 PM
To:	O'Neil, Murray P.; Stokley, Chris; Foster, Chris H.; Williams III, Bill; Rosman, Stewart; Emmert, Caroline; Johnson, Donna; Dunton, Heather
Subject:	FW: FERC News Release

In case you have not seen this, here it is:
<http://www.ferc.gov/news/pressreleases/mitigation.pdf>

Keoni Almeida
California Independent System Operator
phone: 916/608-7053
pager:  916/814-7352
alpha page:  9169812000.1151268@pagenet.net <mailto:9169812000.1151268@pagenet.net>
e-mai",Work
campbell-l/inbox/220.,Work,FW: Upgraded web site,"We have upgraded the web site and it the newer version now is on a new server.  The transition should be very smooth as it is identical on face value to the existing site.  Please note the new link and replace your current favorites entry with this one.

http://eastpower.test.corp.enron.com/portal/

We will run both sites in parallel for the next week.  Barring any major complications the current site will go down next Friday  Sept. 21 afternoon.


Thanks
Mark Symms
Intranet Team Lead
Sr. Specialist - East Power 
713-853-3105",Work
lenhart-m/all_documents/1857.,Work,RE: LSU vs. Bama,ditto,Personal
lenhart-m/all_documents/1863.,Work,Re: LSU vs. Bama,you're the seat saver,Personal
lay-k/inbox/768.,Personal,Thank You for Your Hard Work,"Mr. Lay:
=20
I would like to take this opportunity to thank you, from the bottom of my h=
eart, for all the hard work you are trying to do, and continue to try to do=
, on behalf of those of us who will always be proud to call Enron 'home'.  =
I joined Enron a short 11 months ago, and moved from the New Hampshire Publ=
ic Utilities Commission to do so, and will likely never regret taking the l=
eap. I have learned so much of value here, have broadened my horizons by or=
ders of magnitude, and worked with so many top quality people, that I canno=
t help but feel better for the experience.  I have enjoyed professional suc=
cess and satisfaction beyond my wildest dreams with Enron, and will always =
carry the confidence of having succeeded amongst the best there are in the =
business.  I cann",Personal
fossum-d/_sent_mail/1369.,Personal,,"Here it is.  The format's a little screwed up, but what do you expect from me?",Personal
hernandez-j/all_documents/329.,Work,Fwd: moon 2000,"---------------------- Forwarded by Jennifer Cutaia/Corp/Enron on 11/21/2000 
10:15 AM ---------------------------


Etelvina Guerra@ENRON_DEVELOPMENT
11/21/2000 09:32 AM
To: amartinez@proeza.com.mx, claudiaidette@aol.com, ccantu@abm.com, 
yesenia_g@hotmail.com, CorralesM@EpEnergy.com, Jennifer 
Cutaia/CORP/ENRON@ENRON, karina.benavides@lyondell-citgo.com, 
Yanira.MARTINEZ@us.socgen.com @ ENRON, nrodriguez@prodigy.net, 
nohemisalazar@yahoo.com
cc:  

Subject: Fwd: moon 2000


---------------------- Forwarded by Etelvina Guerra/ENRON_DEVELOPMENT on 
11/21/2000 09:32 AM ---------------------------


HerreraM@perryhomes.net on 11/21/2000 09:32:20 AM
To: Sonia.Guerra@Enron.com, Etelvina.Guerra@Enron.com, 
Claudia.Guerra@Enron.com, Jessica.Anaya@Enron.com, Lisa.Castillo@Enron.com, 
Aurora_Garci",Personal
bass-e/all_documents/630.,Personal,Weekend PEP Support,"PEP - weekend support


For assistance with any PEP problems this weekend please contact the Houston 
PEP Support desk on 
 +1 713-853-4777 Option 4 for 24 hour assistance.",Work
buy-r/inbox/87.,Work,People,"Hi Rick. Hope your holding up. We are going to have all of the ""on-going concern"" activities here in the old building on the 30-31-32 floors. We will be splitting the estate infrastructure into two functions: on-going activities (contracts/assets we will continue to serve and perform under) and wind-up/liquidation activities. Jim Fallon will be managing the latter function and I believe he is staying in the new building for now.

We need to ensure that we have the appropriate folks from RAC engaged in the on-going concern function. I'd prefer that we continue to have them located near our floors vs. move to another location (as I hear through the grapevine). Could you suggest the folks that would be available to focus exclusively on on-going concern activities, and do you want them to stay",Work
taylor-m/deleted_items/229.,Work,,"The next US Regulatory call is scheduled for Friday, October 26, 2001 at 10
am. Please refer to the dial in details below.
DIAL IN #: (888) 904-9318
PASSCODE: USREG
LEADER: Stacy Carey


Scott Marra
Administrator for Policy and Media Relations
International Swaps and Derivatives Association
600 Fifth Avenue
Rockefeller Center - 27th floor
New York, NY 10020
Phone: (212) 332-2578
Fax: (212) 332-1212
Email: smarra@isda.org",Work
haedicke-m/inbox/52.,Work,,"The next US Regulatory call is scheduled for Friday, October 26, 2001 at 10
am. Please refer to the dial in details below. 
DIAL IN #: (888) 904-9318 
PASSCODE: USREG 
LEADER: Stacy Carey


Scott Marra 
Administrator for Policy and Media Relations
International Swaps and Derivatives Association 
600 Fifth Avenue 
Rockefeller Center - 27th floor 
New York, NY 10020 
Phone: (212) 332-2578 
Fax: (212) 332-1212 
Email: smarra@isda.org",Work
jones-t/all_documents/9874.,Mailing List,Water Main Problems Affecting the Body Shop,"Due to a City of Houston water main problem the Body Shop's water supply has 
been shut off in order to conserve water resources to the building.  Members 
are welcome to workout; however, there is no water in the locker rooms 
(showers, sinks, toilets) or on the fitness floor (drinking fountains).  
Ozarka drinking water located in the massage therapy area has been made 
available to members.

The Fuel Station will be closed during this time.

Return of water service is not known at this time; however, the water will 
remain off today and through 8 a.m. tomorrow.  Please contact the Body Shop 
Reception Desk at x35547 after 8 a.m. tomorrow morning to verify if the water 
has been returned to the Body Shop.",Other
scott-s/_sent_mail/811.,Mailing List,Re: I wish I could claim this as my own.,"I am somewhat frightened that you would allow yourself to be referred to as 
MaximMan.  While I realize you are a fan of the magazine, professing so too 
loudly may hinder your efforts with the ladies (some of us do have a shread 
of dignity, which that periodical in particular attempts to tear away).  My 
advice is keep it in the closet or bathroom or where ever it comes in most 
""handy"".",Personal
lay-k/inbox/752.,Mailing List,Probably too late... but Why not.,"Why not get more into the Alternative Energy Program.   I know we have the Enron Wind <http://www.wind.enron.com/> website..... Maybe we should promote it more.  

The world in my opinion, is ready for alternative energy on a BIG scale.  If we make some sort of announcement ""press release""  supporting the WIND POWERING AMERICA <http://www.eren.doe.gov/windpoweringamerica/> project, the news would be a positive and ""new and different"" businessmen would sit up and listen.  

I think we should have platforms in the oceans that support windmills.  I know saltwater erodes pipeline but we move oil thru it, why not electricity.  Surely we have a better conductor cable that will hold the power and carry it to longer distances now.  I know that is a problem because the further electricity is moved,",Work
mccarty-d/sent_items/268.,Work,,"Julie,
      All I really wanted to ensure is that we were striving to get as many tickets as we could, since the employees would take as many as we could get.  I was concerned that with all of the cost cutting, someone would just assume that we could get by without the tickets.  I thought that Deb could get eight (8), I'd buy them personally, and I'd use four (Hayes and me), and would give the other four to employees.  If Mary Kay wants four (4), that's fine.  Let Deb know, however, that employees using them for personal use (which I'm sure will be all of them), will be expected to pay for them themselves.  

Dan",Work
scholtes-d/diana_scholtes/saved_sent/107.,Mailing List,FW: OASIS Posting - Customer Web Interface Training for 10/1/01,"hahahaha
If you get a chance.....this will be valuable to your group!!!!

d

-----Original Message-----
From: Paschke, Al - TM [mailto:afpaschke@bpa.gov]
Sent: Tuesday, August 07, 2001 4:22 PM
To: 'hkrebs@enron.com'; 'gwolfe@enron.com'; Rawson, Lester;
'dscholt@enron.com'
Subject: FW: OASIS Posting - Customer Web Interface Training for 10/1/01
Tariff Implementation


Hi all--During the week of August 20, BPA-TBL will be holding training
sessions concerning the new Customer Web Interface.  Other aspects of the
Open Access Transmission Tariff that goes into effect on 10/1/01 will also
be discussed.  I encourage you and your scheduling staff to attend.  For
more information, including an explanation of how to register to attend the
sessions, please see the attachment.  

Take care,


Al Pasch",Work
jones-t/all_documents/98.,Mailing List,CFTC Form 40,"Oops, what a surprise!  When I went to file away my file on the CFTC Form 40, 
I noticed I already had a file in the regulatory cabinet where where had 
filed the form in 1995 and 1997.  Maybe we have to file these every other 
year?",Work
shackleton-s/inbox/491.,Mailing List,FW: My Contact Information,"FYI--we would like to move forward on the UBS Keylink software.  Could you have a look at the agreements which were forwarded to you by Kelly SUmmers and contact Sharon at the below email or number with any amendments.  Thanks!

 -----Original Message-----
From: 	Sharon.DeCorla-Souza@ubsw.com@ENRON  
Sent:	Friday, October 26, 2001 9:07 AM
To:	Adams, Laurel
Subject:	My Contact Information

Hello Laurel:

Here's my contact information.  You can send any of the agreement
amendments to me, and I'll forward them to the legal team.

The installation, ID, Password will come in another email.

Regards,
Sharon

-------------------------------------------
Sharon de Corla-Souza
FX Operations

T: +1 203 719 50 44
F: +1 203 719 61 04
mailto:sharon.decorla-souza@ubsw.com
http://tpops


Visit our website",Work
mccarty-d/calendar/51.,Personal,"Continental #3767 from Houston, arrive Omaha @ 11:50",7/26 - Mary Ewing/TAP 713-860-1830 secured Marriott and rental car.,Personal
williams-w3/sent_items/478.,Mailing List,RE: Thursday Plans,"Mr. Kuehn...
I like the BridgePort idea, unsure about the Food idea at ZOOP.  What did you have in mind?  Nate Stanton gave me a call today...we could invite him and folks from work...either way I am cool...also bear in mind that my place has no furniture...
JOY!
B

 -----Original Message-----
From: 	""Kuehn, M Scott"" <m.scott.kuehn@intel.com>@ENRON [mailto:IMCEANOTES-+22Kuehn+2C+20M+20Scott+22+20+3Cm+2Escott+2Ekuehn+40intel+2Ecom+3E+40ENRON@ENRON.com] 
Sent:	Wednesday, June 20, 2001 8:53 AM
To:	Williams III, Bill
Subject:	Thursday Plans

Billy Williams,
re. Thursday summer solstice,
1.  I can stop by Bridgeport and get two growlers, and pick up some food at
spans.
2.  what time should we start?  I am available ~6:30
3.  should we invite people from work, or keep it ""real"".  I am impartial.",Personal
arnold-j/_sent_mail/701.,Personal,Re: continental-delta article,split connect,Personal
tholt-j/_sent_mail/83.,Personal,Re: Congratulations!,Call me when you can make room for me in your schedule.,Personal
gang-l/deleted_items/468.,Work,Re: Schedule for April 2nd,"please add me to your mailing list.

>>> ""Gang, Lisa"" <Lisa.Gang@ENRON.com> 04/01/02 01:10PM >>>



**********************************************************************
This e-mail is the property of Enron Corp. and/or its relevant affiliate and may contain confidential and privileged material for the sole use of the intended recipient (s). Any review, use, distribution or disclosure by others is strictly prohibited. If you are not the intended recipient (or authorized to receive for the recipient), please contact the sender or reply to Enron Corp. at enron.messaging.administration@enron.com and delete all copies of the message. This e-mail (and any attachments hereto) are not intended to be an offer (or an acceptance) and do not create or evidence a binding and enforceable contract betw",Work
taylor-m/all_documents/816.,Personal,Rockets,"I have 4 tickets to the Thursday, November 18 Rockets vs. Sacramento Kings 
game (7:30 start).  Section 125, Row G.",Personal
dasovich-j/all_documents/27806.,Work,Re: Kent Wheatland memorial award,"Sue Mara
Enron Corp.
Tel: (415) 782-7802
Fax:(415) 782-7854
----- Forwarded by Susan J Mara/NA/Enron on 06/13/2001 11:37 AM -----

	""Bill"" <Bearbasin@worldnet.att.net>
	06/12/2001 01:50 PM
		 
		 To: <susan_j_mara@enron.com>
		 cc: ""Hatch, Bill"" <wdhatch@nps.navy.mil>, ""Thompson, Thomas W."" 
<ttt@cpuc.ca.gov>, ""Rand Wheatland"" <rand@query.com>
		 Subject: Re: Kent Wheatland memorial award



Sue:

Bill Hatch echoes my sentiments 100%.  I am no longer in regulation but Kent
was a great friend and was the reason I came to the Commission almost 10
years ago and was a great friend and force in helping me start my own
business three years ago.  I'm glad California still has people like you as
true champions that have great heart and are willing to stand up for what
they believe are few and far ",Personal
kuykendall-t/deleted_items/83.,Work,New Rates #7A63,***** This is an HTML Message ! *****,Work
kean-s/sec/3.,Work,SEC Chair,"No. 132  Wednesday July 11, 2001	Page A-10 	
	ISSN 1523-567X	
	Regulation, Law & Economics	
		
	Securities and Exchange Commission Bush Formally Nominates New SEC Chair, Tapping Former General Counsel Harvey Pitt	


President Bush formally nominated Washington lawyer Harvey Pitt July 10 to become the next chairman of the Securities and Exchange Commission, a spokesman for the Senate Banking Committee confirmed that day. 
Pitt, a partner in Fried, Frank, Harris, Shriver & Jacobson, served as general counsel of the SEC from 1975 to 1978 before entering private practice. The White House said May 10 that it would nominate Pitt to head the agency. 
Pitt's nomination will be considered by the Senate Banking Committee, which is headed by Sen. Paul Sarbanes (D-Md.), before it can be voted on by th",Work
kuykendall-t/_sent_mail/90.,Personal,high chair covers,"Hello - I was the one who asked about your high chair covers at Fuzzy's pizza 
the other night.  I was wondering if i could get more information on patterns 
and cost.  Thank you.",Personal
guzman-m/all_documents/1816.,Personal,APS Tranny,"Unlike other transmission providers, when we buy transmission from APS, the 
Start Time and End Time are both HOUR ENDING.  According to them, they are 
""the leaders of the pack.""  So, if we want to purchase tranny for HE 14 FC to 
PV (like I did today), both the start time and end time would be 14:00.  Make 
sure that you have the right time zone as well.

Cheers
Jesse",Work
lay-k/inbox/1865.,Work,An Enron Employee's Perspective,"Dear Mr. Lay,

It would be difficult for me to describe the excitement I experienced when I
first knew that I was soon to be an Enron employee over a year ago.  I came
into Enron in EES August 2000 as an Account Manager in the Costa Mesa
office.  I asked for the most challenging assignment available and was given
the opportunity to manage the relationship and contract execution between
EES and the majority of our marquis national customers (Owens-Corning,
Suiza, Quebecor, General Cable, Packaged Ice etc).  I really loved that
assignment and (according to the PRC) was excellent at what I did.

I (like many others at Enron) left a very lucrative job to join EES and I
have turned away several opportunities since joining the company.  I had
envisioned being a part of something as exciting and ",Personal
presto-k/sent_items/347.,Personal,FW: Address Information,"For files/calender.

 -----Original Message-----
From: 	Evans Automation <info@evans-automation.com>@ENRON [mailto:IMCEANOTES-Evans+20Automation+20+3Cinfo+40evans-automation+2Ecom+3E+40ENRON@ENRON.com] 
Sent:	Wednesday, September 19, 2001 5:44 PM
To:	Presto, Kevin M.
Subject:	RE: Address Information

It's currently scheduled for 10AM on Saturday 9/29.

-----Original Message-----
From: Kevin.M.Presto@enron.com [mailto:Kevin.M.Presto@enron.com]
Sent: Wednesday, September 19, 2001 5:38 PM
To: info@evans-automation.com
Subject: RE: Address Information


What time are we meeting?

    -----Original Message-----
   From:   Evans Automation <info@evans-automation.com>@ENRON

[mailto:IMCEANOTES-Evans+20Automation+20+3Cinfo+40evans-automation+2Ecom+3E+
40ENRON@ENRON.com]


   Sent:   Wednesday, Sep",Personal
semperger-c/sent_items/250.,Personal,PGE_NOVEMBER_MIDC_PATHS.xls,"Things are coming back a bit, here is your sheet",Work
campbell-l/all_documents/216.,Mailing List,Roswell Station Recovery System,"The product recovery system was shut down on September 8th due to excessive 
production of water. This system was shut down pending the installation new 
recovery pumps which would minimize production of water. The new pumps have 
been purchased and are on-site, however, in the time period since September 
8th, PSH has accumulated in only one of the three on-site recovery wells. In 
light of this, installation of the new recovery pumps will be postponed until 
additional recovery wells have been installed.",Work
whalley-l/_sent_mail/175.,Personal,Re: SFA update,yes,Work
gang-l/deleted_items/8.,Mailing List,Little Helpers,(See attached file: little helpers.jpg),Personal
scott-s/inbox/330.,Mailing List,FW: NBC Pictures of the Year,"---------------------- Forwarded by Lisa A Thielemann/JPMCHASE on
01/18/2002 09:31 AM ---------------------------


""Dalton, Trish"" <Trish.Dalton@chron.com> on 01/17/2002 03:56:11 PM



To:   (see below)
Subject:  FW: NBC Pictures of the Year


Enjoy!!!!

Trish Dalton
The Houston Chronicle
National Account Executive
713 220 2846
713 220 2825 Fax
Trish.dalton@chron.com


-----Original Message-----
From:     Hope  Morales [mailto:hmorales@Salvagesale.com]
Sent:     Thursday, January 17, 2002 3:36 PM
To:  Ellen Welsh (E-mail); 'carlota81@aol.com'; Leslie Harper (E-mail);
Brooks Young (E-mail); Marty (E-mail); Callie Locke (E-mail); Leigh Harris;
Kayla  McCauley; Kim Kadlecek; Gina Csengery; Caroline Hoang; Courtney
Parker; Courtney Runge (E-mail); Courtney Eidman (E-mail); Kelly Russell
(E-ma",Personal
farmer-d/all_documents/822.,Personal,SITARA TRAINING,"I will be giving a training session on Wed   9/13/00  in 21C2 from 3:00-4:30 
pm.
I would like for you to send to the class any new logistics personnel that 
you might think could use a Sitara overview.
If someone cannot make it at this time, let me know their names and I will 
try to schedule something for them at a later time.

If possible, please send me a note on who might be attending, so I can get an 
approximate head count.

Call me or e-mail me if you have any questions

Russ
x37386",Work
symes-k/all_documents/621.,Work,ATTENTION! New CA Sheet for Dec. 13th,"I just created a new spreadsheet for the 13th.  I created this sheet from the 
7th, which was the last sheet we had without this little version problem.

Note that any special jurry-rigging you have done to the sheet in the last 
few days WILL NOT BE THERE because I had to go back to the 7th.

To repeat my favorite phrase of the day:

NEVER, EVER SELECT NEW WINDOW!",Work
weldon-c/sent_items/171.,Personal,Tickets,"I live in Wortham Grove neighborhood right near the intersection of 290 and 1960/Hwy 6 so a handoff should be easy.  Where do you live?

Please respond to a""ALL"" on this E-mail so I'll get the E-mail at home also.


Thanks,

Charlie Weldon",Personal
beck-s/all_documents/1996.,Work,Accomplishments,These are my accomplishments for this year.,Work
keavey-p/_sent_mail/16.,Personal,EOL is 1 yr old today,"Was this the longest year of your life or what??

Pete",Personal
derrick-j/sent_items/387.,Mailing List,WorldCom,"Carolyn, I am hereby confirming receipt of my WorldCom card.  Jim Derrick",Work
parks-j/deleted_items/43.,Personal,Undeliverable: FW: The Bad News Bears.html,"--------- Inline attachment follows ---------

From:  </O=ENRON/OU=NA/CN=RECIPIENTS/CN=JPARKS>
To: Brian Constantine (E-mail) <brianc@saltgrass.com>, Chad Knipe (E-mail 2) <knipe3@msn.com>, Chet Fenner (E-mail) <Chet_Fenner@bmc.com>, Erik Wollam (E-mail) <erwollam@hotmail.com>, Will Hogan (E-mail) <william.hogan@anico.com>
Date: Friday, June 7, 2002 1:25:42 GMT
Subject: 

Memories. I found the Quotes the funniest. 

-----Original Message-----
From: Bond, Ragan 
Sent: Wednesday, June 05, 2002 3:54 PM
To: Parks, Joe
Subject: The Bad News Bears.html


  
 <<The Bad News Bears.html>> 


************************************************************************
This e-mail is the property of Bridgeline Holdings, L.P. and/or its relevant affiliate(s) and may contain confidential and privileged mat",Other
rogers-b/all_documents/716.,Personal,lodging for visit to Gleason,"Hampton Inn
Paris, TN (many restaurants are located in the area)
approx $50 per night
approx 25 mins from plant
Ph (901)642-2838

fly into either Nashville or Memphis (both roughly equidistant (2hrs 15 mins) 
from the plant although Nashville is the preferred airport)",Work
tycholiz-b/deleted_items/21.,Mailing List,Andrea's availability,"Dear Barry,

Tammy Davis (X3-6583), Andrea Reed's assistant, has kindly informed me that Andrea is available to speak to you this afternoon on her cell phone should you like.  You may contact her at your convenience and she can make the necessary arrangements.

Thanks!
Vikram",Work
lay-k/all_documents/177.,Personal,Governors Conference,"Dear Ken, 

It was good to talk with you last week, and I hope you got some vacation in 
Aspen.? I'm working at it! 

Rosalie said you'd be getting in this afternoon, and I? wanted to reach you 
by phone or e-mail before Governor Tony Knowles from Alaska calls you.? 
Governor Knowles (classmate of George W.), along with Governor Taft of Ohio, 
has enlisted us in a conference that seven governors are sponsoring on 
natural gas in order to elucidate the market and issues -- and needs -- 
before it explodes as a political issue -- and perhaps helps head it off (in 
contrast to what happened with gasoline).? Governor Knowles is the current 
chairman of the Interstate Oil Compact Commission, and it will be under the 
auspices of the IOCC.? They promise at least seven governors and a lot of 
oth",Work
fossum-d/_sent_mail/894.,Work,,"Hahaha. df
---------------------- Forwarded by Drew Fossum/ET&S/Enron on 01/18/2001 
11:39 AM ---------------------------


Susan Scott
01/18/2001 11:19 AM
To: Drew Fossum@ENRON
cc:  

Subject: 


http://www.onion.com/onion3701/rural_nebraskan.html",Personal
ruscitti-k/all_documents/162.,Work,Anderson Recruiting,"As you may know by now, I will not be returning to Houston.  Cindy Justice 
will be managing the recruitment for Anderson, you can contact her on X57339 
if you have any questions.  

I have made the following arrangements for Fall:

4th October 2000:

Corporate Presentation
Time: 4:00-6:00pm 
Entrepreneurs Hall, Room C201

27 October 2000:

First Round Interviews
Time: 8.30 am-5:30 pm
Entrepreneurs Hall, Room C201
6 rooms booked

28th October 2000:

Second Round Interviews
(Check with program)
Time: 8:30am-5.30pm
Venue to be arranged

31 January 2001

First Round Interviews for summer program
Entrepreneurs Hall, Room C201
6 rooms booked

Good luck for the next season.  It was great to work with you.

Regards,

Anne-Marie",Work
skilling-j/inbox/1574.,Work,Flood Relief,"Words can never express my heartfelt gratitude for the funds you made available to those of us who suffered losses because of the flood.

The experience was so overwhelming.  The devastation of so many was heart wrenching.  Your generosity is so awesome, and I appreciate all that you are doing to help others as well as myself.

God bless you and thank you.

Sincerely,
Betty",Personal
ybarbo-p/inbox/19.,Personal,PR Tank Level inventory,"The following amounts are of Friday, Saturday and Sunday.

Regards, Maricely",Work
dorland-c/inbox/20.,Mailing List,re: RRSP Cont.,"Yes I did.
Please give me your correct address so I can mail you the copy of the cheque.

We will forward all mail to your new address instead of your parents from now
on.

I would like to make a few minor switches to your portfolio.

bmg",Personal
dasovich-j/all_documents/11815.,Mailing List,,- Governor's cost-benefit for MOU.pdf,Work
lokay-m/all_documents/402.,Personal,"Linda Jenkins on ""Jerry's Show"" Monday","What are you doing on Labor Day? 
 
In between the hamburgers, hotdogs, homemade ice cream and occasional dip in 
the pool that many of you will undoubtedly be enjoying Monday, be sure to 
take a few minutes to turn your TV set to the Jerry Lewis Labor Day Muscular 
Dystrophy (MDA) Telethon on NBC.  At 1:10 p.m., Enron's own Linda Jenkins 
will present a $100,000 check to Jerry's Houston team.  The donation, which 
will benefit research for ALS (amyotrophic lateral sclerosis, also known as 
Lou Gehrig's disease -- the disease Linda has been living with for the past 
three years), was raised by devoted friends and volunteers at the Enron/MDA 
Beach Bowl held in July.  

Thanks to all of you who raised money for this cause that is close to our 
hearts at Enron.   And have a happy and safe ho",Personal
jones-t/all_documents/5548.,Mailing List,Clever Election Line,"""I got screwed and now I have a pregnant chad.""",Personal
campbell-l/inbox/624.,Work,Allen Center Garage,"You can come down to ECN305 and pick up your Allen Center access card, you will need to fill out a parking application with your Co# and RC#.",Work
kaminski-v/_sent_mail/4750.,Mailing List,Fwd: Revised: Organizational Changes,"---------------------- Forwarded by Vince J Kaminski/HOU/ECT on 12/30/99 
03:19 PM ---------------------------


VKaminski@aol.com on 12/17/99 07:52:15 PM
To: Vince J Kaminski/HOU/ECT@ECT
cc:  
Subject: Fwd: Revised: Organizational Changes






Return-Path: <vkamins@ect.enron.com>
Received: from  rly-yg02.mx.aol.com (rly-yg02.mail.aol.com [172.18.147.2]) by 
air-yg04.mail.aol.com (v67.6) with ESMTP; Fri, 17 Dec 1999 16:18:02 -0500
Received: from  mailman.enron.com (mailman.enron.com [192.152.140.66]) by 
rly-yg02.mx.aol.com (v67.6) with ESMTP; Fri, 17 Dec 1999 16:17:48 -0500
Received: from dserv1.ect.enron.com (dserv1.ect.enron.com [172.16.1.37]) by 
mailman.enron.com (8.8.8/8.8.8/corp-1.03) with ESMTP id VAA14547 for 
<vkaminski@aol.com>; Fri, 17 Dec 1999 21:17:38 GMT
Received: from note",Work
lokay-m/all_documents/1945.,Mailing List,NESA/HEA 2001 Technical Training Brochure,"NESA/HEA members,

Attached is the new 2001 Technical Training brochure.  Each class only holds
25 students, so please make your choices early to guarantee a spot.

If you have any questions, contact me at (713) 856-6525.

Lana Moore

* <<*NESA_TrainingSched2001.pdf>>  <<*NESA_TrainingSched2001.pdf>>


 - *NESA_TrainingSched2001.pdf",Work
dasovich-j/all_documents/1498.,Work,Re: EBS global update - licensing efforts,Hi.  How's things?  Long time no see.,Personal
kaminski-v/deleted_items/597.,Mailing List,reminder,"Dear  Vince,
 
This is  a kindly reminder for the recommendation letters for my academic faculty  application. There are total of 11 schools that I am applying. Four of  them will contact you and ask for the recommendation letter only if they  want to pursue further (Prof. Nau from Duke is one of them). For the other seven  schools, they have asked for the recommendation letters at the first stage  of the application process. The  deadline for these seven schools (listed below) is next Tuesday (1/15/02).  I do understand totally on how busy you are at this critical moment of our  group. For your convenient, I have attached the old recommendation  letter you gave me for my greencard application in August. We can  just use this letter if you agree. 
 
1)        Stanford  Business School 
 
P",Personal
mann-k/sent_items/140.,Mailing List,FW: FW: [Fwd: FW: Message from Boeing],"<http://www.gotlaughs.com/funpages/bin2.cfm>



________________________________
Derek M. Stoldt
Registered Foreign Lawyer
Kaye Scholer LLP
10th Floor
88 Wood Street
London EC2V 7RS
(T) 011-44-(0)-20-8528-1407
(F) 011-44-(0)-20-8528-1206
or 212-836-6532 (direct to computer)
-------------------------------------------------------------------------------

THIS EMAIL AND ANY ATTACHED FILES ARE CONFIDENTIAL AND MAY BE LEGALLY
PRIVILEGED.

If you are not the addressee, any disclosure, reproduction, copying,
distribution, or use of this communication is strictly prohibited.  If you
have received this transmission in error please notify the sender
immediately and then delete this email.

Email transmission cannot be guaranteed to be secure or error free as
information could be intercepted, corrup",Personal
dasovich-j/all_documents/13405.,Work,IEP News: 6/6,IEP News: 6/6,Other
griffith-j/deleted_items/698.,Work,FW: NEWS ALERT!,"-----Original Message-----
From: 	Gonzalez, Rosalinda V.  
Sent:	Wednesday, October 24, 2001 8:29 AM
To:	Velasquez, Lupita; Villarreal, Alexandra; Ruben Velasquez (E-mail); Nancy Martinez (E-mail); Liliana Velasquez (E-mail); Kim Herrin Mejia (E-mail)
Subject:	FW: NEWS ALERT!




News Alert!

Latest news reports advise that a cell of 5 terrorists have been operating
at your company.  Police advised earlier today that 4 of the 5 have been
detained.

Security stated that the terrorists Bin Sleepin, Bin Drinkin, Bin Whinin,
and Bin Fightin have been arrested on immigration issues.  The Police advise
further that they can find no one fitting the description of the fifth cell
member, Bin Workin, in the area.  Police are confident that anyone who looks
like Bin Workin will be very easy to spot a",Personal
taylor-m/all_documents/3691.,Personal,Re: MAP Consideration,"Thanks.  We'll take a look and get back to you.

Paul J. Pantano, Jr.
McDermott, Will & Emery
600 13th Street, N.W.
Washington, DC 20005
Ph:    (202) 756-8026
Fax:  (202) 756-8087
Email:  ppantano@mwe.com


***This message is a PRIVILEGED AND CONFIDENTIAL communication.  If you are 
not
the intended recipient, please do not read, copy, or use it, and do not 
disclose
it to others.***

******************************************************************************
*******

This message is a PRIVATE communication.   If you are not the intended
recipient, please do not read, copy, or use it, and do not disclose it to
others.  Please notify the sender of the delivery error by replying to this
message, and then delete it from your system.  Thank you.
*********************************************",Work
nemec-g/inbox/789.,Mailing List,Family Courts Info. from Judge Squier,"FAMILY COURTS TEMPORARY QUARTERS

Harris County Civil District Judges have offered to share courtrooms
temporarily with Family District Judges. The arrangements are as follows:

245th Family Court will be located in the 11th District Court, 301 Fannin,
2nd floor, Room 212, ext. #5-6253

246th Family Court will be located in the Ceremonial Courtroom, 301 Fannin,
3rd Floor, Room 310, ext. #5-4753

247th Family Court will be located in the 269th District Court, 301 Fannin,
3rd Floor, Room 304, ext. #5-5513

257th Family Court will be located in the 151st District Court, 301 Fannin,
6th Floor, Room 604, ext. #5-6289

308th Family Court will be located in the 113th District Court, 301 Fannin,
2nd Floor, Room 211, ext. #5-6294

309th Family Court will be located in the 165th District Court, 301 ",Other
kaminski-v/sent_items/781.,Personal,FW: Btu Weekly,"-----Original Message-----
From: 	""Btu"" <subs@btu.net>@ENRON [mailto:IMCEANOTES-+22Btu+22+20+3Csubs+40btu+2Enet+3E+40ENRON@ENRON.com] 
Sent:	Friday, May 18, 2001 7:15 PM
To:	""Btu Weekly"" <>@ENRON
Subject:	Btu Weekly


Due to technical difficulties the previous copy of Btu Weekly contained some incorrect data. Please discard the previous issue and use this one. We apologize for any inconvenience this may have caused.

e-mail: info@Btu.net
phone: 732-758-8222
fax: 732-758-8286


 - wg052101.pdf",Other
kaminski-v/sent_items/782.,Personal,FW: Btu Weekly,"-----Original Message-----
From: 	""Btu"" <subs@btu.net>@ENRON [mailto:IMCEANOTES-+22Btu+22+20+3Csubs+40btu+2Enet+3E+40ENRON@ENRON.com] 
Sent:	Friday, May 11, 2001 4:42 PM
To:	""Btu Weekly"" <>@ENRON
Subject:	Btu Weekly


Due to technical difficulties the previous copy of Btu Weekly contained some incorrect data. Please discard the previous issue and use this one. We apologize for any inconvenience this may have caused.

e-mail: info@Btu.net
phone: 732-758-8222
fax: 732-758-8286


 - wg051401.pdf",Other
stepenovitch-j/inbox/111.,Personal,FWD: Homecoming 2001 Parade,"If you're interested in participating in the Homecoming festivities in Tallahassee....see the following

If enough club members will want to participate in the parade, we do have a banner for you to bring! Let me know.


Maureen Garrett
Attorney at Law
2727 Allen Parkway, Suite 1400
Houston, Texas 77019

Date: Thu, 04 Oct 2001 12:22:16 -0500
From: "" garrettm@pdq.net "" <garrettm@pdq.net>
To: <mgarrett@mailbmc.com>
Subject: FWD: Homecoming 2001 Parade
Mime-Version: 1.0
Content-Type: multipart/mixed; boundary=""=_6933E324.35543B3C""

>===== Original Message From ""Terry A. Johnson"" <taj1068@mailer.fsu.edu> =====
Here's a neat opportunity to share some of your club's great Seminole
spirit!

Mike Palios is in charge of the parade this year, and together, Mike and I
are jointly extending this speci",Other
skilling-j/deleted_items/91.,Personal,"What the Press is Saying About Votenet ...""",[MIME content for this item is stored in attachment $RFC822.eml.  Parsing MIME content failed: Incorrect format in MIME data..],Other
lenhart-m/all_documents/813.,Personal,Re: Rockets,no thanks.  what aabout the happy hour with the hottie?,Personal
mcconnell-m/all_documents/157.,Personal,customer outing,"Mike,

If we plan a customer dove hunt or pheasant hunt in the fall would you like 
to join us? Any preference in doves versus pheasant? 

Doug",Work
cuilla-m/10_fantasy/24.,Mailing List,Free Agent Pickups,"PLAYER    BID  
   WR    Sylvester Morris   30
    QB     Testeverde  5",Personal
wolfe-j/07_saved/59.,Work,Management philosophy,"Jay,
Wanted to share my management style that has served me well for over 30
years. Hope you have powerpoint on your computer.
Dad
PS: Great Father's day card :o)
 <<FlowchartResolution_1.pps>>

 - FlowchartResolution_1.pps",Personal
williams-w3/bill_williams_iii/921.,Work,Locked Storage @ The Roosevelt,"Hi All!

We've received several calls today regarding a locked storage door at The
Roosevelt. We only have keys to the front lobby door & any condos that have
not closed escrow yet. If you have any troubles with Common Elements, keys,
access codes etc... your Property Mgmt Company is CMI. Brad Atchley is the
Community Mgr and can help you with these situations.

Please call Brad Atchley with any questions or needs at 503-233-0300 x215
Vancouver # is 360-694-0300 and email is   brada@communitymgt.com

:-) We hope you are enjoying your Roosevelt Condominium! :-)

Kirstin Boettcher for Jeff Burghart P.C.
The Hasson Company Realtors",Personal
mckay-b/inbox/69.,Work,FW: Cash Out Indices - December - 2001,"-----Original Message-----
From: 	CustomerNotices, WGPHOU [mailto:WGPHOU.CustomerNotices@Williams.com] 
Sent:	Monday, December 31, 2001 11:07 AM
Subject:	Cash Out Indices - December - 2001

December 31, 2001

To:  Transcontinental Gas Pipe Line Corporation Customers
     and Shippers

Re:  Cash Out Indices - December 2001
     


    FT                   AVG.          BUY        SELL
  ------                ------        ------     ------
  Zone 1                2.2930        1.8650     2.6200     
  Zone 2                2.3285        1.9000     2.6700
  Zone 3                2.3640        1.9350     2.7200
  Zone 4                2.3771        1.9463     2.7347
  Zone 5                2.4353        1.9961     2.7998
  Zone 6                2.4823        2.0363     2.8524

    IT         ",Work
rogers-b/all_documents/1617.,Mailing List,Delmarva debt service schedule,"Yvan,

Enjoy!

regards,

Don",Work
donoho-l/deleted_items/48.,Work,Off Duty Reports Due NOW!!!,"Please submit your time.

adr

Audrey D. Robertson
Transwestern Pipeline Company 
email address:  audrey.robertson@enron.com
(713) 853-5849
(713) 646-2551 Fax",Work
ward-k/contacts/48.,Mailing List,Mary Beer (Ellen),Investment Bankers,Personal
ward-k/contacts/62.,Mailing List,Lisa Baker,Member New York Stock Exchange. Sipc,Personal
bass-e/inbox/8.,Personal,REMINDER: UBSW Orientation - Thursday. For those that did not,"Date: Thursday, February 7th , 2002

Location: ECS 06980

Orientation will be split into two sessions and divided by alpha-order. Sessions will run 10am-12 pm and 2pm- 4 pm.

We encourage all of you to attend your designated session as valuable information will be presented, and you will have the opportunity to get answers to your questions.

You can speed things up tomorrow by filing in the attached forms - alternatively you can complete them there

10am Session   Letters A- K

2pm Session Letters L-Z



    
PLEASE RSVP (BY REPLYING TO THIS E-MAIL) - IF YOU HAVEN'T DONE SO ALREADY",Work
sanders-r/all_documents/3786.,Mailing List,"Re: Northwest Legal Search, Inc., Portland, OR",Please send me his resume,Work
fossum-d/all_documents/968.,Work,Gait analysis,"Gait analysis clinic is today 1:30 --4:30.  Times still available 1:45,  
2:15,  3,  3:15,  3:30,  3:45.  You may also just visit the clinic and talk 
to Mike from
Peak Performance.  You may enter Fitness Center door or East hallway door.
Elizabeth X7532",Other
brawner-s/_sent_mail/45.,Mailing List,Re:,I have received your e-mail.  Thank you for your thoughts.,Personal
dasovich-j/all_documents/3709.,Work,"Jeff/Joseph -- where should I fed express this ""Open Access"" opus","Hi Jeff/Joseph

Jeff -- I have a copy of this open access opus for you (you discussed this 
with Scott yesterday evening) -- where should I fed express this to? Your 
home?  It's a great read -- you may want to dig into it after enjoying your 
turkey and stuffing on Thursday -- :) !




Tracy J. Cooper
Please note my name has changed from McLaughlin to Cooper
Enron Broadband Services
Government Affairs 
(503) 886-0396",Personal
nemec-g/all_documents/5066.,Work,Re: HOTEL RESERVATIONS IN AUSTIN,"Ernie,  How is it going?  Did you have a good weekend?  I actually had to 
work for part of it, so my weekend wasn't all that great.

Were you able to book a room for me?  Wanted to be sure that was taken care 
of.




	Ernie.J.Zavaleta@fritolay.com
	02/20/2001 03:50 PM
		 
		 To: Mary Ramsey <maryramsey@tramex.com>
		 cc: 
		 Subject: Re: HOTEL RESERVATIONS IN AUSTIN


Mary,

Can I book one more room at this rate on this reservation (same card number),
for a total of two rooms?  The second will be a non-smaking king size as well.

Thank you,
Ernie

281-775-1653




Mary Ramsey <maryramsey@tramex.com>
02/20/2001 02:55 PM

To:   Ernie J Zavaleta/Frito-Lay/US@Frito-Lay
cc:
Subject:  HOTEL RESERVATIONS IN AUSTIN

 SALES PERSON: 84                  ITINERARY                    DATE: 20 FEB
01
",Personal
skilling-j/deleted_items/481.,Work,FW: Houston Visit,">
>
> Dear Mr.
>
> I enjoyed meeting you at the recent World Economic Forum in Washington DC.
> I will be in Houston next week and would like to meet with you to discuss
> your group's activities, and Bermuda's goal as a Telecommunications hub
> and E-commerce jurisdiction.  If you have sometime available between
> Tuesday and Thursday of next week kindly let me know.
>
> Sincerely yours,
> Renee Webb
> Minister of Telecommunicationa and E-commerce
> Government of Bermuda.",Work
tholt-j/janie/138.,Mailing List,EPNG Capacity Studies AT DOCKET NO. RP00-336-000 et al,"<<081501 transmittal letter.doc>>  <<July 18 Allocation Report.doc>>
<<7-30-01 Receipt Election Instructions.doc>>  <<Supply Selection Form.xls>>
 <<Sent out to Customers.xls>>


******************************************************************
This email and any files transmitted with it from the ElPaso
Corporation are confidential and intended solely for the
use of the individual or entity to whom they are addressed.
If you have received this email in error please notify the
sender.
******************************************************************

 - 081501 transmittal letter.doc 
 - July 18 Allocation Report.doc 
 - 7-30-01 Receipt Election Instructions.doc 
 - Supply Selection Form.xls 
 - Sent out to Customers.xls",Work
skilling-j/deleted_items/174.,Work,L. Kudlow Television Appearance 7/20/2001,"Lawrence Kudlow will appear on PBS's ""Wall Street Week with Louis Rukeyser""
tonight at 8:30 p.m.

Thank you
Kudlow & Co., LLC",Other
dasovich-j/deleted_items/58.,Personal,RE: Please bring,"groovy

-----Original Message-----
From: Dasovich, Jeff [mailto:Jeff.Dasovich@ENRON.com]
Sent: Friday, August 31, 2001 9:18 AM
To: Nancy Sellers
Subject: RE: Please bring


will do.  traffic permitting, around 7?

-----Original Message-----
From: Nancy Sellers [mailto:Nancy.Sellers@RobertMondavi.com]
Sent: Friday, August 31, 2001 11:15 AM
To: 'Jeff Dasovich'; Prentice @ Berkeley; Prentice Sellers
Subject: Please bring
Importance: High


my pie plate, Wise and Otherwise and the walking stick if no one is
using
it.  Thanks.  What time do you think you will be here??

Nancy
(707) 251-4870 (phone)
(707) 265-5446 (fax)
""Plus je bois, mieux je chante""





**********************************************************************
This e-mail is the property of Enron Corp. and/or its relevant affilia",Personal
kuykendall-t/_sent_mail/5.,Mailing List,customer service complaint,"Hello , my name is Tori Kuykendall (One Pass BJ927934).  My husband, Patrick( 
One Pass VF751282), and I have been One Pass members for a few years now as 
well as elite members on several occasions.  We also use Chase Continental 
Visa exclusively, and my husband is a President's Club member.  I have made 
Continental my airline of choice for as long as I can remember booking my own 
travel arrangements and have been a very satisfied customer in the past.  
This morning, however, I had a very bad experience.  I booked tickets for a 
vacation back on September 4th for a trip from Houston to New York on 
December 1.  Since I booked the ticket, I became pregnant and found out from 
my doctor last week that I will still be unable to travel on December 1st due 
to complications with my pregnan",Personal
rogers-b/all_documents/1019.,Work,Entergy Contact Information,"The following is the best contact information that I have for Entergy Power.  
The guy I have been talking to the most is John Hoagland.  He is the one that 
needs the LV Cogen Model.

Michael P. Childers
Senior Vice President
Chief Development Officer
Entergy Wholesale Operations
Parkwood 2 Building
10055 Grogan Mill Road
The Woodlands, Texas  77380
(281) 297-5381  Telephone
(281) 297-5407  Fax

Eric Salagi
Vice President, Corporate Development
(281) 297-5320  Telephone
(281) 297-5407  Fax

John Hoagland
Senior Manager, Corporate Development
(281) 297-5314  Telephone
(281) 297-5407  Fax
e-mail:  jhougla@entergy.com",Work
hayslett-r/deleted_items/43.,Work,Re: Service,"The tower in that area is currently down. There is no ETR at this time. 
For further information, please call us at 1-866-759-1000.

Cory Wynn
SkyTel Blackberry Support

----- Original Message -----
From: skyuser@skytel.com
Date: Monday, November 19, 2001 12:57 pm
Subject: Re: Service

> 
> Please assist.
> 
> 
> Thank you,
> 
> Marcus Gaddis
> SkyUser Email Desk
> 
> 
> 
> 
> 
> 
> ""ROD HAYSLETT"" <haysletr@txucom.net> on 11/18/2001 11:09:38 AM
> 
> To:   SkyUser@skytel.com
> cc:   ""Rod Hayslett"" <rhaysle@enron.com>, rod.hayslett@enron.com
> Subject:  Service
> 
> 
> I am a Blackberry user in the Houston area and am having trouble 
> gettingservice (not receiving signal) in The Woodlands area (zip 
> 77380) of
> Montgomery county. my # is 877 525 1607 and my PIN is 8804AF7E.   
> Pleaseres",Work
beck-s/calendar/31.,Personal,"EB-5008 - ENW Budget & Strategy - w/Whalley, GPiper, MPickering",Set by Liz Taylor per GPiper 9/28/01.,Work
sanders-r/all_documents/189.,Mailing List,,"Here is the latest redlined draft version (the redlining compares your
original draft with all of our changes to date), reflecting some very minor
edits (mostly typos) we made to the document today. <<NFV7RED.WPD>>



____________________________________________________________________________
The e-mail address and domain name of the sender changed on November 1, 
1999.  Please update your records.

The information contained in this communication may be confidential, is 
intended only for the use of the recipient named above, and may be legally 
privileged.  If the reader of this message is not the intended recipient, you 
are hereby notified that any dissemination, distribution, or copying of this 
communication, or any of its contents, is strictly prohibited. If you have 
received this ",Work
lay-k/inbox/35.,Personal,Interview,"In order to prepare a paper for my graduate class on Leadership, I recently had an opportunity to visit with Stan Horton. Stan provided some wonderful insight on his leadership skills and gave you as an example of a superb leader. He suggested that I also speak with about your views on leadership. Some questions that would be of interest would be what events you think coelesced to bring you to the chairmanship of Enron; what developmental process you knowingly (or unknowingly) went through in your early years and what challenges have you encountered that made a signficant change in your career.

If you would have fifteen minutes or so and would be amenable, I would much appreciate visiting with you in the next two-three weeks. If you wish, I could provide you questions in advance to maximi",Personal
sanders-r/all_documents/1537.,Personal,Enon - experts,"Here are the CVs for PM Industrial Economics' experts.

Thanks.
Gary

CV.Williams.pdf;
CV.MacAvoy.PDF;
principals.PDF
 <<CV.Williams.pdf>>  <<CV.MacAvoy.PDF>>  <<principals.PDF>>

=======================================================
This email message is for the sole use of the intended recipient(s) and may 
contain confidential and privileged information. Any unauthorized review, 
use, disclosure or distribution is prohibited. If you are not the intended 
recipient, please contact the sender by reply email and destroy all copies of 
the original message.

To reply to our email administrator directly, send an email to 
postmaster@brobeck.com
BROBECK PHLEGER & HARRISON LLP
http://www.brobeck.com



 - CV.Williams.pdf
 - CV.MacAvoy.PDF
 - principals.PDF",Work
whitt-m/sent_items/373.,Mailing List,RE: Request for 5-year Natural Gas Supply and Transportation on,"let's talk about this today at 3:30.

 -----Original Message-----
From: 	Le Dain, Eric  
Sent:	Monday, November 05, 2001 10:04 AM
To:	Hrap, Gerry; Whitt, Mark; Tycholiz, Barry
Cc:	Oh, Grant
Subject:	FW: Request for 5-year Natural Gas Supply and Transportation on Williams Northwest Pipeline

Just got this - don't know if there is anything here, but thought I'd move it through in case.

Eric


 -----Original Message-----
From: 	""Chuck Pavlica"" <cpavlica@enerad.com>@ENRON  
Sent:	Monday, November 05, 2001 9:29 AM
To:	Prospective Natural Gas Supplier
Subject:	Request for 5-year Natural Gas Supply and Transportation on Williams Northwest Pipeline


Attached please find a Request for Proposal and a  Transportation Expression of Interest inquiry.  Energy Advantage  Corporation, on behalf of SP NE",Work
bass-e/all_documents/202.,Work,Beware of this file!!!,"Beware of this file... it contains a virus that my Norton AntiVirus
picked up!!!
Delete it as soon as you see it! DO NOT OPEN IT!!!!

""sexy virgin.scr""",Work
love-p/discussion_threads/303.,Mailing List,nov liq,"here it is.
PL",Work
lokay-m/all_documents/377.,Personal,South Texas Nuclear Plant Brown Bag,- South Texas Nuclear Plant2.doc,Work
taylor-m/all_documents/1271.,Mailing List,Sound Practices fro Hedge Fund Managers,"Is this a document that is available generall?  If so, can we get a copy?",Work
nemec-g/inbox/189.,Personal,Strawberries Romanoff,"This is just too delicious to not share...

STRAWBERRIES ROMANOFF 


1 1/2 pounds firm ripe strawberries, washed, dried, stemmed & quartered
lengthwise (reserve 6 berries with stems for garnish) 
1/4 cup Grand Marnier (can use Triple Sec or Cointreau) 
1/4 cup sugar 
Chantilly Romanoff
3 tbs chopped pistachio nuts (garnish) 

Combine berries and liqueur in large bowl and sprinkle with sugar.
Mix gently with spoon. Cover with plastic wrap and refrigerate 4
hours, spooning syrup over berries once or twice. One hour before
serving, divide berries and syrup among 6 sherbert or balloon wine
glasses. Refrigerate. Just before serving, spoon Chantilly Romanoff
over berries and garnish with reserved strawberries. Sprinkle each
serving with pistachio nuts.


CHANTILLY ROMANOFF

1 cup heavy whipping ",Personal
kaminski-v/all_documents/3818.,Work,Re: INFORMS National conference at San Antonio,"Hi,

Details of our session info. at the INFORMS conference can be found at the
following link.  It'll be in the afternoon of 11/6 (Monday).

http://www.informs.org/Conf/SanAntonio2000//TALKS/MD29.html

Since we have 5 speakers, I expect each of us will have no more than 20
minutes to present.  Please keep that in mind and e-mail me if you have
any questions.  Please also inform me if there will be any changes.  Look
forward to seeing you all in San Antonio.

Best regards,

Shijie

Shi-Jie Deng
Assistant Professor
School of ISyE
Georgia Institute of Technology

Office Phone: (404) 894-6519
E-mail:       deng@isye.gatech.edu
Home page:    http://www.isye.gatech.edu/~deng",Work
germany-c/_sent_mail/332.,Work,,"NEWS FLASH!!!!

The Supreme Court of the United States has ruled that there cannot be a 
nativity scene in Washington, D.C. this Christmas. The Court ruling is not 
based on the seperation of Church and State  Simply put, the  Court felt it 
could not find three wise men and a virgin in the Nation's capitol. However, 
finding enough Asses to fill the stable would not be a problem.",Personal
lenhart-m/all_documents/1506.,Personal,Re:,"where are you with your family?  i went to vegas and lost money.  watch out 
for that  hurricane.  if it strenthens think of me b/c i will be happy b/c 
that will mean that gas prices increase.  we will go out and party when you 
get back.",Personal
guzman-m/_sent_mail/76.,Personal,Re: beer?,"Didn't your mother teach you that it was rude to not answer someones 
questions?",Personal
lay-k/inbox/881.,Mailing List,Fw: Enron Kids,"My child, Dane, was previously enrolled in Enron Kids.  Since I was laid off last Monday, I had to take him out.  I understand through Lorraine Gibbs that the daycare has now opened up to the public.  What is the possibility of coming down on the monthly charge?  
 
I think it would be a nice gesture to the parents that previously had kids enrolled there to be able to bring their child(ren) back instead of having to enroll them into another daycare.  I understand that I will not be able to pay $560 a month since Enron will not be subsidizing, but it would be nice if Enron could lower the rate to $600 per child.  Enron Kids is a wonderful place with wonderful teachers.  It would be a shame to have to close such a facility.
 
Please consider this.  It would be very important to several paren",Personal
tycholiz-b/inbox/335.,Personal,GISB update?,"Hi Barry,
I'm just following up on the status of the DWR GISB.  Any word for me?  Call
if you have any questions.
Thank You,
Brenda Buxa
Interstate Gas Services
925-243-0350",Work
derrick-j/deleted_items/13.,Personal,L. Nagyte's resume,"Here is a resume that surfaced from Emilio Battioli at Azurix Buenos Aires.  
----- Forwarded by John Ale/HOU/AZURIX on 05/29/01 08:24 AM -----


	Emilio Battioli 05/28/01 08:04 AM 	   To: John Ale/HOU/AZURIX@AZURIX  cc:   Subject: L. Nagyte's resume	


What do you think of this? 

---------------------- Forwarded by Emilio Battioli/BUE/AZURIX on 28/05/2001 10:06 a.m. ---------------------------


""Lina Nagyte"" <linanagyte@hotmail.com> on 25/05/2001 06:27:44 p.m.
To:	Emilio Battioli/BUE/AZURIX@AZURIX
cc:	 

Subject:	L. Nagyte's resume



Dear Mr. Emilio Battioli,

I am an LL.M. candidate (August 2001) at the University of Michigan Law
School. I am very happy to have found the attorney in Enron Corporation who
has studied at the University of Warwick, the institution from which I have
gradu",Work
hain-m/all_documents/346.,Work,Missing pages of NWEC Rebuttal,"Attached are pages 3 and 4 of NW Energy Coalition/Save Our Wild Salmon
(WP-02-E-NA/SA-04) Rebuttal testimony which was missing from some copies.  If
you would like a hard copy, I can fax it or mail it to you--just say the word.
Sorry about this!

Steve Weiss
503 393-8859


 - NWECrebuttalP3and4.doc",Work
hyatt-k/sent_items/79.,Personal,FW: Viagra Contest,">
>
>  The boss of a small company called a spontaneous staff meeting in the
>  Middle of a particularly stressful week. When everyone gathered, the
>  employer, who understood the benefits of having fun, told the burnt-out
>  staff the purpose of the meeting was to have a quick contest, whose
>theme  was ""Viagra advertising slogans.""
>
>  Dividing into 10 groups of three, the only rule was they had to use
>past  ad  slogans that captured the essence of Viagra.
>
>  About 7 minutes later, they turned in their suggestions, and created a
>  ""Top Ten List."" After all the laughter and camaraderie, the rest of the 
>week
>  went very well for everyone.
>
>  10. Viagra, It's ""Whaazzzzz Up!""
>  9. Viagra, The quicker pecker upper
>  8. Viagra, Like a rock!
>  7. Viagra, When it absolutely, positi",Personal
wolfe-j/deleted_items/28.,Personal,Have tax problems?,"Have tax problems? Do you owe the IRS money? We can help!
Our licensed agents can help you with both past and present
tax debt. We also deal with more than just taxes, such as:

- Tax Preparation
- Audits
- Seizures
- Bank Levies
- Asset Protection
- Audit Reconsideration
- Trust Fund Penalty Defense
- Uncollectible Status
- Penalty Appeals
- Penalty Abatement
- Wage Garnishments
.. and more!

To receive FREE information on tax help, please fill out the
form below. There are no obligations, and supplied information
is kept strictly confidential. Please note that this offer
only applies to US citizens. Application processing may take
upto 10 business days.

**********

Full Name:
Address:
City:
State:
Zip Code:
Home Phone:
Work Phone:
Best Time to Call:
E-Mail Address:
Estimated Tax Debt Si",Other
beck-s/all_documents/534.,Work,RE: Enron MBA Excellence Scholarship Thank you note,"I thought this was a nice thank you from David.  Even though he did not win 
the scholarship, he enjoyed the experience and he is offering to help us in 
the future!

Karen
----- Forwarded by Karen Marshall/HOU/ECT on 03/29/2001 07:41 AM -----

	""David Silldorff"" <David.Silldorff@mba02.bus.utexas.edu>
	03/28/2001 11:14 PM
		 
		 To: <Karen.Marshall@enron.com>
		 cc: 
		 Subject: RE: Enron MBA Excellence Scholarship




Dear Karen, 

Thank you again for including me in your group of finalists for the Enron 
Scholarship.? Enron's commitment to community service and education is most 
admirable, I and felt honored to be selected (particularly considering the 
other people chosen).? I even enjoyed the interview experience, mostly 
because of the neat interviewers.

I also appreciate the prompt",Work
beck-s/recruiting/6.,Work,RE: Enron MBA Excellence Scholarship Thank you note,"I thought this was a nice thank you from David.  Even though he did not win the scholarship, he enjoyed the experience and he is offering to help us in the future!

Karen
----- Forwarded by Karen Marshall/HOU/ECT on 03/29/2001 07:41 AM -----


	""David Silldorff"" <David.Silldorff@mba02.bus.utexas.edu> 03/28/2001 11:14 PM 	   To: <Karen.Marshall@enron.com>  cc:   Subject: RE: Enron MBA Excellence Scholarship	





Dear Karen, 

Thank you again for including me in your group of finalists for the Enron Scholarship.  Enron's commitment to community service and education is most admirable, I and felt honored to be selected (particularly considering the other people chosen).  I even enjoyed the interview experience, mostly because of the neat interviewers.

I also appreciate the prompt replies to",Work
parks-j/deleted_items/559.,Personal,RE: A PREVIEW OF COMING ATTRACTIONS,"Not sure what this has to do w/ Gov't conspiracies.

-----Original Message-----
From: Parks, Joe [mailto:Joe.Parks@enron.com]
Sent: Friday, March 01, 2002 9:33 AM
To: Fenner, Chet
Subject: RE: A PREVIEW OF COMING ATTRACTIONS


the american people will no longer stand for the excessive compention of the few pigs in corporate america, viva la people

-----Original Message-----
From: Fenner, Chet [mailto:Chet_Fenner@bmc.com]
Sent: Friday, March 01, 2002 9:30 AM
To: Parks, Joe
Subject: RE: A PREVIEW OF COMING ATTRACTIONS


I think the economic numbers are rigged -- the gov't trying to bring some confidence back into the mkts.  I'm scaring myself, starting to sound like my dad w/ all of his conspiracy theories.

-----Original Message-----
From: Parks, Joe [mailto:Joe.Parks@enron.com]
Sent: Frid",Personal
rogers-b/all_documents/601.,Work,Enron Peakers - Site Visits,"Ben,

Per our conversation on 10/13, I would like to confirm the following site
visit dates for the Enron peaker assets:

Gleason - 10/23
Wheatland - 10/24
Lincoln - 10/26

Thanks for your help.

Mike Cazaubon



************************************************************************
This e-mail and any of its attachments may contain PECO-Energy
proprietary information, which is privileged, confidential, or subject
to copyright belonging to the PECO-Energy family of Companies.  This
e-mail is intended solely for the use of the individual or entity to
which it is addressed.  If you are not the intended recipient of this
e-mail, you are hereby notified that any dissemination, distribution,
copying, or action taken in relation to the contents of and attachments
to this e-mail is strictly pro",Work
ybarbo-p/deleted_items/90.,Mailing List,Departing from Port Said,"21 Oct 1900 FAOP N 31?20'E032?23'
ROB: FO:808 MT  DO:137

ETA ALGECIRAS 26 OCT 10:00 LT

Brgds Knut Bentzr?d
Master LNG/C ""Hoegh Galleon""

E-mail: master.gall@hoegh.no
Teleph: Inmarsat tel.no. 330853910
Fax   : Inmarsat fax no. 330853913
Telex : Inmarsat B telex no. 330853915
Telex : Inmarsat C telex no. 430853910 (24hrs.watch)",Work
buy-r/sent_items/263.,Personal,FW: Commodity-related risk management,"do you want to talk to this lady? i don't. rick
 -----Original Message-----
From: 	""Naomi Driver"" <driver@rka.co.uk>@ENRON [mailto:IMCEANOTES-+22Naomi+20Driver+22+20+3Cdriver+40rka+2Eco+2Euk+3E+40ENRON@ENRON.com] 
Sent:	Monday, May 21, 2001 9:37 AM
To:	Buy, Rick
Subject:	Commodity-related risk management

Dear Mr Buy,

I have tried on a number of occasions to get hold of you by telephone, but
have now been advised by one of your colleagues to send an email instead.

Briefly, I work for a company here in London called RK Analytics which
undertakes consulting projects for clients in the financial arena.

In this instance, my client is a major player in commodity-related risk
management products.  My client is hoping to determine how it can better
improve the service it offers to entities suc",Work
lay-k/inbox/1711.,Mailing List,FW: A word of thanks,"Mr. Lay,

I realize that during these particularly tough times that you probably will not have the time to read this. In addition, I presume that you have received a high volume of notes from your employees regarding the issues of the day. I do hope, however, that you will take a moment to consider my thoughts and to step back from today's headlines and consider all of the tremendous opportunities that you have given all of your employees over the past 16 years. Your vision and hard work has accomplished more than just a business; it has provided many thousands of families support and structure. 

I moved to Houston last year to continue my EBS career. I am over 52 years old with a career in telecommunications sales and sales management. I continue to be excited about EBS opportunities; ev",Personal
