file,subject,body,to,from,heuristic_score,heuristic_bucket,heuristic_reasons,spam_label,spam_conf,category_label,vader_compound,true_priority,true_bucket,bucket_match
badeer-r/notes_inbox/81.,SI Outage,"Effective immediately, there will be an SI outage for approximately 10
minutes.  This is for both Hour Ahead and Day Ahead.

Mkt Ops (916) 351-2499

  Market Operations
  (916) 351-2499",marketstatus@caiso.com,caisomktops@caiso.com,0.6,high,urgent/critical language (+0.24); direct 1:1 email (+0.05),ham,0.1589,Work,0.477,0.4,medium,False
bass-e/discussion_threads/781.,Open Enrollment 2001 Deadline Extension,"OPEN ENROLLMENT 2001 DEADLINE EXTENDED


Due to a very heavy, last minute influx of employees trying to make elections 
and/or changes to their 2001 benefits, the open enrollment 2001 deadline has 
been extended until 5pm Central Time on Friday, November 17th.  

Please continue to access the web at www.enron.benefitsnow.com or the IVR at 
1-800-425-5864.  

You must have your 2001 open enrollment personal worksheet that contains your 
personal identification number (PIN - located in the upper right hand corner 
of your worksheet) in order to access the web or IVR.",all.states@enron.com,enron.announcements@enron.com,0.6,high,urgent/critical language (+0.24); direct 1:1 email (+0.05),ham,0.1472,Work,0.813,0.3,low,False
bass-e/discussion_threads/1140.,DEFERRAL PROGRAM ENROLLMENT DEADLINE IS FRIDAY,"=20

This FRIDAY, DECEMBER 8, 2000 (5:00 p.m. CST) is the deadline for deferral=
=20
program enrollment.  Following the deadline, no new elections or changes to=
=20
existing elections will be accepted. =20
To learn more about your deferral program opportunities and to enroll for=
=20
2001 deferrals, access eHRonline at http://ehronline.enron.com.  (Call the=
=20
ISC Help Desk at 713-345-4727 if you need your ID or password to access the=
=20
system.)

1. Review the program descriptions (attached to the Election Form) before y=
ou=20
make your elections.
2. If you decide to defer compensation, complete the Election Form before=
=20
Friday, December 8,  2000, 5:00 p.m. CST (the enrollment dea",eligible.employees@enron.com,enron.announcements@enron.com,0.7,high,urgent/critical language (+0.24); ALL CAPS subject (+0.08); direct 1:1 email (+0.05),ham,0.1997,Work,0.752,0.6,high,True
bass-e/_sent_mail/1268.,Re: Re:Mandell,"no i haven't driven by yet.  i would like to see the mandell house again 
before putting a contract in on it.

-e




""K. Bass"" <daphneco64@bigplanet.com> on 02/07/2001 02:45:35 PM
Please respond to ""K. Bass"" <daphneco64@bigplanet.com>
To: Eric.Bass@enron.com
cc:  
Subject: Re: Re:Mandell


Did you drive by Huldy?  If so, what did you think?

We can do a contract whenever you want.  Did you call B. Dunn?

Talk to you later.  Love, Mom
----- Original Message -----
From: <Eric.Bass@enron.com>
To: ""K. Bass"" <daphneco64@bigplanet.com>
Sent: Wednesday, February 07, 2001 11:11 AM
Subject: Re: Re:Mandell


>
> I am fine with seeing more houses before buying but was thinking that it
> might be a goo",daphneco64@bigplanet.com,eric.bass@enron.com,0.6,high,urgent/critical language (+0.12); action-required language (+0.14); reply/forward chain (-0.05); direct 1:1 email (+0.05),ham,0.0925,Personal,0.96,0.3,low,False
allen-p/sent_items/182.,RE:,"Jacques,

If your schedule permits, 4pm or later today would work for us.  

Phillip

 -----Original Message-----
From: 	JacquesTC@aol.com@ENRON [mailto:IMCEANOTES-JacquesTC+40aol+2Ecom+40ENRON@ENRON.com] 
Sent:	Saturday, July 28, 2001 9:20 AM
To:	Allen, Phillip K.
Subject:	Re:

Phillip,
    Thanks for the prayers. Call me Monday and we will set up a time to sign
up the docs. Take care. Jacques",jacquestc@aol.com,k..allen@enron.com,0.3,low,reply/forward chain (-0.05); direct 1:1 email (+0.05),ham,0.0747,Work,0.813,0.3,low,True
bailey-s/deleted_items/267.,FW: Select Energy and Stone Energy Corporation,"Susan: please update the Master Demand Log with the information below.  Let's make sure we DO NOT send a termination letter on Friday.  We need to attempt to resolve this payment question first.

Sara: we'll discuss this in the morning.

Thanks

Talked to Bill O'Brien today.  He contends that Select made required payments, with the exception of some holdbacks which were clearly documented and provided to Enron.  Select wants to perform under the contract until that time we can mutually negotiate an early termination.  He is faxing 26 pages of information which supports Select's previous payments.

Bill requests that Enron:
q	Provide current written payment instructions
q	If we cannot resolve","susan.bailey@enron.com, sara.shackleton@enron.com",louis.dicarlo@enron.com,0.4,medium,urgent/critical language (+0.12); reply/forward chain (-0.05),ham,0.1045,Work,0.958,0.7,high,False
bass-e/_sent_mail/866.,Re: NO GAME TONIGHT,"I don't know.  I haven't heard anything.  You might want to talk to superfan 
( aka  Chad)





Nick Hiemstra
04/03/2000 03:31 PM
To: Eric Bass/HOU/ECT@ECT
cc:  
Subject: Re: NO GAME TONIGHT  

So who's watching the game and where?


   
	Enron North America Corp.
	
	From:  Eric Bass                           04/03/2000 03:08 PM
	

To: Brian Hoskins/HOU/ECT@ECT, Luis Mena/ENRON_DEVELOPMENT@ENRON_DEVELOPMENT, 
Amir Ahanchian/HOU/ECT@ECT, Matthew Lenhart/HOU/ECT@ECT, Timothy 
Blanchard/HOU/EES@EES, Bryan Hull/HOU/ECT@ECT, Jeffrey C Gossett/HOU/ECT@ECT, 
O'Neal D Winfree/HOU/ECT@ECT, David Baumbach/HOU/ECT@ECT, Kenneth 
Shulklapper/HOU/ECT@ECT, Nick Hiemstra/HOU/ECT@ECT
cc:  
Subject: NO GAME T",nick.hiemstra@enron.com,eric.bass@enron.com,0.4,medium,reply/forward chain (-0.05); direct 1:1 email (+0.05); strongly negative/distressed sentiment (+0.15),ham,0.059,Personal,-0.859,0.2,low,False
bass-e/sent/577.,Kristen's b-day,who do you want me to invite and for what time?,shanna.husser@enron.com,eric.bass@enron.com,0.3,low,direct 1:1 email (+0.05),ham,0.1619,Personal,0.226,0.2,low,True
arnold-j/_sent_mail/150.,small ventures usa,"Russell:
I think I should give you a little background on small ventures.  Bill 
Perkins and I have a strong personal and professional relationship.  He is an 
extremely creative individual.  Whalley actually commented on him today as 
someone ""who thinks outside the box"".  Bill actually sat in a bar four years 
and said the next tradeable market would be bandwidth.  He has been 
successful in the gas business when he has had someone to filter his ideas.  
As such he provides an informal consulting role to Enron.  He throws out 
ideas and, every once in a while, he comes up with a great one.  He pointed 
out an anomalous pricing occurence in the options market, a market I normally 
don't fol",russell.diamond@enron.com,john.arnold@enron.com,0.6,high,urgent/critical language (+0.24); direct 1:1 email (+0.05),ham,0.1651,Work,0.982,0.3,low,False
baughman-d/deleted_items/27.,ALERT!!,"There will be a UBSWE Migration TONIGHT....please make sure that you LOG OFF before you leave today.  

Monday morning, (2/4/02), you will logon with your Enron NT Account and Password.  You will immediately be forced to change your password (following Enron rules) and your NT ID will stay the same.  Once you've changed your password, and logged off AGAIN, you will see the UBS Warburg Energy Screen....email will not be affected until day one.

Starting Monday, you will receive emails from IT support to explain the HOW TO's for your data that YOU  will need to begin transferring over to UBS.  All material will need to be in compliance with UBS standards and NO documents or emails are to be de"," /o=enron/ou=na/cn=recipients/cn=notesaddr/cn=a478079f-55e1f3b0-862566fa-612229@enron.com, diana.allen@enron.com, debra.bailey@enron.com, russell.ballato@enron.com, ted.ballinger@enron.com, don.baughman@enron.com, robert.benson@enron.com, corry.bentley@enron.com, jae.black@enron.com, lisa.burnett@enron.com, mike.carson@enron.com, alan.chen@enron.com, jason.choate@enron.com, kevin.cline@enron.com, dana.davis@enron.com, l..day@enron.com, joe.errigo@enron.com, l..garcia@enron.com, doug.gilbert-smith@enron.com, gustavo.giron@enron.com, claudia.guerra@enron.com, patrick.hanse@enron.com, rika.imai@enron.com, jason.kaniss@enron.com, jeff.king@enron.com, john.kinser@enron.com, carrie.larkworthy@enron.com, peter.makkai@enron.com, mauricio.marquez@enron.com, jeffrey.miller@enron.com, seung-taek.oh@enron.com, willis.philip@enron.com, m..presto@enron.com, david.ryan@enron.com, eric.saibi@enron.com, paul.schiavone@enron.com, bryce.schneider@enron.com, michael.seely@enron.com, robert.stalford@enron.com, j..sturm@enron.com, mark.symms@enron.com, d..thomas@enron.com, larry.valderrama@enron.com, maria.valdes@enron.com, steve.wang@enron.com, lloyd.will@enron.com, ryan.williams@enron.com",jae.black@enron.com,0.4,medium,2 exclamation(s) in subject (+0.10); ALL CAPS subject (+0.08); broadcast to 47 recipients (-0.12),ham,0.1258,Work,0.863,0.6,high,False
bass-e/deleted_items/216.,Supplemental Weekend Outage Report for 1-05-02 through 1-07-02,"_________________________________________________________________ 

WEEKEND SYSTEMS AVAILABILITY

FOR

1/4/2002 5:00:00 PM through 1/7/2002 12:00:00 AM 
_________________________________________________________________ 
SCHEDULED SYSTEM OUTAGES: 

ARDMORE DATA CENTER - FACILITY OPERATIONS:

Impact: Corp 
Time: Sat 1/5/2002 2:00:00 PM CT thru Sat 1/5/2002 3:00:00 PM CT
Sat 1/5/2002 12:00:00 PM PT thru Sat 1/5/2002 1:00:00 PM PT
Sat 1/5/2002 8:00:00 PM London thru Sat 1/5/2002 9:00:00 PM London
Outage: SysAdmiral Fault Tolerance Split for Netco/Estate 
Environments Impacted: The outage the sysAdmiral Application will be brief and should not directly affect any applications. 
Purpose: We are Sp",,no.address@enron.com,0.7,high,urgent/critical language (+0.24); strongly negative/distressed sentiment (+0.15),ham,0.1035,Work,-0.751,0.2,low,False
arnold-j/deleted_items/757.,CFTC commitment of traders summary for Nat Gas,"Attached please find this weeks summary of the CFTC commitment of traders
data.

Thanks,

Bob McKinney

 - CFTC-NG-11-27-01.doc",bob.mckinney@capstone-ta.com,capstone@ktc.com,0.3,low,direct 1:1 email (+0.05),ham,0.0977,Work,0.856,0.2,low,True
arnold-j/sent/306.,Re: Give Up Agreements: Banc One,"Mary:
These agreements are acceptable.  Please sign the give up agreements with 
Banc One.
John




MARY COOK
07/19/2000 02:30 PM
To: John Arnold/HOU/ECT@ECT, Sarah Wesner/Corp/Enron@Enron
cc:  
Subject: Give Up Agreements:  Banc One

I have received the executed counterparts of the Give Up Agreements from Banc 
One for our signature contemplating several executing brokers.  It is my 
understanding that trades were recently pulled from Banc One and therefore, 
these agreements may not now be warranted.   John, please advise me regarding 
whether you will want to sign these agreements with Banc One or not.  Thank 
you.  Mary Cook  ENA Legal",mary.cook@enron.com,john.arnold@enron.com,0.4,medium,action-required language (+0.07); reply/forward chain (-0.05); direct 1:1 email (+0.05),ham,0.0984,Work,0.946,0.5,medium,True
allen-p/discussion_threads/540.,California Update 5/4/01,"---------------------- Forwarded by Phillip K Allen/HOU/ECT on 05/07/2001 
06:54 AM ---------------------------
From: Kristin Walsh/ENRON@enronXgate on 05/04/2001 04:32 PM CDT
To: John J Lavorato/ENRON@enronXgate, Louise Kitchen/HOU/ECT@ECT
cc: Phillip K Allen/HOU/ECT@ECT, Tim Belden/ENRON@enronXgate, Jeff 
Dasovich/NA/Enron@Enron, Chris Gaskill/ENRON@enronXgate, Mike 
Grigsby/HOU/ECT@ECT, Tim Heizenrader/ENRON@enronXgate, Vince J 
Kaminski/HOU/ECT@ECT, Steven J Kean/NA/Enron@Enron, Rob 
Milnthorp/CAL/ECT@ECT, Kevin M Presto/HOU/ECT@ECT, Claudio 
Ribeiro/ENRON@enronXgate, Richard Shapiro/NA/Enron@Enron, James D 
Steffes/NA/Enron@Enron, Mark Tawney/ENRON@enronXgate, Scott 
Tholan/ENRON@enronX",keith.holst@enron.com,phillip.allen@enron.com,0.7,high,urgent/critical language (+0.24); direct 1:1 email (+0.05); strongly negative/distressed sentiment (+0.15),ham,0.1029,Work,-0.827,0.4,medium,False
bass-e/notes_inbox/597.,"Japan, India and California, too?","Enron opens an office in Japan.  Get the details in eBiz.

Also in this issue:
FERC suggests overhaul for California
ENA's focus on upstream services
Cyber Cafe in Dabhol

It's all in the latest eBiz.  Go to home.enron.com, click Publications, then 
click eBiz, and ""eBiz November 3, 2000.""",all.worldwide@enron.com,enron.announcements@enron.com,0.4,medium,question in subject (+0.04); direct 1:1 email (+0.05),ham,0.113,Work,0.0,0.2,low,False
bass-e/discussion_threads/121.,5 X 24,"Dale,

Have you heard anything more on the 5 X 24s?  We would like to get this 
product out ASAP.


Thanks,

Eric",dale.neuner@enron.com,eric.bass@enron.com,0.6,high,urgent/critical language (+0.12); ALL CAPS subject (+0.08); direct 1:1 email (+0.05),ham,0.0958,Work,0.66,0.6,high,True
allen-p/all_documents/182.,ENA Management Committee,"---------------------- Forwarded by Phillip K Allen/HOU/ECT on 08/16/2000 
10:58 AM ---------------------------
   
	
	
	From:  David W Delainey                           08/15/2000 01:28 PM
	

Sent by: Kay Chapman
To: Tim Belden/HOU/ECT@ECT, Kevin M Presto/HOU/ECT@ECT, John 
Arnold/HOU/ECT@ECT, Scott Neal/HOU/ECT@ECT, Hunter S Shively/HOU/ECT@ECT, 
Phillip K Allen/HOU/ECT@ECT, Janet R Dietrich/HOU/ECT@ECT, Christopher F 
Calger/PDX/ECT@ECT, W David Duran/HOU/ECT@ECT, Raymond Bowen/HOU/ECT@ECT, 
Jeff Donahue/HOU/ECT@ECT, Brian Redmond/HOU/ECT@ECT, C John 
Thompson/Corp/Enron@ENRON, Scott Josey/Corp/Enron@ENRON, Rob 
Milnthorp/CAL/ECT@ECT, Max Yzaguirre/NA/Enron@ENRON, Beth 
Perlman/HOU/ECT@E",ina.rangel@enron.com,phillip.allen@enron.com,0.6,high,action-required language (+0.07); direct 1:1 email (+0.05); strongly negative/distressed sentiment (+0.15),ham,0.0525,Work,-0.697,0.3,low,False
arnold-j/all_documents/411.,URGENT NOTICE: Executive Impact & Influence 9/21-22 Program - FSD,"Can you handle this please?
---------------------- Forwarded by John Arnold/HOU/ECT on 08/30/2000 03:31 
PM ---------------------------
   
	Enron North America Corp.
	
	From:  Debbie Nowak @ ENRON                           08/30/2000 02:12 PM
	

To: Jeffery Ader/HOU/ECT@ECT, Phillip K Allen/HOU/ECT@ECT, John 
Arnold/HOU/ECT@ECT, Harry Arora/HOU/ECT@ECT, Hap Boyd/EWC/Enron@Enron, Shawn 
Cumberland/ENRON_DEVELOPMENT@ENRON_DEVELOPMENT, Mark Dobler/NA/Enron@Enron, 
Joe Hartsoe/Corp/Enron@ENRON, Paul Kaufman/PDX/ECT@ECT, John 
Lamb/EWC/Enron@ENRON, John J Lavorato/Corp/Enron@Enron, Jeff 
Messina/HOU/EES@EES, Bob Miele/EFS/EES@EES, Jean Mrha/NA/Enron@Enron, MACK 
SHIVELY/ENRON@Gateway, Jude Tatar",ina.rangel@enron.com,john.arnold@enron.com,0.6,high,urgent/critical language (+0.24); direct 1:1 email (+0.05),ham,0.0789,Work,0.771,0.5,medium,False
bass-e/_sent_mail/937.,Texas Gas Trading Employee Appreciation Night,"Did you get this?
---------------------- Forwarded by Eric Bass/HOU/ECT on 03/06/2000 10:11 AM 
---------------------------


Barbara Lewis
03/06/2000 09:00 AM
To: Lauri A Allen/HOU/ECT@ECT, William C Falbaum/HOU/ECT@ECT, Daren J 
Farmer/HOU/ECT@ECT, Edward D Gottlob/HOU/ECT@ECT, Brenda F Herod/HOU/ECT@ECT, 
Gary W Lamphier/HOU/ECT@ECT, Thomas A Martin/HOU/ECT@ECT, Greg 
McClendon/HOU/ECT@ECT, Carey M Metz/HOU/ECT@ECT, Michael W 
Morris/HOU/ECT@ECT, Lee L Papayoti/HOU/ECT@ECT, Jim Schwieger/HOU/ECT@ECT, 
Elsa Villarreal/HOU/ECT@ECT, Jennifer Sabine/HOU/ECT@ECT, Janet H 
Wallis/HOU/ECT@ECT, Kenneth Seaman/HOU/ECT@ECT, Ami Chokshi/Corp/Enron@ENRON, 
Eric Bass/HOU/ECT@ECT
cc:  
Subject: Texas G","david.baumbach@enron.com, o'neal.winfree@enron.com, bryan.hull@enron.com,  michael.walters@enron.com",eric.bass@enron.com,0.4,medium,urgent/critical language (+0.12),ham,0.0614,Work,0.979,0.3,low,False
arnold-j/deleted_items/167.,Follow up for Hardware Request....,"Just emailing to verify that there are no problems with the desktop unit that was deployed to your location on 10-2-01...

Hardware Deployment, 

Ricky Collier",john.arnold@enron.com,ricky.collier@enron.com,0.4,medium,action-required language (+0.07); direct 1:1 email (+0.05),ham,0.1371,Work,0.309,0.3,low,False
bass-e/all_documents/1137.,RE: Engram,"engram is ramiro's 4th receiver, you don't get a starting rb (the 10th best i 
might add) for a backup WR.  

the reason i want engram so bad is b/c i have his qb and i think he will have 
a pretty good year.

by the way engram was picked the 8th round, dillon in the 2nd.

so don't give me any of that




""Bass, Jason"" <Jason.Bass2@COMPAQ.com> on 08/24/2000 07:08:34 AM
To: ""'Eric Bass'"" <Eric.Bass@enron.com>
cc:  
Subject: RE: Engram


Ramiro believes Engram is going to have a very good year.  He needs a
Running Back.  I don't think he is being ridiculous.  Engram may be ranked
30th now, but you obviously believe he is a little better than that or you
wouldn't want him so bad.

Jason Bass
TS",jason.bass2@compaq.com,eric.bass@enron.com,0.3,low,reply/forward chain (-0.05); direct 1:1 email (+0.05),ham,0.0616,Personal,0.838,0.1,low,True
arora-h/deleted_items/55.,Weekend Outage Report for 11-21-01 through 11-25-01,"------------------------------------------------------------------------------------------------------
W E E K E N D   S Y S T E M S   A V A I L A B I L I T Y

F O R

November 21, 2001 5:00pm through November 26, 2001 12:00am
------------------------------------------------------------------------------------------------------

SCHEDULED SYSTEM OUTAGES: 

ARDMORE DATA CENTER - FACILITY OPERATIONS: No Scheduled Outages.

AZURIX: No Scheduled Outages.

EB34 DATA CENTER - FACILITY OPERATIONS: No Scheduled Outages.

EDI SERVER: No Scheduled Outages.
 
EES: 
Impact:  EES
Time:  Sat 11/24/2001 at  10:30:00 PM CT thru Sun 11/25/2001 at  6:30:00 AM CT
	Sat 11/24/2001 at    8:30:00 PM PT thru Sun 11/",,no.address@enron.com,0.7,high,urgent/critical language (+0.24); strongly negative/distressed sentiment (+0.15),ham,0.1122,Other,-0.604,0.2,low,False
baughman-d/all_documents/268.,,"---------------------- Forwarded by Kayne Coulter/HOU/ECT on 03/22/2001 04:51 
PM ---------------------------


Jon Paul Lewis
03/21/2001 09:01 AM
To: Kayne Coulter/HOU/ECT@ECT
cc:  
Subject: 

Kayne,  

We are still having problems in the morning with the Hourly books not being 
flat.  Could you please talk to the guys again and stress the importance of 
flattening the books.  We are having to run our reports multiple times which 
causes us to spend most of our morning dealing with these issues.  Again, I 
think the guys need to know that we have a 12 pm deadline.  If we are late, 
our group gets written up and we have to report why we were late.  

Thanks for you help.

J.P.","don.baughman@enron.com, larry.jester@enron.com, juan.hernandez@enron.com,  narsimha.misra@enron.com",kayne.coulter@enron.com,0.4,medium,urgent/critical language (+0.12),ham,0.0698,Work,0.599,0.6,high,False
baughman-d/inbox/312.,scheduler's by region,"Don,

Wanted to e-mail you what schedulers are doing what regions so your hourly guys will know for scheduling problems.

Cinergy-			Pat Hanse	

TVA/SOCO/Florida/JEA-		Larry Campbell

Comed-				Ashish Mahajan

Entergy-			Gretchen Lotz

MAPP-				Matt Lorenz

PJM-				Lisa Burnett

Nepool-				Anubhav Aggarwal


I back up every region, so when in doubt, they can call me.

Thanks,

Jason",don.baughman@enron.com,jason.choate@enron.com,0.4,medium,direct 1:1 email (+0.05); negative sentiment (+0.08),ham,0.1031,Work,-0.374,0.2,low,False
bass-e/sent/522.,SAP Logon ID and Password,"How do I go about getting my logon id and password?  I seem to have deleted 
the e-mail that was sent out.


Thanks,


Eric Bass 
x30977",sap.coe@enron.com,eric.bass@enron.com,0.3,low,direct 1:1 email (+0.05),ham,0.1205,Personal,0.44,0.4,medium,False
allen-p/deleted_items/204.,"Reminder: JDSU Q1 Earnings Announcement on October 25, 2001","If you cannot read this email, please click here .=20

Earnings.com - JDSU Earnings Detail
Earnings.com =09[IMAGE] =09
=09  JDS Uniphase Corporation(JDSU)              [IMAGE] View Today's Earni=
ngs Announcements        Earnings Date Upcoming Announcement October 25, 20=
01  AFTER MARKET    Add This Event To My Calendar    Upcoming Conference Ca=
ll October 25, 2001 4:30PM [IMAGE]  Add This Event To My Calendar  Last Con=
ference Call July 26, 2001 4:30PM Click To Listen     Note: All times are E=
astern Standard Time (EST)     Consensus EPS Estimate This Qtr Jun 2001 Nex=
t Qtr Sep 2001 This Fiscal Year Jun 2001 Next Fiscal Year Jun 2002 Avg Esti=
matem (mean) $0.01 $0.01 $0.50 $0.13 # of ",pallen@enron.com,webmaster@earnings.com,0.4,medium,action-required language (+0.07); direct 1:1 email (+0.05),ham,0.2665,Other,0.758,0.2,low,False
arnold-j/_sent_mail/403.,Re: waiting,"Expected value of game = 1/2 * 0 + 1/4 * 1 + 1/8 *2 + 1/16 *4 +1/32 * 8+....
       = 0       +.25  +.25 +.25 +.25  +...
       = infinity





""Eva Pao"" <epao@mba2002.hbs.edu> on 05/13/2001 03:11:46 PM
Please respond to <epao@mba2002.hbs.edu>
To: <John.Arnold@enron.com>
cc:  
Subject: waiting




-----Original Message-----
From: John.Arnold@enron.com [mailto:John.Arnold@enron.com]
Sent: Sunday, May 13, 2001 4:37 PM
To: epao@mba2002.hbs.edu
Subject: Re: Extra credit



rules to a game:
You flip a coin. If you get tails you win 0.  if you get heads, i give you
$1.  Keep flipping until you get a tails, at which point you walk away with
the money.  however, each heads you get after the first yo",epao@mba2002.hbs.edu,john.arnold@enron.com,0.4,medium,action-required language (+0.07); reply/forward chain (-0.05); direct 1:1 email (+0.05),ham,0.1529,Personal,0.956,0.2,low,False
arnold-j/sent/499.,Re: Pay all bills with just 1 monthly payment! [y5i64],"fuck you




<mn49@msn.com> on 04/16/2001 11:09:55 AM
Please respond to francielou3224@comic.com
To: uo2fnw@msn.com
cc:  
Subject: Pay all bills with just 1 monthly 
payment!                                                   [y5i64]


  Got debt? We can help using Debt Consolidation!

If you owe $10,000 USD or more, consolidate your debt
into just 1 payment and let us handle the rest!
Wouldn't it be nice to have to worry about just 1
fee instead of half a dozen? We think so too.

- You do not have to own a home
- You do not need another loan
- No credit checks required
- Approval within 3 business days
- Available to all US citizens

For a FREE, no obligation, consultation, please fill
out t",francielou3224@comic.com,john.arnold@enron.com,0.1,low,action-required language (+0.07); 1 exclamation(s) in subject (+0.05); reply/forward chain (-0.05); direct 1:1 email (+0.05); classified as spam (conf=0.53) — priority suppressed (-0.30),spam,0.5322,Personal,0.877,0.1,low,True
allen-p/_sent_mail/137.,,"Lucy,


You wrote fewer checks this month.  Spent more money on Materials and less on 
Labor.


   June  July  August

Total Materials  2929  4085  4801

Services  53  581  464

Labor   3187  3428  2770






Here are my questions on the August bank statement (attached):

1.  Check 1406  Walmart    Description and unit?

2.  Check 1410  Crumps     Detail description and unit?

3.  Check 1411  Lucy      What is this?

4.  Check 1415  Papes      Detail description and units?

5.  Checks 1416, 1417, and 1425  Why overtime?

6.  Check 1428    Ralph's   What unit?

7.  Check 1438    Walmart?    Description and unit?  


Try and pull together the support for these items and get back to me.

Philli",stagecoachmama@hotmail.com,phillip.allen@enron.com,0.3,low,direct 1:1 email (+0.05),ham,0.1291,Personal,0.566,0.4,medium,False
bass-e/notes_inbox/266.,Gas Fundamentals Website Update,"---------------------- Forwarded by Laura Harder/Corp/Enron on 11/28/2000 
08:47 AM ---------------------------
   
	Enron North America Corp.
	
	From:  Amanda Huble                           11/28/2000 08:46 AM
	

To: Becky Young/NA/Enron@Enron, Laura Harder/Corp/Enron@Enron, Jessica 
Presas/Corp/Enron@ENRON, Ina Rangel/HOU/ECT@ECT, Airam Arteaga/HOU/ECT@ECT, 
Kimberly Brown/HOU/ECT@ECT
cc:  

Subject: Gas Fundamentals Website Update

Please forward to your groups!

Thank you, 
Amanda Huble 
---------------------- Forwarded by Amanda Huble/NA/Enron on 11/28/2000 08:42 
AM ---------------------------


David Dronet
11/28/2000 08:41 AM
To: Amanda Huble/NA/Enron@Enron
cc:  

Subject: Gas Funda","thomas.martin@enron.com, jim.schwieger@enron.com, james.mckay@enron.com,  greg.mcclendon@enron.com, elsa.villarreal@enron.com, daren.farmer@enron.com, liz.bellamy@enron.com, stacey.neuweiler@enron.com, carey.metz@enron.com, gary.lamphier@enron.com, danny.conner@enron.com, eric.bass@enron.com, edward.gottlob@enron.com, lauri.allen@enron.com, janet.wallis@enron.com",laura.harder@enron.com,0.2,low,broadcast to 15 recipients (-0.12),ham,0.1083,Work,0.873,0.2,low,True
allen-p/_sent_mail/476.,,"Lucy,

Here are few questions regarding the 2/16 rentroll:

#2  Has she actually paid the $150 deposit.  Her move in date was 2/6.  It is 
not on any rentroll that I can see.

#9  Explain again what deposit and rent is transferring from #41 and when she 
will start paying on #9

#15  Since he has been such a good tenant for so long.  Stop trying to 
collect the $95 in question.

#33  Missed rent.  Are they still there?

#26  I see that she paid a deposit.  But the file says she moved in on 1/30.  
Has she ever paid rent?  I can't find any on the last three deposits.

#44  Have the paid for February?  There is no payment since the beginning of 
the year.

#33  You email said they paid $140 on",stagecoachmama@hotmail.com,phillip.allen@enron.com,0.6,high,urgent/critical language (+0.12); direct 1:1 email (+0.05); strongly negative/distressed sentiment (+0.15),ham,0.123,Work,-0.885,0.4,medium,False
arnold-j/sent/626.,Enron Mentions - 03-04-01,"---------------------- Forwarded by John Arnold/HOU/ECT on 03/06/2001 07:48 
AM ---------------------------
From: Ann M Schmidt@ENRON on 03/05/2001 08:23 AM
To: Ann M Schmidt/Corp/Enron@ENRON
cc:  (bcc: John Arnold/HOU/ECT)
Subject: Enron Mentions - 03-04-01

Utility Deregulation: Square Peg, Round Hole?
The New York Times, 03/04/01

3 Executives Considered to Head Military
Los Angeles Times, 03/04/01

Bush leaning toward execs for military
The Seattle Times, 03/04/01

Enron's Chief Denies Role as Energy Villain / Critics regard Kenneth Lay as 
deregulation opportunist
The San Francisco Chronicle, 03/04/01

Enron boss says he's not to blame for profits in energy crisis
Associated Press Newsw",greg.whalley@enron.com,john.arnold@enron.com,0.6,high,urgent/critical language (+0.12); direct 1:1 email (+0.05); strongly negative/distressed sentiment (+0.15),ham,0.1001,Other,-0.904,0.2,low,False
baughman-d/inbox/4.,RE: directories,"Don,

Please determine if you want the following information

Rika 
M:\Electric\Transmission		

 -----Original Message-----
From: 	Bailey, Debra  
Sent:	Wednesday, February 06, 2002 2:30 PM
To:	Furrow, Dale
Cc:	Will, Lloyd; Bentley, Corry; Imai, Rika
Subject:	directories 

Dale,

I checked the following directories you requested in our meeting today.  See my notes below:

M:\Electric\Genco			All of the Genco files must stay with the estate
M:\Electric\NERC Reports		Rika Imai will move over to UBS
M:\Electric\Transmission		Rika Imai will move over to UBS
M:\eServices\Genco			All of the Genco files must stay with the estate
M:\Electric\MidMarket\Transmission Info 
M:\Electric\MidMarket\Transmi","debra.bailey@enron.com, don.baughman@enron.com",rika.imai@enron.com,0.2,low,reply/forward chain (-0.05),ham,0.0972,Work,0.856,0.3,low,True
arnold-j/deleted_items/698.,Weekend Outage Report for 11-21-01 through 11-25-01,"------------------------------------------------------------------------------------------------------
W E E K E N D   S Y S T E M S   A V A I L A B I L I T Y

F O R

November 21, 2001 5:00pm through November 26, 2001 12:00am
------------------------------------------------------------------------------------------------------

SCHEDULED SYSTEM OUTAGES: 

ARDMORE DATA CENTER - FACILITY OPERATIONS: No Scheduled Outages.

AZURIX: No Scheduled Outages.

EB34 DATA CENTER - FACILITY OPERATIONS: No Scheduled Outages.

EDI SERVER: No Scheduled Outages.
 
EES: 
Impact:  EES
Time:  Sat 11/24/2001 at  10:30:00 PM CT thru Sun 11/25/2001 at  6:30:00 AM CT
	Sat 11/24/2001 at    8:30:00 PM PT thru Sun 11/",,no.address@enron.com,0.7,high,urgent/critical language (+0.24); strongly negative/distressed sentiment (+0.15),ham,0.1122,Other,-0.604,0.2,low,False
bass-e/all_documents/592.,Re: WE HAVE THE TICKETS!!!!!!!!!,"Paul Broderick just said he would ask Paul Burkhart.  He'd be good as well.


   
	
	
	From:  Eric Bass @ ECT                           11/13/2000 10:56 AM
	

To: Luis Mena/NA/Enron@ENRON
cc: Michael Simmons/HOU/ECT@ECT 

Subject: Re: WE HAVE THE TICKETS!!!!!!!!!  

Chris is out - so we need to find another.  
I don't care when we do practice, but all I am saying is the more the better!



Luis Mena@ENRON
11/13/2000 10:41 AM
To: Eric Bass/HOU/ECT@ECT
cc: Michael Simmons/HOU/ECT@ECT 
Subject: Re: WE HAVE THE TICKETS!!!!!!!!!  

How about a practice on Wednesday and a scrimmage with the other UT team on 
Thu??  I think that would produce the best results.


   
	
	
	From:  Eric Bass @ ECT     ",eric.bass@enron.com,luis.mena@enron.com,0.6,high,urgent/critical language (+0.12); action-required language (+0.07); 9 exclamation(s) in subject (+0.10); reply/forward chain (-0.05); direct 1:1 email (+0.05),ham,0.0645,Personal,0.973,0.2,low,False
baughman-d/inbox/120.,Fire Drill Scheduled,"As required by the Houston Fire Department, a fire drill has been scheduled for the Enron Center Campus.


	Enron Center North, 1400 Smith St., approximately  3:15 PM on Thursday, December 20th, 2001

	Enron Center South, 1500 Louisiana St., approximately 3:45 PM on Thursday, December 20th, 2001

Please advise all clients, contractors, and visitors that this will be a fire drill only. The fire alarm will sound at 3:15 PM in Enron Center North and 3:45 PM in Enron Center South. You will be asked to go to the stairwell and standby.  Do not go into the stairwell.  Further instructions will be given over the public address system.  If you experience any difficulties in hearing either the fire al",,no.address@enron.com,0.5,medium,action-required language (+0.07); strongly negative/distressed sentiment (+0.15),ham,0.1054,Work,-0.869,0.4,medium,True
arnold-j/_sent_mail/716.,re: options,"Mr Sturm:
Due to the California power crisis, Enron Gas Trading is unable to extend 
sell authorization on options to Enron Power Trading.  Please call if you 
should desire to sell any options and credit will be extended on a 
trade-by-trade basis.  We apologize for any inconvience.
Sincerely:
John Arnold
Vice President, Gas Trading
Enron North America
---------------------- Forwarded by John Arnold/HOU/ECT on 02/05/2001 12:55 
PM ---------------------------


Larry May@ENRON
02/05/2001 12:51 PM
To: Stephanie Sever/HOU/ECT@ECT
cc: John Arnold/HOU/ECT@ECT, Fletcher J Sturm/HOU/ECT@ECT 
Subject: re: options

Please enable Flecther Sturm to sell options","fletcher.sturm@enron.com, larry.may@enron.com",john.arnold@enron.com,0.4,medium,urgent/critical language (+0.12); reply/forward chain (-0.05),ham,0.0645,Work,0.84,0.6,high,False
bass-e/all_documents/479.,PreBid Meeting - Time Change,"The Pre-Bid Meeting has been moved to 3:00 on Tues, 11/21 ... it's still in 
EB30c1 though.

Laura","thomas.martin@enron.com, jim.schwieger@enron.com, james.mckay@enron.com,  greg.mcclendon@enron.com, elsa.villarreal@enron.com, daren.farmer@enron.com, lauri.allen@enron.com, eric.bass@enron.com, gary.lamphier@enron.com, danny.conner@enron.com, janet.wallis@enron.com, carey.metz@enron.com, stacey.neuweiler@enron.com, liz.bellamy@enron.com, edward.gottlob@enron.com",laura.harder@enron.com,0.2,low,broadcast to 15 recipients (-0.12),ham,0.0967,Work,0.0,0.3,low,True
bass-e/notes_inbox/246.,Great News from Ameritrade!,"Dear Eric Bass,

Great news! You now have even more reasons to open
another Ameritradec account.

HURRY - LIMITED TIME OFFER 25 FREE TRADES AND 2
ROUND-TRIP TICKETS.
Open an additional account by January 2, 2001, and
you'll get 25 commission-free Internet equity trades
in your first month and receive two round-trip
tickets to Hawaii, Mexico, or London when you
purchase a 7-night stay at a participating hotel.
You'll also get a phone card with 60 minutes of free
long distance.  Learn more today.http://redir.cq0.net/r/default.aspTIME IS=
=20
RUNNING OUT - BEAT THE END OF YEAR TAX RUSH!
You=01,re managing your other investments, why not your
IRA? It=01,s the perfect time to open your new IRA wi",ebass@enron.com,ameritrade_011407@ameritrade.customer-email.com,0.6,high,urgent/critical language (+0.24); 1 exclamation(s) in subject (+0.05); direct 1:1 email (+0.05),ham,0.3202,Other,0.981,0.1,low,False
allen-p/sent/101.,TIME SENSITIVE: Executive Impact & Influence Program Survey,"---------------------- Forwarded by Phillip K Allen/HOU/ECT on 09/06/2000 
02:01 PM ---------------------------


Enron-admin@FSDDataSvc.com on 09/06/2000 10:12:33 AM
To: pallen@enron.com
cc:  
Subject: TIME SENSITIVE: Executive Impact & Influence Program Survey


Executive Impact & Influence Program
* IMMEDIATE ACTION REQUIRED - Do Not Delete *

As part of the Executive Impact and Influence Program, each participant
is asked to gather input on the participant's own management styles and
practices as experienced by their immediate manager, each direct report,
and up to eight peers/colleagues.

You have been requested to provide feedback for a participant attending
the next program.  Your inp",ina.rangel@enron.com,phillip.allen@enron.com,0.7,high,urgent/critical language (+0.24); action-required language (+0.07); direct 1:1 email (+0.05),ham,0.1346,Other,0.145,0.6,high,True
arnold-j/all_documents/150.,,"remember when you said there is a reason they call them bear spreads?

bring up a chart of f/g or g/h.   
f/g is tighter now than anytime since march 99 when ff1 was worth 2.50


amazing",greg.whalley@enron.com,john.arnold@enron.com,0.3,low,direct 1:1 email (+0.05),ham,0.1528,Work,0.691,0.3,low,True
bass-e/deleted_items/125.,Breaking news from NewsMax,"Dear Americans,

Below is an important email from Newsmax. Check it out.

For America,

Bruce Eberle

----Original Message-----
From: Newmax.com
To: Bruce Eberle

Breaking News from NewsMax

Where Will War Break Out Next?

Israel? Korea's DMZ? Kasmir?

That's the question NewsMax magazine tries to answer in its
exciting February issue with its cover story ""Exploding
Conflicts.""

Former Stars & Stripes editor Dave Eberhart reveals in
NewsMax magazine that the world is a much more dangerous
place in the wake of 9-11.

If you want to be ahead of the curve as to the next crisis,
you can be - by subscribing to NewsMax magazine.

Plus there's much more in NewsMax magazine, including:

* Hillary's ",ebass@enron.com,info@millionsofamericans.com,0.6,high,urgent/critical language (+0.12); direct 1:1 email (+0.05); strongly negative/distressed sentiment (+0.15),ham,0.2648,Other,-0.951,0.2,low,False
arnold-j/sent/781.,Re: 24x7 Emergency Services,"take me off your mailing list




""Piping Technology & Products, Inc."" <enews@mail.pipingtech.com> on 
01/02/2001 04:59:48 PM
To: <ptp-announcetemp@mail.pipingtech.com>
cc:  
Subject: 24x7 Emergency Services






U.S. Bellows/PT&P: Manufacturer of Expansion Joints, Compensators and more.

December  2000


[IMAGE]



www.pipingtech.com? |? www.usbellows.com? | www.swecofab.com?  




U.S. Bellows Responds to Emergency  Order from Alaska Nitrogen Products, LLC 
for a 48"" Dia. Expansion  Joint
U.S.  Bellows, Inc., the expansion joint division of Piping  Technology & 
Products, Inc., has once again shown its  dedication and devotion to its 
customers by rushing to the emergency  call of Alaska ",enews@mail.pipingtech.com,john.arnold@enron.com,0.7,high,urgent/critical language (+0.24); reply/forward chain (-0.05); direct 1:1 email (+0.05); strongly negative/distressed sentiment (+0.15),ham,0.1395,Other,-0.923,0.1,low,False
arnold-j/_sent_mail/522.,option candlesticks as a hot link,"---------------------- Forwarded by John Arnold/HOU/ECT on 04/06/2001 12:57 
PM ---------------------------


SOblander@carrfut.com on 04/06/2001 08:36:38 AM
To: soblander@carrfut.com
cc:  
Subject: option candlesticks as a hot link


The information contained herein is based on sources that we believe to be
reliable, but we do not represent that it is accurate or complete.  Nothing
contained herein should be considered as an offer to sell or a solicitation
of an offer to buy any financial instruments discussed herein.  Any
opinions expressed herein are solely those of the author.  As such, they
may differ in material respects from those of, or expressed or published by
on behalf of Carr Fut",john.griffith@enron.com,john.arnold@enron.com,0.3,low,direct 1:1 email (+0.05),ham,0.1761,Other,0.82,0.3,low,True
bailey-s/deleted_items/337.,New Round of Demand Letters?,"I'm getting my head above water WRT the demand letters we sent in early March and all the associated fallout from those letters.  Preparing for our next move to bring in more cash.  We can send more demand letters for Mar02 non-paid invoices (don't know yet how many there are) and/or pursue default interest payments associated w/ the previous demand letter payments.

Sara and Angelo, let's get together to plot out our next actions.  I'll set up a meeting. 


Louis R. DiCarlo
ENA Gas Structuring
Phone: 713-345-4666
Email: louis.dicarlo@enron.com","sara.shackleton@enron.com, angelo.miroballi@enron.com",louis.dicarlo@enron.com,0.5,medium,urgent/critical language (+0.12); question in subject (+0.04),ham,0.1364,Work,-0.075,0.6,high,False
arnold-j/all_documents/356.,,"Ben:
Jeff Shankman gave me your name.  I have assumed Jeff's old responsibilities 
as head of the natural gas derivatives trading group.  Our broker, EDF MAN, 
supplies us with $50 million of margin financing every night.  They are 
trying to clean up their books for end of quarter and/or year on Sep 30.  
They have asked if we can post the $50 million overnight on the 30th.  We did 
this last year as well.   Please advise,
John",ben.glisan@enron.com,john.arnold@enron.com,0.4,medium,action-required language (+0.07); direct 1:1 email (+0.05),ham,0.1021,Work,0.823,0.7,high,False
baughman-d/deleted_items/293.,Re: dead eye dick!,"I wonder is she's related to Linda.....

(Linda Hendersen is a lady that lives in Elkhart Texas and leases from
Bat's father in law.  She not only shoots quality deer year in and year
out, but she even shot someone's beagle and called the number on the dead
dog's tags to complain that her morning hunt had been messed up.)


To:   mark@ddevelopment.com, Andy.hayes@cybersafe.com,
      DLansford@mccmail.com, Don.Baughman@enron.com,
      greadyhunter@hotmail.com, johnc@jcclayton.com, Kenneth D.
      Schall@ANDERSEN WO, mnewman@reliant.com, hrcwc@ntws.net
cc:
Date: 12/18/2001 02:01 PM
From: batoggero@yahoo.com
Subject:  dead eye dick!


check it out:
http://dailynews.yahoo.com/h/nm/20011217/od",batoggero@yahoo.com,kenneth.d.schall@us.andersen.com,0.6,high,action-required language (+0.07); 1 exclamation(s) in subject (+0.05); reply/forward chain (-0.05); direct 1:1 email (+0.05); strongly negative/distressed sentiment (+0.15),ham,0.2439,Personal,-0.939,0.2,low,False
bass-e/sent/353.,Re: RB?,Tony Richardson and Wayne Chrebet for Antonio Freeman?,steve.venturatos@enron.com,eric.bass@enron.com,0.3,low,reply/forward chain (-0.05); question in subject (+0.04); direct 1:1 email (+0.05),ham,0.1366,Personal,0.47,0.1,low,True
arnold-j/all_documents/860.,Enron Mentions - 03-04-01,"---------------------- Forwarded by John Arnold/HOU/ECT on 03/06/2001 07:48 
AM ---------------------------
From: Ann M Schmidt@ENRON on 03/05/2001 08:23 AM
To: Ann M Schmidt/Corp/Enron@ENRON
cc:  (bcc: John Arnold/HOU/ECT)
Subject: Enron Mentions - 03-04-01

Utility Deregulation: Square Peg, Round Hole?
The New York Times, 03/04/01

3 Executives Considered to Head Military
Los Angeles Times, 03/04/01

Bush leaning toward execs for military
The Seattle Times, 03/04/01

Enron's Chief Denies Role as Energy Villain / Critics regard Kenneth Lay as 
deregulation opportunist
The San Francisco Chronicle, 03/04/01

Enron boss says he's not to blame for profits in energy crisis
Associated Press Newsw",greg.whalley@enron.com,john.arnold@enron.com,0.6,high,urgent/critical language (+0.12); direct 1:1 email (+0.05); strongly negative/distressed sentiment (+0.15),ham,0.1001,Other,-0.904,0.2,low,False
allen-p/_sent_mail/34.,,"Griff,

It is bidweek again.  I need to provide view only ID's to the two major publications that post the monthly indeces.  Please email an id and password to the following:

Dexter Steis at Natural Gas Intelligence-	dexter@intelligencepress.com

Liane Kucher at Inside Ferc-  lkuch@mh.com

Bidweek is under way so it is critical that these id's are sent out asap.

Thanks for your help,

Phillip Allen",mary.gray@enron.com,phillip.allen@enron.com,0.6,high,urgent/critical language (+0.24); direct 1:1 email (+0.05),ham,0.1328,Work,0.873,0.7,high,True
allen-p/notes_inbox/42.,Investors Alliance MF Survey for San Marcos,- Inv Alliance MF Survey of SMarcos.pdf,pallen@enron.com,cbpres@austin.rr.com,0.3,low,direct 1:1 email (+0.05),ham,0.1377,Work,0.0,0.2,low,True
arnold-j/sent_items/206.,RE: aga,"cost about 200,000-300,000

	our internal estimates were in the 102-106 range, so no.  i think pira overestimating the gas gen burn for the week.  problem is there is no real good burn for at least two weeks going forward.  we've dropped $1.5 in a couple months and havent picked up an mmbtu of demand.  that's a big problem

 -----Original Message-----
From: 	Fraser, Jennifer  
Sent:	Thursday, June 21, 2001 6:36 AM
To:	Arnold, John
Subject:	aga

1- did the intern help or hurt you?
2- do u buy PIRA's suggestion a correction is looming?",jennifer.fraser@enron.com,john.arnold@enron.com,0.4,medium,reply/forward chain (-0.05); direct 1:1 email (+0.05); strongly negative/distressed sentiment (+0.15),ham,0.0889,Work,-0.868,0.3,low,False
arnold-j/_sent_mail/195.,Re: .exe file - infomercial,"Agree completely.  In that context, it looks good.




Louise Kitchen
09/14/2000 06:20 PM
To: John Arnold/HOU/ECT@ECT
cc:  
Subject: Re: .exe file - infomercial  

It was something for the web-site but we are thinking its a bit arrogant for 
our counterparts so probably just use it internally or trade shows.



John Arnold
14/09/2000 16:24
To: Louise Kitchen/HOU/ECT@ECT
cc:  

Subject: Re: .exe file - infomercial  

Who's the target audience and how is it being distributed?



Louise Kitchen
09/14/2000 11:50 AM
To: Hunter S Shively/HOU/ECT@ECT, John J Lavorato/Corp/Enron@Enron, John 
Arnold/HOU/ECT@ECT
cc: Andy Zipper/Corp/Enron@Enron, gwhalle@enron.com 
Subject: .exe file - infomercial

Jus",louise.kitchen@enron.com,john.arnold@enron.com,0.4,medium,reply/forward chain (-0.05); direct 1:1 email (+0.05); negative sentiment (+0.08),ham,0.1008,Work,-0.452,0.3,low,False
baughman-d/inbox/213.,Your mailbox is over its size limit,"Your mailbox has exceeded one or more size limits set by your administrator.
Your mailbox size is 112845 KB.
Mailbox size limits:
	You will receive a warning when your mailbox reaches 75000 KB.
	You cannot send mail when your mailbox reaches 100000 KB.You may not be able to send or receive new mail until you reduce your mailbox size.
To make more space available, delete any items that you are no longer using or move them to your personal folder file (.pst). 
Items in all of your mailbox folders including the Deleted Items and Sent Items folders count against your size limit.  
You must empty the Deleted Items folder after deleting items or the space will not be freed.
See client Help for mor",don.baughman@enron.com,system.administrator@enron.com,0.4,medium,direct 1:1 email (+0.05); negative sentiment (+0.08),ham,0.2092,Other,-0.551,0.5,medium,True
arnold-j/_sent_mail/777.,Re: 24x7 Emergency Services,"take me off your mailing list




""Piping Technology & Products, Inc."" <enews@mail.pipingtech.com> on 
01/02/2001 04:59:48 PM
To: <ptp-announcetemp@mail.pipingtech.com>
cc:  
Subject: 24x7 Emergency Services






U.S. Bellows/PT&P: Manufacturer of Expansion Joints, Compensators and more.

December  2000


[IMAGE]



www.pipingtech.com? |? www.usbellows.com? | www.swecofab.com?  




U.S. Bellows Responds to Emergency  Order from Alaska Nitrogen Products, LLC 
for a 48"" Dia. Expansion  Joint
U.S.  Bellows, Inc., the expansion joint division of Piping  Technology & 
Products, Inc., has once again shown its  dedication and devotion to its 
customers by rushing to the emergency  call of Alaska ",enews@mail.pipingtech.com,john.arnold@enron.com,0.7,high,urgent/critical language (+0.24); reply/forward chain (-0.05); direct 1:1 email (+0.05); strongly negative/distressed sentiment (+0.15),ham,0.1395,Other,-0.923,0.1,low,False
arnold-j/sent_items/208.,RE: one more thing to consider,"economy starts looking better when energy costs fall 30-50%

-----Original Message-----
From: Fraser, Jennifer 
Sent: Monday, June 25, 2001 5:51 AM
To: Arnold, John
Subject: one more thing to consider


the economic picture is not rosy. it's hard to see hoe we get the miracle recovery in q3 or even q4. Have you formed an opinion on this?

-----Original Message-----
From: Arnold, John 
Sent: Sunday, June 24, 2001 12:03 PM
To: Fraser, Jennifer
Subject: RE: aga


no, the opposite.  saying price drop hasnt brought us closer to equilibrium.  we absolutley cant continue this loss of demand, otherwise we end up at 3.2 and the industry doesnt want to /cant end up there.   thus you must pick up at le",jennifer.fraser@enron.com,john.arnold@enron.com,0.3,low,reply/forward chain (-0.05); direct 1:1 email (+0.05),ham,0.0898,Personal,0.642,0.3,low,True
bass-e/discussion_threads/1059.,Hurry! Free Shipping Ends December 10th,"[IMAGE]
?
[IMAGE]


[IMAGE]              


?

?

?


Dear                     Amazon Customer,

                     There's no doubt about it, the holidays are  here. And 
at Amazon.com  we're celebrating like only we know how--with free        
shipping! Place your order for over $100, and now through  
Sunday,                     December 10, we'll ship your items for  free. 

Don't                     worry,  with our great ""EMAHTSKCBLVDT""*  selection, 
you'll have no problem finding the perfect  gifts                     and 
shipping them for free. But be sure to  hurry--you must                     
place your orders by next Sunday,  December 10, to take                     
advantag",ebass@enron.com,holiday2@amazon.com,0.4,medium,1 exclamation(s) in subject (+0.05); direct 1:1 email (+0.05),ham,0.2447,Other,0.996,0.1,low,False
allen-p/_sent_mail/186.,ENA Management Committee,"---------------------- Forwarded by Phillip K Allen/HOU/ECT on 08/16/2000 
10:58 AM ---------------------------
   
	
	
	From:  David W Delainey                           08/15/2000 01:28 PM
	

Sent by: Kay Chapman
To: Tim Belden/HOU/ECT@ECT, Kevin M Presto/HOU/ECT@ECT, John 
Arnold/HOU/ECT@ECT, Scott Neal/HOU/ECT@ECT, Hunter S Shively/HOU/ECT@ECT, 
Phillip K Allen/HOU/ECT@ECT, Janet R Dietrich/HOU/ECT@ECT, Christopher F 
Calger/PDX/ECT@ECT, W David Duran/HOU/ECT@ECT, Raymond Bowen/HOU/ECT@ECT, 
Jeff Donahue/HOU/ECT@ECT, Brian Redmond/HOU/ECT@ECT, C John 
Thompson/Corp/Enron@ENRON, Scott Josey/Corp/Enron@ENRON, Rob 
Milnthorp/CAL/ECT@ECT, Max Yzaguirre/NA/Enron@ENRON, Beth 
Perlman/HOU/ECT@E",ina.rangel@enron.com,phillip.allen@enron.com,0.6,high,action-required language (+0.07); direct 1:1 email (+0.05); strongly negative/distressed sentiment (+0.15),ham,0.0525,Work,-0.697,0.3,low,False
arnold-j/all_documents/582.,FW: COB 05.15.01 PNL Estimate,"-----Original Message-----
From:  Hayden, Frank  
Sent: Tuesday, May 15, 2001 4:35 PM
To: Lavorato, John; Kitchen, Louise
Cc: Port, David; Gorny, Vladimir
Subject: COB 05.15.01 PNL Estimate

The gas desk lost $13MM. West desk made $56MM, financial desk lost $45MM.

East Power lost 10MM
West power lost approx 5MM


Frank",john.arnold@enron.com,frank.hayden@enron.com,0.7,high,urgent/critical language (+0.24); reply/forward chain (-0.05); direct 1:1 email (+0.05); strongly negative/distressed sentiment (+0.15),ham,0.0799,Work,-0.71,0.5,medium,False
baughman-d/deleted_items/39.,,The recruiter with the Houston based origination job with a NY bank is Andrea Stein 212 704-9900,don.baughman@enron.com,carl.tricoli@enron.com,0.3,low,direct 1:1 email (+0.05),ham,0.1579,Work,0.0,0.2,low,True
bass-e/all_documents/2011.,,http://houston.citysearch.com/profile?fid=11&id=11400980,shanna.husser@enron.com,eric.bass@enron.com,0.3,low,direct 1:1 email (+0.05),ham,0.2007,Personal,0.0,0.1,low,True
allen-p/deleted_items/383.,Your Approval is Overdue: Access Request for matt.smith@enron.com,"This request has been pending your approval for  33 days.  Please click http://itcapps.corp.enron.com/srrs/auth/emailLink.asp?ID=000000000067320&Page=Approval to review and act upon this request.





Request ID          : 000000000067320
Request Create Date : 10/11/01 10:24:53 AM
Requested For       : matt.smith@enron.com
Resource Name       : Risk Acceptance Forms Local Admin Rights - Permanent
Resource Type       : Applications",k..allen@enron.com,arsystem@mailman.enron.com,0.5,medium,urgent/critical language (+0.12); direct 1:1 email (+0.05),ham,0.2258,Work,0.888,0.5,medium,True
arnold-j/all_documents/379.,Re: ??,"I'm actually trying to go through all my email from the week.  What a pain in 
the ass.  As soon as I finish one, another appears in my inbox.  So how's 
life at ucla?




Eleanor Fraser <efraser@anderson.ucla.edu> on 09/14/2000 06:07:11 PM
To: John.Arnold@enron.com
cc:  
Subject: Re: ??


I think Yelena put a hit out on me all the way from Chicago
for sending those pictures!  I had no idea they would open
right away--they were supposed to be attachments.  Oops.  I
thought they were quite cute.

How are ya?  And what are you doing at work--I thought you
gas guys all left at 3!
:-) elf

On Thu, 14 Sep 2000 John.Arnold@enron.com wrote:

>
> why would i be???
>
>
>
>
> Eleanor Fraser <efraser@a",efraser@anderson.ucla.edu,john.arnold@enron.com,0.6,high,urgent/critical language (+0.12); reply/forward chain (-0.05); question in subject (+0.04); direct 1:1 email (+0.05); strongly negative/distressed sentiment (+0.15),ham,0.0844,Personal,-0.793,0.2,low,False
bass-e/inbox/265.,[Footballguys] Update # 192 - Updated Players in the News,"Just a few more late breaking stories for those that can tweak their 
lineups up until gametime.  Best of luck to everyone that is playing 
for their Championship this week.

***********************************************************

Quarterbacks in the News:

Rob Johnson (Buf) is out this week with a bruised shoulder and ego.  
Alex Van Pelt will again start in his place.

Scott Mitchell (Cin) is doubtful this week.  He is not expected to 
play.  Jon Kitna will start as usual.

Mike McMahon (Det) is still wearing the protective boot and has not 
practiced all week.  He is unlikely to play.  Ty Detmer will start if 
McMahon cannot go. McMahon appears on the injury report as 
questionable w",cheatsheets@yahoogroups.com,bryant@cheatsheets.net,0.5,medium,direct 1:1 email (+0.05); strongly negative/distressed sentiment (+0.15),ham,0.0845,Other,-0.943,0.2,low,False
baughman-d/power/cinergy_index/100.,Megawatt Daily Into Cinergy Hourly Index,"Don,

I am glad that we had a chance to talk this morning. I am pleased that I
have your support for our Into Cinergy hourly index.

I am attaching the draft of our methodology and our confidentiality
agreement. Pleased forward your comments and/or suggestions.

I look forward to working with you and meeting you.

Thank you,

Lisa Lawson
Markets Editor
Megawatt Daily
713-939-5802
llawson@ftenegy.com

>
>
>  <<HourlyMeth010801.doc>>  <<ConfidAgreemen.DOC>>
>
>

 - HourlyMeth010801.doc 
 - ConfidAgreemen.DOC",don.baughman@enron.com,llawson@ftenergy.com,0.3,low,direct 1:1 email (+0.05),ham,0.114,Work,0.953,0.3,low,True
allen-p/inbox/38.,Your Approval is Overdue: Access Request for matt.smith@enron.com,"This request has been pending your approval for  13 days.  Please click http://itcapps.corp.enron.com/srrs/auth/emailLink.asp?ID=000000000067320&Page=Approval to review and act upon this request.





Request ID          : 000000000067320
Request Create Date : 10/11/01 10:24:53 AM
Requested For       : matt.smith@enron.com
Resource Name       : Risk Acceptance Forms Local Admin Rights - Permanent
Resource Type       : Applications",k..allen@enron.com,arsystem@mailman.enron.com,0.5,medium,urgent/critical language (+0.12); direct 1:1 email (+0.05),ham,0.2258,Work,0.888,0.5,medium,True
baughman-d/calendar/1.,Kevin Burns,"Review available services with OATI for East, West & Canada.","lloyd.will@enron.com, debra.bailey@enron.com, corry.bentley@enron.com,  don.baughman@enron.com",lloyd.will@enron.com,0.3,low,,ham,0.133,Work,0.0,0.3,low,True
allen-p/sent_items/69.,,"Griff,

It is bidweek again.  I need to provide view only ID's to the two major publications that post the monthly indeces.  Please email an id and password to the following:

Dexter Steis at Natural Gas Intelligence-	dexter@intelligencepress.com

Liane Kucher at Inside Ferc-  lkuch@mh.com

Bidweek is under way so it is critical that these id's are sent out asap.

Thanks for your help,

Phillip Allen",mary.gray@enron.com,phillip.allen@enron.com,0.6,high,urgent/critical language (+0.24); direct 1:1 email (+0.05),ham,0.1328,Work,0.873,0.7,high,True
bass-e/notes_inbox/473.,URGENT: Help Preserve the Bush Victory,"Emergency funds needed: https://secure.apk.net/gb/contribute.html

On Election Night, George W. Bush won the most votes in Florida.
Not surprisingly, Al Gore's campaign did not like the result.  They
immediately dispatched lawyers to Florida and had a Washington
lobbyist raise $3 million in one day to fund Gore's Florida operation.

Unfortunately, the Gore camp refuses to accept the Election Night
count or the 2nd computer count or even, in some instances, a 3rd
computer count.  Now they want a hand count, even though computer
counts are more precise and objective.  On top of that, they have only
asked for hand counts in counties that are overwhelmingly Democratic.

We have the high ground. ",ebass@enron.com,bushnews@georgewbush.com,0.6,high,urgent/critical language (+0.24); direct 1:1 email (+0.05),ham,0.2718,Other,0.993,0.2,low,False
baughman-d/all_documents/8.,"The TradersNews Cinergy, Entergy and AEP hourly indexes have been","The daily indexes will post by 3:45 p.m. CT  today.
?
Please join us at our Happy Hour at Day of the  Trader on Dec. 7, from 
3:30-7:30, at the Aladdin Resort & Casino in Las  Vegas. (See attached 
invitation.) Feel free to pass this along to any of your  colleagues who plan 
to attend the conference.
?
If you're not already a subscriber to TradersNews  Power, you may?access our 
hourly, daily and term indexes by?logging on  to www.tradersnewspower.com
.?Click  on any of the indexes to sign up for a 30-day free trial. You'll 
receive outage  information and Eastern market commentary, as well.
?
We're collecting historical prices and volumes for  TVA, ComEd and SPP, in 
preparation for an?imp","michael.weinstein@ipgdirect.com, jeff.maack@ipgdirect.com,  suzanna.strangmeier@ipgdirect.com, ellen.clardy@ipgdirect.com, rich.heidorn@ipgdirect.com",bobette.riner@ipgdirect.com,0.4,medium,urgent/critical language (+0.12),ham,0.1521,Other,0.983,0.2,low,False
baughman-d/discussion_threads/269.,Flat books,"It is imperative that we have our books flat by 6:00 a.m..  This problem is 
not going to go away.  We need to make sure that before we go home no matter 
what shift you are working that these books are flat, NO EXCUSES.  Everyone 
must contribute and be aware of keeping all the books flat.  Day shift should 
have all their positions flat and if not flat, you need to leave the night 
shift with proper information so that they can flatten out the position.  
Night shift should run the scheduling activity report for each region and 
make sure that every book is flat by 6:00 a.m.  AGAIN THERE ARE NO EXCUSES.","john.kinser@enron.com, rudy.acevedo@enron.com, juan.hernandez@enron.com,  miguel.garcia@enron.com, joe.stepenovitch@enron.com, joe.errigo@enron.com, doug.miller@enron.com, larry.campbell@enron.com, keller.mayeaux@enron.com, chad.starnes@enron.com, dean.laurent@enron.com, don.baughman@enron.com, christopher.watts@enron.com, steve.olinde@enron.com, larry.jester@enron.com, juan.padron@enron.com, benjamin.rogers@enron.com, narsimha.misra@enron.com, patrick.hanse@enron.com, huong.ta@enron.com, mauricio.trejo@enron.com, dustin.collins@enron.com",kayne.coulter@enron.com,0.3,low,broadcast to 22 recipients (-0.12); strongly negative/distressed sentiment (+0.15),ham,0.1478,Work,-0.687,0.7,high,False
bass-e/_sent_mail/221.,Fantast Basketball DRAFT TODAY @ 10:30,"Tell me if you are in on the draft at 10:30.  To draft you need to go to the 
website and click on draft - go to the draft room.
---------------------- Forwarded by Eric Bass/HOU/ECT on 10/31/2000 08:23 AM 
---------------------------
   
	Enron North America Corp.
	
	From:  Eric Bass                           10/31/2000 08:21 AM
	

To: David Baumbach/HOU/ECT@ECT, Phillip M Love/HOU/ECT@ECT, Bryan 
Hull/HOU/ECT@ECT, Harry Bucalo/HOU/ECT@ECT, O'Neal D Winfree/HOU/ECT@ECT, 
Michael Walters/HOU/ECT@ECT, Matthew Lenhart/HOU/ECT@ECT
cc:  
Subject: Fantast Basketball DRAFT TODAY @ 10:30

Just as clarification - we start 6 players and have weekly scoring in haed to 
head matchups.  You can chage yo","david.baumbach@enron.com, phillip.love@enron.com, bryan.hull@enron.com,  harry.bucalo@enron.com, o'neal.winfree@enron.com, michael.walters@enron.com, matthew.lenhart@enron.com",eric.bass@enron.com,0.2,low,broadcast to 7 recipients (-0.12),ham,0.0734,Personal,0.226,0.3,low,True
baughman-d/enron_power/interviews/30.,Hourly Trading,"Hi Don,

Sorry, I have not been able to call you today,
as it has been extremely busy.

I will be on vacation on Mon. and Tues.,
so I will call you on Wed. when I return.

I look forward to speaking with you about 
a job opportunity in on the Hourly Trading Desk.

Sincerely,
Joe Capasso







---------------------- Forwarded by Joseph Capasso/HOU/EES on 06/08/2001 04:43 PM ---------------------------


Joseph Capasso
06/07/2001 09:16 AM
To:	Don Baughman/Enron@EnronXGate
cc:	 
Subject:	Hourly Trading

Hello Don,

I am trying to get a job in the 24 hour trading group.  I was speaking with John Zurita and he said that
you would be a good person to contact.  Currently, I am in the Risk Controls",don.baughman@enron.com,joseph.capasso@enron.com,0.5,medium,urgent/critical language (+0.12); direct 1:1 email (+0.05),ham,0.1087,Work,0.859,0.3,low,False
bass-e/all_documents/851.,Nice Try,"We got another big name recruit - that will probably amount to nothing with 
our conservative, shitty Offensive Coordinator.

http://maxemfinger.rivals.com/default.asp?sid=1356&p=2&stid=8031594","matthew.lenhart@enron.com, chad.landry@enron.com,  timothy.blanchard@enron.com",eric.bass@enron.com,0.5,medium,urgent/critical language (+0.12); negative sentiment (+0.08),ham,0.1288,Work,-0.586,0.2,low,False
baughman-d/deleted_items/416.,"OpinionJournal - On the Editorial Page - November 16, 2001","From OpinionJournal.com (http://opinionjournal.com)

TODAY ON OPINIONJOURNAL

Extra BY JOHN TABIN
http://www.opinionjournal.com/extra/?id=95001485

Dateline Evanston: Barnes & Noble hosts an erstwhile terrorist.
12:38 a.m. EST

On the Editorial Page
http://www.opinionjournal.com/editorial/?id=95001479

The case for military tribunals.
12:01 a.m. EST

Wonder Land BY DANIEL HENNINGER
http://www.opinionjournal.com/columnists/dhenninger/?id=95001476

We've all becomes slaves of bureaucracy.
12:01 a.m. EST

Dispatch BY SETH LIPSKY
http://www.opinionjournal.com/columnists/slipsky/?id=95001472

A Harvard hero stood against both McCarthyism and communism.
12:01 a.m. EST

Peggy Noonan
http://www.opin",don.baughman@enron.com,opinionjournal@wsj.com,0.3,low,direct 1:1 email (+0.05),ham,0.1448,Other,0.47,0.2,low,True
arnold-j/hp/12.,FW: FW: Fedex and other cross sells UPDATE,"Jennifer:

If you are referring to the Wireless call, I was on the call and actively 
participated with Peter G.  I had the agenda discussion items and  guided the 
conversation. The call was brief and enabled HP and Peter G. to discuss 
wireless initiatives briefly. Then Peter G. literally read from my notes the 
""message"" you gave him about the need for HP to support the process on both 
the buy and sell sides.  

The call went well, message was delivered and Darrin will follow up with HP 
so they can come in to Enron and present the wireless intiative.

Greg Pyle and Bill Lovejoy (but not Gerry Cashiola) were on the call.  Greg 
Pyle made a note of saying that HP realized that they were g",jennifer.medcalf@enron.com,sarah-joy.hunter@enron.com,0.4,medium,action-required language (+0.07); reply/forward chain (-0.05); direct 1:1 email (+0.05),ham,0.0885,Work,0.965,0.3,low,False
allen-p/all_documents/369.,California Update 5/4/01,"---------------------- Forwarded by Phillip K Allen/HOU/ECT on 05/07/2001 
06:54 AM ---------------------------
From: Kristin Walsh/ENRON@enronXgate on 05/04/2001 04:32 PM CDT
To: John J Lavorato/ENRON@enronXgate, Louise Kitchen/HOU/ECT@ECT
cc: Phillip K Allen/HOU/ECT@ECT, Tim Belden/ENRON@enronXgate, Jeff 
Dasovich/NA/Enron@Enron, Chris Gaskill/ENRON@enronXgate, Mike 
Grigsby/HOU/ECT@ECT, Tim Heizenrader/ENRON@enronXgate, Vince J 
Kaminski/HOU/ECT@ECT, Steven J Kean/NA/Enron@Enron, Rob 
Milnthorp/CAL/ECT@ECT, Kevin M Presto/HOU/ECT@ECT, Claudio 
Ribeiro/ENRON@enronXgate, Richard Shapiro/NA/Enron@Enron, James D 
Steffes/NA/Enron@Enron, Mark Tawney/ENRON@enronXgate, Scott 
Tholan/ENRON@enronX",keith.holst@enron.com,phillip.allen@enron.com,0.7,high,urgent/critical language (+0.24); direct 1:1 email (+0.05); strongly negative/distressed sentiment (+0.15),ham,0.1029,Work,-0.827,0.4,medium,False
bass-e/notes_inbox/152.,FYI,"With all of the HYPE surrounding the Big 12 this season....

Nine SEC teams are going to bowls, an unprecedented number of bowl-bound 
teams from a single conference in NCAA history.","eric.bass@enron.com, chad.landry@enron.com, matthew.lenhart@enron.com,  bryan.hull@enron.com, phillip.love@enron.com, brian.hoskins@enron.com, luis.mena@enron.com",timothy.blanchard@enron.com,0.1,low,bulk/automated/fyi language (-0.08); broadcast to 7 recipients (-0.12),ham,0.1247,Work,0.428,0.2,low,True
baughman-d/inbox/220.,Metro Bus Passes and Woodlands Express Passes Available Effective,"Enron employees not participating in contract parking are eligible to receive Metro Bus Passes or Woodlands Express Passes.  You may pick up a bus pass from the Parking & Transportation Desk, on Level 3 of the Enron Building, from 8:30 AM to 4:30 PM. 


All Metro passes offered through the Enron Parking & Transportation desk will be the Metro 30 Day Zone Pass.  When you use a 30-day zone pass, bus service is divided into four zones w/ unlimited rides.  The zone pass is time activated, which means that it will not become active until the first time it is used and will not expire until 30 days after it was used for the first time.  New passes will be available to Enron employees upon expiratio",dl-ga-all_enron_houston_employees@enron.com,announcements.enron@enron.com,0.5,medium,urgent/critical language (+0.12); direct 1:1 email (+0.05),ham,0.1208,Work,0.236,0.2,low,False
bass-e/all_documents/1481.,RE: FW: new address,"Sorry about the headache.  I hear that slamming your head against the wall is 
good for getting rid of migraines.  Oh wait that's what I do at work to help 
me think about something other than losing lots of money - never mind.

Thurs is probably best then - if not then maybe next week.
e




Danielle Samson <DanielleS@JonesGranger.com> on 03/20/2000 04:24:43 AM
To: ""'Eric Bass'"" <Eric.Bass@enron.com>
cc:  
Subject: RE: FW: new address


My weekend was ok.  Sorry if I stopped by at a bad time on Thursday!  I've
had a migraine for the last two days, and it still hasn't gone away, so I'm
not feeling 100% today.  I won't be able to get together until after
Wednesday or so, if that is all right,",danielles@jonesgranger.com,eric.bass@enron.com,0.3,low,reply/forward chain (-0.05); direct 1:1 email (+0.05),ham,0.1055,Personal,0.619,0.2,low,True
badeer-r/all_documents/184.,"CAISO NOTICE: CMR Comments Deadline - Friday, July 28, 5pm","Market Participants:

Just a couple of friendly reminders...

1. The deadline for you to submit your preliminary comments for the CMR
Recommendation will be tomorrow, Friday, July 28, 2000 at 5:00pm.

2. Please remember you will need to use the template we have provided for
you.  You can download the template from the CAISO website at
http://www.caiso.com/clientserv/congestionreform.html   Scroll down to the
Congestion Management Reform Recommendation (DRAFT) Feedback Form,
highlighted in yellow.

Should you have any questions, please feel free to contact either myself or
my assistant Colleen Grant.

Thank you in advance for your timely responses, and your adherence to using
the template we ",20participants@caiso.com,cgrant@caiso.com,0.6,high,urgent/critical language (+0.24); direct 1:1 email (+0.05),ham,0.1223,Work,0.934,0.6,high,True
bass-e/_sent_mail/1443.,Re:,"don't be giving my address out to solicitors


   
	Enron North America Corp.
	
	From:  Shanna Husser @ EES                           12/20/2000 02:07 PM
	

To: Eric Bass/HOU/ECT@ECT
cc:  
Subject: 

Is your address 2302 Travis Street Apt#8225?

What is your zip code?",shanna.husser@enron.com,eric.bass@enron.com,0.4,medium,reply/forward chain (-0.05); direct 1:1 email (+0.05); negative sentiment (+0.08),ham,0.0783,Personal,-0.339,0.2,low,False
bass-e/_sent_mail/526.,Re:,"are you irritated?


   
	Enron North America Corp.
	
	From:  Shanna Husser @ EES                           08/29/2000 10:44 AM
	

To: Eric Bass/HOU/ECT@ECT
cc:  
Subject: 

I just got informed that for our PRC (TAX)- we don't even get to know our 
rating.  All we get to see is the ""comments"" section.  So- in other words- we 
will have no idea how we compare relevant to out peers.  I mean- this whole 
thing is getting a little ridiculous.

I still haven't heard back from Jennifer if we are still going to meet today 
about mine.",shanna.husser@enron.com,eric.bass@enron.com,0.4,medium,reply/forward chain (-0.05); direct 1:1 email (+0.05); strongly negative/distressed sentiment (+0.15),ham,0.0746,Personal,-0.751,0.4,medium,True
bass-e/sent_items/228.,RE:,"i agree with your comments about managament.  it seems like they are caught like a deer in a headlights.  i have bought some more shares today.  my view is that the company will not fold.  the worst case scenario is a buyout. so, it seems like we should bottom out shortly.  right?
 
good news on uncle george

-----Original Message-----
From: Larry Bass [mailto:lwbthemarine@alltel.net]
Sent: Wednesday, November 07, 2001 1:41 PM
To: K. Bass
Cc: Bass, Eric
Subject: Re: 


Well, I certainly called this one wrong! I was absolutely convinced that the market was drastically overeating to that ENE/partnership deal, that all was above board and that ENE could and would financially manage the matter. ","lwbthemarine@alltel.net, daphneco64@alltel.net",eric.bass@enron.com,0.2,low,reply/forward chain (-0.05),ham,0.084,Personal,0.984,0.2,low,True
arnold-j/_sent_mail/42.,ACCESS Trades for 11/09/00,"---------------------- Forwarded by John Arnold/HOU/ECT on 11/09/2000 03:54 
PM ---------------------------


""Mancino, Joseph (NY Int)"" <JMANCINO@edfman.com> on 11/09/2000 08:32:32 AM
To: ""'jarnold@enron.com'"" <jarnold@enron.com>
cc:  
Subject: ACCESS Trades for 11/09/00


Here are the trades executed on ACCESS last night:

S   50   Z     5350
S   50 Z    5335

B   9   Z   5330
B   2   Z   5320
B   4   Z   5322
B   6   Z   5323
B   5   Z   5345
B   10  Z   5355
B   3   Z   5355
B   5   Z   5358


B   100   Z   5323
S   100   F   5369


Joseph Mancino
E.D. & F. Man International
(212)566-9700",errol.mclaughlin@enron.com,john.arnold@enron.com,0.3,low,direct 1:1 email (+0.05),ham,0.1078,Work,0.0,0.3,low,True
allen-p/sent_items/296.,RE: Topic Framework Deliverable - Sign-Off for Acceptance,"These are fine.

 -----Original Message-----
From: 	McDaniel, Kirk  
Sent:	Tuesday, October 23, 2001 1:36 PM
To:	Allen, Phillip K.; O'rourke, Tim; Frolov, Yevgeny
Subject:	Topic Framework Deliverable - Sign-Off for Acceptance
Importance:	High

Gentlemen

Good day. I hope all is going well. 

If I do not hear from you by COB tomorrow I will take your silence as acceptance and that their are no non-conformities to prevent acceptance of this deliverable. This action is necessary as contractually we are coming to the end of the acceptance period for this deliverable. 

Good news is that this deliverable and the High level design deliverable are the last two deliverables for the Design Phase of t",kirk.mcdaniel@enron.com,k..allen@enron.com,0.4,medium,urgent/critical language (+0.12); reply/forward chain (-0.05); direct 1:1 email (+0.05),ham,0.0923,Work,0.99,0.3,low,False
arnold-j/sent_items/413.,RE: Unbelievable Picture,"is it real?

 -----Original Message-----
From: 	""Zerilli, Frank"" <fzerilli@POWERMERCHANTS.COM>@ENRON [mailto:IMCEANOTES-+22Zerilli+2C+20Frank+22+20+3Cfzerilli+40POWERMERCHANTS+2ECOM+3E+40ENRON@ENRON.com] 
Sent:	Tuesday, September 25, 2001 8:25 AM
To:	Arnold, John; 'John.Corcoran@ubsw.com'
Subject:	FW: Unbelievable Picture



-----Original Message-----
From: Bill Horton [mailto:bhorton@tnsk.com]
Sent: Tuesday, September 25, 2001 7:58 AM
To: fzerilli@powermerchants.com
Subject: FW: Unbelievable Picture



-----Original Message-----
From: Fred Sherman [mailto:fsherman@tnsk.com]
Sent: Tuesday, September 25, 2001 6:43 AM
To: Steve Bruns; William Lewis; William Simpson; Bill Horton; Erik Lood;
Chr",fzerilli@powermerchants.com,john.arnold@enron.com,0.3,low,reply/forward chain (-0.05); direct 1:1 email (+0.05),ham,0.0779,Other,0.922,0.1,low,True
arnold-j/sent_items/797.,RE:,"did not, but I went to my wine locker and picked out 12 bottles for the weekend so I think we're okay unless you're taking some to your friends.  I'll call you when I'm ready and we'll figure it out.

 -----Original Message-----
From: 	Ward, Kim S (Houston)  
Sent:	Wednesday, November 21, 2001 11:45 AM
To:	Arnold, John
Subject:	RE: 

of course, I'm just tagging with you guys.  Did you ever go to Christopher's?  I might go pick up some wine - any requests or recommendations?  And where do you want to leave from? 

 -----Original Message-----
From: 	Arnold, John  
Sent:	Wednesday, November 21, 2001 11:43 AM
To:	Slone, Jeanie; Ward, Kim S (Houston)
Subject:	

Is it okay to leave around 3:00?",houston <.ward@enron.com>,john.arnold@enron.com,0.3,low,reply/forward chain (-0.05); direct 1:1 email (+0.05),ham,0.0738,Personal,0.957,0.2,low,True
arnold-j/_sent_mail/431.,Re:,"it's an aquired taste


From: Kim Ward/ENRON@enronXgate on 05/09/2001 02:25 PM
To: John Arnold/HOU/ECT@ECT
cc:  
Subject: 

those things are TERRIBLE!!!!",kim.ward@enron.com,john.arnold@enron.com,0.4,medium,reply/forward chain (-0.05); direct 1:1 email (+0.05); strongly negative/distressed sentiment (+0.15),ham,0.0803,Personal,-0.719,0.1,low,False
bass-e/sent/548.,Re: ENE,"i am doing great.  i am going to get my neck checked out again today ( i 
can't beilieve you gave me those faulty genes).  i am sure you know that toni 
woke up yesterday, she is cognizant and responsive but still can't speak or 
move.  i will keep you updated.

how are you?

love,

e




""K. Bass"" <daphneco64@bigplanet.com> on 08/08/2000 09:43:24 AM
Please respond to ""K. Bass"" <daphneco64@bigplanet.com>
To: Eric Bass <Eric.Bass@enron.com>
cc:  
Subject: Re: ENE


Your father never listens to me, what can I say?  But, I'm very happy for
you!  How are you?  Any news on Aunt Toni?  LU-M
----- Original Message -----
From: ""Eric Bass"" <Eric.Bass@enron.com>
To: <lwbthemarine@bigplanet.com>; <daph",daphneco64@bigplanet.com,eric.bass@enron.com,0.4,medium,action-required language (+0.07); reply/forward chain (-0.05); direct 1:1 email (+0.05),ham,0.0778,Personal,0.982,0.5,medium,True
arnold-j/discussion_threads/423.,Enron Mentions - 03-04-01,"---------------------- Forwarded by John Arnold/HOU/ECT on 03/06/2001 07:48 
AM ---------------------------
From: Ann M Schmidt@ENRON on 03/05/2001 08:23 AM
To: Ann M Schmidt/Corp/Enron@ENRON
cc:  (bcc: John Arnold/HOU/ECT)
Subject: Enron Mentions - 03-04-01

Utility Deregulation: Square Peg, Round Hole?
The New York Times, 03/04/01

3 Executives Considered to Head Military
Los Angeles Times, 03/04/01

Bush leaning toward execs for military
The Seattle Times, 03/04/01

Enron's Chief Denies Role as Energy Villain / Critics regard Kenneth Lay as 
deregulation opportunist
The San Francisco Chronicle, 03/04/01

Enron boss says he's not to blame for profits in energy crisis
Associated Press Newsw",greg.whalley@enron.com,john.arnold@enron.com,0.6,high,urgent/critical language (+0.12); direct 1:1 email (+0.05); strongly negative/distressed sentiment (+0.15),ham,0.1001,Other,-0.904,0.2,low,False
allen-p/sent_items/10.,FW: charts,"This file contains graphs illustrating volumes by tenor by product type on a quarterly basis since Q499.  For example, daily volume for Natural Gas Financial Swaps during this quarter has been 25 BCF(25,000 contracts) for 1 month trades, 20 BCF (20,000 contracts) for greater than 1 month trades, and 50 BCF (5,000 contracts) for less than 1 month trades.  

Please call with questions.

Phillip Allen
713-853-7041

 -----Original Message-----
From: 	Webb, Jay  
Sent:	Sunday, December 02, 2001 6:19 PM
To:	Allen, Phillip K.
Subject:	charts",andrew.feldstein@jpmorgan.com,k..allen@enron.com,0.3,low,reply/forward chain (-0.05); direct 1:1 email (+0.05),ham,0.0882,Work,0.823,0.3,low,True
arnold-j/all_documents/194.,Deferral Enrollment 2001,"=20
The annual deferral program enrollment process is underway.  Enron's Bonus=
=20
Stock Option and Bonus Phantom Stock Programs provide you with an opportuni=
ty=20
to receive stock options and phantom stock in lieu of all or a portion of t=
he=20
cash bonus you may receive during 2001.  =20

To make enrollment even more convenient for you, this year's deferral progr=
am=20
information is available on eHRonline.  To learn more about your deferral=
=20
program opportunities and to enroll for 2001 deferrals, access eHRonline at=
=20
http://ehronline.enron.com.  (Call the ISC Help Desk at 713-345-4727 if you=
=20
need your ID or password to access the system.)

1. Review the program descripti",eligible.employees@enron.com,enron.announcements@enron.com,0.5,medium,urgent/critical language (+0.12); direct 1:1 email (+0.05),ham,0.1862,Other,0.949,0.3,low,False
allen-p/_sent_mail/92.,Re:,"Andy,

 Please assign a user name to Randy Gay.

Thank you,

Phillip",andy.zipper@enron.com,phillip.allen@enron.com,0.3,low,reply/forward chain (-0.05); direct 1:1 email (+0.05),ham,0.0985,Work,0.586,0.4,medium,False
bass-e/discussion_threads/1204.,SUPPLEMENTAL Weekend Outage Report for 12-8-00 through 12-11-00,"------------------------------------------------------------------------------
------------------------
W E E K E N D   S Y S T E M S   A V A I L A B I L I T Y

F O R

December 08, 2000 5:00pm through December 11, 2000 12:00am
------------------------------------------------------------------------------
------------------------
    
SCHEDULED SYSTEM OUTAGES: 

ARDMORE DATA CENTER - FACILITY OPERATIONS: No Scheduled Outages.

AZURIX: No Scheduled Outages.

EB34 DATA CENTER - FACILITY OPERATIONS: No Scheduled Outages.

EDI SERVER: No Scheduled Outages.

EI:   SEE ORIGINAL REPORT

ENRON NORTH AMERICAN LANS:  No Scheduled Outages.

FIELD SERVICES:  No Scheduled Outages.

INTERNET: No Scheduled ",houston.report@enron.com,enron.announcements@enron.com,0.7,high,urgent/critical language (+0.24); direct 1:1 email (+0.05); negative sentiment (+0.08),ham,0.1011,Work,-0.441,0.2,low,False
bass-e/discussion_threads/524.,Re: Meeting,"I went ahead and set aside some time on your calendar on the 10th to discuss 
Triple Lutz.  Hope you are having a good day.

Dave
---------------------- Forwarded by David Baumbach/HOU/ECT on 11/03/2000 
08:21 AM ---------------------------


Laura Harder@ENRON
11/02/2000 01:15 PM
To: David Baumbach/HOU/ECT@ECT
cc:  
Subject: Re: Meeting  

Schwieger is going to be at that Executive Impace & Influence Program the 8th 
& 9th ... Tom will be there the 6th & 7th.  How about the 10th??","thomas.martin@enron.com, jim.schwieger@enron.com",david.baumbach@enron.com,0.2,low,reply/forward chain (-0.05),ham,0.0629,Work,0.732,0.3,low,True
arnold-j/_sent_mail/194.,Re: ??,"I'm actually trying to go through all my email from the week.  What a pain in 
the ass.  As soon as I finish one, another appears in my inbox.  So how's 
life at ucla?




Eleanor Fraser <efraser@anderson.ucla.edu> on 09/14/2000 06:07:11 PM
To: John.Arnold@enron.com
cc:  
Subject: Re: ??


I think Yelena put a hit out on me all the way from Chicago
for sending those pictures!  I had no idea they would open
right away--they were supposed to be attachments.  Oops.  I
thought they were quite cute.

How are ya?  And what are you doing at work--I thought you
gas guys all left at 3!
:-) elf

On Thu, 14 Sep 2000 John.Arnold@enron.com wrote:

>
> why would i be???
>
>
>
>
> Eleanor Fraser <efraser@a",efraser@anderson.ucla.edu,john.arnold@enron.com,0.6,high,urgent/critical language (+0.12); reply/forward chain (-0.05); question in subject (+0.04); direct 1:1 email (+0.05); strongly negative/distressed sentiment (+0.15),ham,0.0844,Personal,-0.793,0.2,low,False
bass-e/all_documents/1682.,New deals,"The new deal #s are 147888,147889.

-E","ami.chokshi@enron.com, kyle.lilly@enron.com",eric.bass@enron.com,0.3,low,,ham,0.148,Work,0.0,0.3,low,True
bass-e/all_documents/649.,Weekend Outage for 11-10-00 through 11-13-00,"------------------------------------------------------------------------------
------------------------
W E E K E N D   S Y S T E M S   A V A I L A B I L I T Y

F O R

November 10, 2000 5:00pm through November 13, 2000 12:00am
------------------------------------------------------------------------------
------------------------

SCHEDULED SYSTEM OUTAGES: 

ARDMORE DATA CENTER - FACILITY OPERATIONS: No Scheduled Outages.

AZURIX: No Scheduled Outages.

EB34 DATA CENTER - FACILITY OPERATIONS: No Scheduled Outages.

EDI SERVER: 
Impact:  EDI
Time:  Sat 11/11/2000 at  11:00:00 PM CT thru Sun 11/12/2000 at  1:00:00 AM CT
 Sat 11/11/2000 at    9:00:00 PM PT thru Sat 11/11/2000 at 11:00:00 PM PT
 ",houston.report@enron.com,enron.announcements@enron.com,0.6,high,urgent/critical language (+0.24); direct 1:1 email (+0.05),ham,0.1215,Other,0.71,0.2,low,False
arnold-j/discussion_threads/472.,Sixth Floor Layout,"can you send jean a list of her seat numbers
---------------------- Forwarded by John Arnold/HOU/ECT on 04/25/2001 06:38 
PM ---------------------------
From: Jean Mrha/ENRON@enronXgate on 04/18/2001 03:03 PM
To: John Arnold/HOU/ECT@ECT
cc:  
Subject: Sixth Floor Layout



John,

I heard from Wes Colwell that you had been appointed by Lavorato to layout 
the sixth floor for gas.  This morning I spoke to Wes regarding the placement 
of the Upstream/Ecommerce desk on six.  I have taken 6 spaces but I need two 
more.  The two I would like to use (e29 & e30) are currently being occupied 
by the Central Region.  I would like to move these individuals to two spots 
right across from their current ",ina.rangel@enron.com,john.arnold@enron.com,0.3,low,bulk/automated/fyi language (-0.08); direct 1:1 email (+0.05),ham,0.0743,Work,0.954,0.3,low,True
bass-e/deleted_items/47.,85-degree sunny beaches fare sale,"Today's Hottest Travel Deals from Bestfares.com!


This week we are offering discounts up to $500 off, to some of the best bea=
ches in the world, including Hawaii, the South Pacific, Rio de Janeiro, Mex=
ico, Central America and over a dozen islands in the Caribbean. Now you can=
 pack that sunscreen with discounts on top of discounts. If sun and fun is =
not your cup of tea, then be sure to check out our other worldwide travel d=
eals listed below.=20


SAVE UP TO $500 RT TO HAWAII FOR TRAVEL THROUGH JUNE 30, '02=20

With published airfares from the Midwest and East Coast to Honolulu over $1=
,000 roundtrip, you can appreciate our cheap airfares for under $599 roundt=
rip. Why pay more to ",ebass@enron.com,deals@bestfares.com,0.3,low,direct 1:1 email (+0.05),ham,0.2327,Other,0.99,0.1,low,True
bass-e/_sent_mail/1187.,Concierge.com St. Thomas Overview,"---------------------- Forwarded by Eric Bass/HOU/ECT on 03/08/2001 02:44 PM 
---------------------------


""K. Bass"" <daphneco64@bigplanet.com> on 03/08/2001 08:52:28 AM
Please respond to ""K. Bass"" <daphneco64@bigplanet.com>
To: Eric Bass <Eric.Bass@enron.com>
cc:  
Subject: Concierge.com St. Thomas Overview



?

?http://www.concierge.com/run/concierge/OverviewDetail?geo_uid=287
 - Concierge.com St. Thomas Overview.url",shanna.husser@enron.com,eric.bass@enron.com,0.4,medium,action-required language (+0.07); direct 1:1 email (+0.05),ham,0.0834,Personal,0.429,0.2,low,False
dasovich-j/all_documents/12382.,Enron Mentions,"25 Leaders for a Dangerous Time
Business Week, 05/14/01
USA: El Paso opens bids to expand Calif. natgas lines.
Reuters English News Service, 05/11/01

Software Promises Bandwidth Broker In A Box
Dow Jones Energy Service, 05/11/01

Sierra Pacific Resources Posts 1st-Quarter Loss, Blames Western Power Crisis
Dow Jones Business News, 05/11/01

India Must Split Power Industry to End Debt Crisis (Update1)
Bloomberg, 05/11/01

Interview: Enron Chairman Ken Lay
Bloomberg TV, 05/10/01


BusinessWeek e.biz: Cover Story: The e.biz 25
25 Leaders for a Dangerous Time

05/14/2001
Business Week
EB24
(Copyright 2001 McGraw-Hill, Inc.)

The Internet forced a revolution in the way companies are managed. For ",,ann.schmidt@enron.com,0.7,high,urgent/critical language (+0.24); strongly negative/distressed sentiment (+0.15),ham,0.1663,Other,-0.9,0.2,low,False
beck-s/sent_items/11.,FW: Welcome to UBS meeting tommorrow 10.15 am @ the Houstonian -,"-----Original Message-----
From: 	Davies, Neil  
Sent:	Tuesday, January 22, 2002 5:37 PM
To:	Oxley, David; Kitchen, Louise; Fitzpatrick, Amy; Slone, Jeanie; Curless, Amanda; Weatherstone, Mary; Clyatt, Julie; Beck, Sally
Cc:	Donoghue, Sean ; Woods, Steve
Subject:	FW: Welcome to UBS meeting tommorrow 10.15 am @ the Houstonian - URGENT REQUIRES IMMEDIATE ACTION
Importance:	High


An important meeting  will be held tommorrow for all employees who

1) have accepted offers 
2) intend to accept offers ( to the best of their knowledge) but who have issues that need to be resolved

All employees in these categories should attend

Buses will be provided for those who do not have their own transport a",robert.superty@enron.com,sally.beck@enron.com,0.4,medium,urgent/critical language (+0.12); reply/forward chain (-0.05); direct 1:1 email (+0.05),ham,0.0946,Work,0.985,0.7,high,False
beck-s/discussion_threads/1869.,Enron Europe Remote offices - note specific to Sally,"Dear Sally,

Just to keep you in the loop, Naomi's group is responsible for all of the 
Enron Europe remote offices and is a great resource to keep us updated on 
what each office is really doing.  We are hoping her group can help us 
determine which offices have origination/trading or are near doing these 
types of activities, as well as what offices have other activities.

We are putting together a short checklist that her team will fill out for 
each office.  Based on that, we can determine whether to scope the office 
into our doorstep review.

Thanks

Shona

---------------------- Forwarded by Shona Wilson/NA/Enron on 10/13/2000 11:08 
AM ---------------------------
   
	
	
	From:  Shon",sally.beck@enron.com,shona.wilson@enron.com,0.3,low,direct 1:1 email (+0.05),ham,0.0751,Other,0.987,0.3,low,True
beck-s/sent/73.,Re: Disaster Recovery / Business Resumption for Commodity Logic,"Andrew  Parsons is currently leading a project to define and quantify the 
costs for several different alternatives for disaster recovery.  We should 
get an update from him to see if there is anything applicable.   There is 
sheer disaster that impacts many companies/locations (which may require one 
approach), and then there is nusance stuff (frozen freeways in Houston, etc.) 
that really requires an updated contact list and set of notification 
procedures.  And then there is system failure and the requisite back up.  




Thomas D Gros@ENRON
11/14/2000 01:30 PM
To: Mary Solmonson/HOU/ECT@ECT
cc: Tommy J Yanowski/HOU/ECT@ECT, Sally Beck/HOU/ECT@ECT 
Subject: Re: Disaster Recovery / Busines","thomas.gros@enron.com, mary.solmonson@enron.com",sally.beck@enron.com,0.6,high,urgent/critical language (+0.24); reply/forward chain (-0.05); strongly negative/distressed sentiment (+0.15),ham,0.1014,Work,-0.98,0.4,medium,False
beck-s/_sent_mail/478.,MEETING ON GLOBAL INFO COMMUNICATION,"FYI - Let's talk.  I am already booked for Tuesday AM - could you attend and 
would you want to?  Let's talk before getting back to Margaret.  --Sally 
---------------------- Forwarded by Sally Beck/HOU/ECT on 05/08/2000 09:09 AM 
---------------------------


Margaret Carson@ENRON
05/08/2000 08:20 AM
To: Sally Beck/HOU/ECT@ECT
cc: Amy Oberg/HOU/EES@EES 
Subject: MEETING ON GLOBAL INFO COMMUNICATION

You  are invited to attend  a  meeting  at  9 AM tomorrow  May 9  to discuss  
with
the  competitor intelligence team  at EES,  ENA  and  Corp  including  Steve  
Kean, SVP  Public and Reg Affairs
ideas  for cross organizational   info  exchange on competitors and 
customers.  The  meeting  will",mary.solmonson@enron.com,sally.beck@enron.com,0.3,low,bulk/automated/fyi language (-0.08); ALL CAPS subject (+0.08); direct 1:1 email (+0.05),ham,0.0633,Work,0.894,0.3,low,True
badeer-r/all_documents/44.,Stage 1 Emergency,"STAGE 1 EMERGENCY NOTICE [200000208]

Effective 08/26/2000 at 16:00 the California Independent System Operator
has implemented Stage 1 of the Electrical Emergency Plan. The Plan has
been implemented for the following reasons:

Lack of resources

Stage 1 is expected to be in effect from HE 15
through HE 18.

Participating transmission owners are to notify the Utility Distribution
Companies within their operational areas.

Stage 1:    Operating reserves are less than minimum. Advise the Utility
            Distribution Company of potential power shortages and request
            the UDC to advise end-use customers to reduce demand to minimum
            requirements without disruption of emplo",,awe@caiso.com,0.7,high,urgent/critical language (+0.24); strongly negative/distressed sentiment (+0.15),ham,0.1235,Work,-0.891,0.7,high,True
dasovich-j/all_documents/11198.,OFF PEAK prices,"Jeanne,
The on and off peak prices are in the ISO document I attached earlier.

Go to page 3 and column 5 ""Effective Real-time Average Price""
There is an on-peak and off-peak price there.  That should make the case that 
the off-peak price is also high.

/TJ
---------------------- Forwarded by Tamara Johnson/HOU/EES on 04/17/2001 
09:58 AM ---------------------------


Tamara Johnson
04/17/2001 09:38 AM
To: Harry Kingerski/NA/Enron@Enron, JMB <JBennett@GMSSR.com> @ ENRON
cc: Jeff Dasovich/NA/Enron@Enron, Leslie Lawner/NA/Enron@Enron, Robert 
Neustaedter/ENRON_DEVELOPMENT@ENRON_DEVELOPMENT, Scott Stoness/HOU/EES@EES 
Subject: MORE backup for the $290/MWh

Harry,
The future prices used below a",jbennett@gmssr.com,tamara.johnson@enron.com,0.5,medium,urgent/critical language (+0.12); direct 1:1 email (+0.05),ham,0.1187,Work,-0.052,0.2,low,False
campbell-l/discussion_threads/869.,To all you ass men out there],"OPEN IN PRIVATE


 - Slide1.jpg
 - Slide10.jpg
 - Slide11.jpg
 - Slide12.jpg","joe.errigo@enron.com, jay.wills@enron.com, don.baughman@enron.com,  rudy.acevedo@enron.com, cyril.price@enron.com, john.kinser@enron.com, larry.jester@enron.com, jason.choate@enron.com, juan.hernandez@enron.com, wayne.herndon@enron.com, lawrence.clayton@enron.com, kayne.coulter@enron.com, chad.starnes@enron.com, keller.mayeaux@enron.com, joe.stepenovitch@enron.com, miguel.garcia@enron.com, russell.ballato@enron.com, larry.campbell@enron.com",richard.hrabal@enron.com,0.3,low,broadcast to 18 recipients (-0.12); negative sentiment (+0.08),ham,0.134,Personal,-0.542,0.1,low,True
beck-s/sent/324.,Phone numbers,"Do we have these numbers for Hector?  
---------------------- Forwarded by Sally Beck/HOU/ECT on 08/11/2000 09:28 AM 
---------------------------
   
	Enron North America Corp.
	
	From:  Hector McLoughlin @ ENRON                           08/11/2000 08:24 AM
	

To: Sally Beck/HOU/ECT@ECT
cc:  
Subject: Phone numbers


Sally, 
You may find a need to contact me at off hours in the future.   Here's how 
you may reach me.  

Home: 713-690-3297
Cell: 713-854-0839
Pager: 888-847-1913

If you should need to send me a bomb or something: 

2923 Durban
Houston, TX  77043-1303

PS:  I'm still trying to rig my voice mail to automatic pager.   It should 
happen soon. 
hgm",patti.thompson@enron.com,sally.beck@enron.com,0.3,low,direct 1:1 email (+0.05),ham,0.1006,Work,-0.094,0.2,low,True
badeer-r/notes_inbox/61.,CANCEL Warning Notice,"SYSTEM WARNING CANCELLATION [200000204]

Effective 08/24/2000 at 19:00 the California Independent System Operator
has terminated the ""Warning"" of the Electrical Emergency Plan.

The ""Warning""  has been in effect since Thu Aug 24 11:00:00 2000 PDT.



This message is from Market Operations  at the California ISO.

This notice cancels notice 200000203

Notice issued at: 08/24/2000 18:51",,awe@caiso.com,0.6,high,urgent/critical language (+0.12); strongly negative/distressed sentiment (+0.15),ham,0.1532,Work,-0.909,0.3,low,False
campbell-l/inbox/136.,Price Reservations 8 September 2001 Real-Time Market and 9,"TKirchman@nyiso.com writes to the NYISO_TECH_EXCHANGE Discussion List:

The NYISO is reserving hours beginning 0:00, 8:00-10:00, 12:00-13:00, and
22:00-23:00 in the September 8, 2001 Real-Time Market as well as the
following hours per ECA 20010608B to verify prices:

HQ:  5:00, 9:00, 11:00, 14:00, 16:00-18:00, 20:00-23:00
NE:  5:00, 9:00, 11:00, 14:00, 16:00-18:00, 20:00-23:00
OH:  5:00, 9:00, 11:00, 14:00, 16:00-18:00, 20:00-23:00
PJM: 1:00-5:00, 9:00, 11:00, 14:00, 16:00-18:00, 20:00-23:00

Prices in the September 9, 2001 Day-Ahead Market are correct.

This e-mail information is a copy of the official posting which can be
found at the following address of our website:
http://mis.nyiso.com/","tie_list_server@nyiso.com, price_reservations@nyiso.com",tkirchman@nyiso.com,0.3,low,,ham,0.1513,Work,0.273,0.2,low,True
buy-r/all_documents/63.,TECO Turnkeys,"The purpose of this e.mail is just to advise you that we will start the 
process of completing two DASH's for two large projects totaling about $1.6 
billion.  The customer is Panda Energy/TECO.  

Subject to Board approval, we would like to sign a contract sometime between 
15 - 20 December.

We have just recently agreed to a price and are now entering into contract 
negotiations.  

We will immediately apply the ""Risk Book Model"" to these two projects; and we 
will begin working a DASH with the RAC group.  Because each of these 
contracts will total about $800MM, I wanted to give you a heads-up.  If we 
can achieve a contractual agreement with TECO and receive Enron Corporate 
approval, th","thomas.white@enron.com, rick.buy@enron.com",larry.izzo@enron.com,0.3,low,,ham,0.1335,Work,0.959,0.5,medium,False
allen-p/all_documents/504.,Weekly Status Meeting,"---------------------- Forwarded by Phillip K Allen/HOU/ECT on 02/21/2001 
03:57 PM ---------------------------


""George Richards"" <cbpres@austin.rr.com> on 02/21/2001 01:10:33 PM
Please respond to <cbpres@austin.rr.com>
To: ""Keith Holst"" <kholst@enron.com>, ""Phillip Allen"" <pallen@enron.com>
cc: ""Larry Lewter"" <LLEWTER@austin.rr.com> 
Subject: Weekly Status Meeting


Phillip and Keith, this cold of mine is getting the better of me.  Would it
be possible to reschedule our meeting for tomorrow?  If so, please reply to
this e-mail with a time.  I am open all day, but just need to get some rest
this afternoon.

George W. Richards
Creekside Builders, LLC",keith.holst@enron.com,phillip.allen@enron.com,0.4,medium,action-required language (+0.07); direct 1:1 email (+0.05),ham,0.0723,Work,0.502,0.5,medium,True
bass-e/sent/1219.,Re: Stats,"Thanks.

I am looking for volumes that traded last year - not necessarily volumes that 
flowed.  Volumes that flowed include term transactions.
Can you think of a way to find this info?

Eric


   
	Enron Capital Management
	
	From:  David Baumbach                           01/25/2001 11:08 AM
	

To: Eric Bass/HOU/ECT@ECT
cc:  
Subject: Stats

Hope this is what you were looking for.


---------------------- Forwarded by David Baumbach/HOU/ECT on 01/25/2001 
11:07 AM ---------------------------
From: Jim Little on 01/25/2001 10:59 AM
To: David Baumbach/HOU/ECT@ECT
cc:  
Subject: Stats  

Here are the total volumes by quarter and by region.  We are looking into the 
EOL since we do not have cu",david.baumbach@enron.com,eric.bass@enron.com,0.3,low,reply/forward chain (-0.05); direct 1:1 email (+0.05),ham,0.0796,Work,0.732,0.3,low,True
benson-r/deleted_items/142.,Updated - Cancellation of System Outage Notification,"UPDATE

Cancellation of System Outage Notification

 

Outage Description:

We had previously communicated that all SAP systems (including Financial Production, HR Production, Interfaces , iBuyIt, and iPayIt) would be shutdown over the weekend in order to upgrade our storage hardware. We are temporarily postponing these activities and will send you additional communications to inform you of the new date(s) in the near future.

 

Date & Time of Outage: 

The scheduled System Outage has been postponed



 

Contacts:

Contact:

Contact Information:

ISC Customer Care 

713-345-4727",users.dl-enron@enron.com,notifications.isc@enron.com,0.6,high,urgent/critical language (+0.24); direct 1:1 email (+0.05),ham,0.1493,Other,0.226,0.2,low,False
buy-r/inbox/10.,FW: Open Positions in Omaha,"Please let Dan Batista know if you have a current or terminated employee that can fill the position(s) below. Dan can be reached at 3x6609. 

Regards,
Frank 
 -----Original Message-----
From: 	Labbe, Anne  
Sent:	Wednesday, January 30, 2002 8:48 AM
To:	Walton, Sheila; Funkhouser, Shanna; Bosien, Teresa; Kinningham, Laura; De Jesus, Frank; Booth, Khymberly; Brown, Daniel; Slone, Jeanie; Russi, Estalee; Pieper, Kalen; Davis, Sarah A.
Subject:	FW: Open Positions in Omaha 

Please let Dan know if you have anyone who is qualified for these positions.

Thanks,
Anne
  
 -----Original Message-----
From: 	Batista, Daniel  
Sent:	Tuesday, January 29, 2002 10:30 AM
To:	Labbe, Anne
Subject:	Open Positio","m.hall@enron.com, robert.superty@enron.com, elizabeth.linnell@enron.com,  rick.buy@enron.com, richard.shapiro@enron.com, bill.donovan@enron.com",frank.de@enron.com,0.4,medium,urgent/critical language (+0.12); reply/forward chain (-0.05),ham,0.0696,Work,0.97,0.3,low,False
beck-s/_sent_mail/1058.,"Re: ENW Staff Mtg. Thursday, 12/21/00","Tammie,

Sally is on vacation this week, therefore she will not be attending staff 
meeting.  She will be back in the office 12/27.

Patti x39106




Tammie Schoppe
12/19/2000 04:06 PM
To: Louise Kitchen/HOU/ECT@ECT, Greg Piper/Corp/Enron@Enron, Bill W 
Brown/HOU/ECT@ECT, Harry Arora/HOU/ECT@ECT, Bruce Garner/LON/ECT@ECT, Jay 
Fitzgerald/NY/ECT@ECT, Philippe A Bibi/HOU/ECT@ECT, Andy 
Zipper/Corp/Enron@Enron, Stephen R Horn/HOU/ECT@ECT, Robert 
Jones/Corp/Enron@ENRON, Michael K Patrick/NA/Enron@Enron, Thomas D 
Gros/NA/Enron@Enron, Cedric Burgher/Corp/Enron@ENRON, Dan Bruce/HOU/ECT@ECT, 
David Berberian/Enron Communications@Enron Communications, Rex Shelby/Enron 
Communications@Enron Communic",tammie.schoppe@enron.com,patti.thompson@enron.com,0.3,low,reply/forward chain (-0.05); direct 1:1 email (+0.05),ham,0.0676,Work,0.0,0.2,low,True
baughman-d/inbox/36.,RE: New UBS Phone Number Requests,"Corry:
I have not heard any more on whether new numbers will be assigned, but I don't expect that to happen right away.  I'll let you know if I hear anything to the contrary.  Thanks!


 -----Original Message-----
From: 	Bentley, Corry  
Sent:	Monday, February 04, 2002 2:52 PM
To:	Will, Lloyd; Black, Tamara Jae; Baughman Jr., Don; Steiner, David
Cc:	Link, Kathy; Bailey, Debra; Cummings, David A.
Subject:	New UBS Phone Number Requests


Several discussions have been circulating regarding current Enron phone numbers and the need for new toll-free numbers the UBS East Power Group.

For the UBS Power Trading group (EAST):

  We can request new toll-free numbers (24 Hour, Fax and Scheduling) as p","corry.bentley@enron.com, lloyd.will@enron.com, jae.black@enron.com,  don.baughman@enron.com, david.steiner@enron.com",kathy.link@enron.com,0.5,medium,urgent/critical language (+0.24); reply/forward chain (-0.05),ham,0.1038,Work,0.948,0.2,low,False
bass-e/_sent_mail/1376.,LB?,"maybe this can be our stud LB

http://longhornlink.rivals.com/default.asp?sid=798&p=3&sp=1&lid=1&pl=-13500",mballases@hotmail.com,eric.bass@enron.com,0.5,medium,urgent/critical language (+0.12); question in subject (+0.04); direct 1:1 email (+0.05),ham,0.1512,Work,0.0,0.1,low,False
dasovich-j/all_documents/10442.,Critical!! E207B-2 (Gerlach) Students!!,"DELETE IF NOT IN E207B-2 (GERLACH)

I'm very sorry, but there was a miscommunication between our office and
Professor Gerlach about whether class meets during the regularly scheduled
spring break.

Professor Gerlach's class WILL meet this week on Thursday, March 29!  He
recognizes that you may not be able to complete all the assigned reading by
that time.

We're sorry for the confusion.

Cheers,

Diane",eveningmba@haas.berkeley.edu,owner-eveningmba@haas.berkeley.edu,0.6,high,urgent/critical language (+0.12); 4 exclamation(s) in subject (+0.10); direct 1:1 email (+0.05),ham,0.1053,Work,-0.299,0.4,medium,False
crandell-s/inbox/238.,FW: OASIS Posting - Mid-Columbia Area Remote Resource Business,"-----Original Message-----
From: 	Notification of OASIS Postings <OASISPOSTINGS-L@LIST.TRANSMISSION.BPA.GOV>@ENRON [mailto:IMCEANOTES-Notification+20of+20OASIS+20Postings+20+3COASISPOSTINGS-L+40LIST+2ETRANSMISSION+2EBPA+2EGOV+3E+40ENRON@ENRON.com]  On Behalf Of Claudia Pauley <cjpauley@bpa.gov>
Sent:	Thursday, June 21, 2001 9:16 AM
To:	OASISPOSTINGS-L@LIST.TRANSMISSION.BPA.GOV
Subject:	OASIS Posting - Mid-Columbia Area Remote Resource Business              Practices Revised: 06/21/01

Please click on the attached icon or the Web address below to go to the most recent OASIS Posting.

If that doesn't work highlight and copy the address below, then paste it into the address line of your Web bro","sean.crandall@enron.com, cara.semperger@enron.com, donald.robinson@enron.com,  diane.cutsforth@enron.com",diana.scholtes@enron.com,0.2,low,reply/forward chain (-0.05),ham,0.1628,Work,0.595,0.2,low,True
campbell-l/discussion_threads/535.,Weekly Environemtnal Activity Report,"The third quarter PCB meeting with Southern California Gas Company was held 
this morning.  SoCal presented a third quarter invoce of their PCB management 
and disposal activities for which Transwestern is responsible for 
$120,602.19.  All charges were appropriate and considered normal operating 
expenses for PCB activities in California.

The public hearing was held in Williams, AZ for the Kingman and Flagstaff air 
permits under the Redrok Expansion.  There were no comments or concerns 
brought up at the meeting as no individuals came to the meeting.  An email 
was received from the ADEQ presenting the minor additions which will be added 
to each permit.  Each comment and addition will no","rick.loveless@enron.com, mike.riedel@enron.com, scott.jones@enron.com",larry.campbell@enron.com,0.4,medium,strongly negative/distressed sentiment (+0.15),ham,0.1074,Work,-0.649,0.3,low,False
allen-p/sent/494.,Re: Bishops Corner Partnership,"George,

Keith and I are reviewing your proposal.  We will send you a response by this 
evening.

Phillip",cbpres@austin.rr.com,phillip.allen@enron.com,0.3,low,reply/forward chain (-0.05); direct 1:1 email (+0.05),ham,0.1352,Personal,0.0,0.4,medium,False
beck-s/mg/25.,Weekly Report- 10-14 July,"Dear All

Please click into the weekly report template and add your information using 
the current format:

Text =Times New Roman
 Font size = 12 
All information should be bulleted using a simple circular bullet 
point.         

If you are submitting information for a consolidation of two or more groups, 
please indicate under ""Department"" which groups are represented.






 Please complete the report for 10th - 14th July 2000 and return the document 
to me (Donna Titley) by 17:00 on Friday 14th July.  

Regards
Donna",ect.integration@enron.com,donna.titley@enron.com,0.3,low,direct 1:1 email (+0.05),ham,0.2388,Work,0.831,0.5,medium,False
arora-h/savedmail/13.,ENRON METALS WEEKLY REVIEW,"Remember our discussion yesterday?

Jens
---------------------- Forwarded by Jens Gobel/EU/Enron on 26/01/2001 19:18 
---------------------------
   
	Enron North America Corp.
	
	From:  Alex Heath @ ECT                           26/01/2001 12:30
	

To: Enron Metal & Commodity - UK traders, Enron Metal &Commodity - Global 
Traders, Enron Metals Global a/es, Enron Metals lme Dealers, Enron Metals 
London A/E's, Enron Metals ORIGINATION TEAM, ENRON METALS SCRAP GROUP, ENRON 
ONLINE MKTG
cc:  

Subject: ENRON METALS WEEKLY REVIEW



      Enron Metals Weekly Review

Good evening ...one and all . It hardly seems possible that  we are another 
week on  already such has been the pace of activity h",harry.arora@enron.com,jens.gobel@enron.com,0.6,high,ALL CAPS subject (+0.08); direct 1:1 email (+0.05); strongly negative/distressed sentiment (+0.15),ham,0.0949,Other,-0.663,0.2,low,False
buy-r/inbox/407.,Standard & Poor's Risk Solutions and Risk Data Bank to develop a,"Standard & Poor's Risk Solutions and Risk Data Bank to develop a scoring model for Japanese SME's
 
Standard & Poor's Risk Solutions today announced that it has formed a strategic alliance with The Risk Data Bank of Japan Limited (RDB), a leading provider of credit risk data, to jointly develop the first advanced scoring model to assess the creditworthiness of Japanese small and medium-sized enterprises (SMEs).
 
The advanced scoring model will be fully developed by June 2002 and will leverage Standard & Poor's analytic strength and global credit experience, and RDB's comprehensive database of financial information and robust default data.
 
As a membership organization, RDB has, to date, op",,risksolutions@standardandpoors.com,0.4,medium,urgent/critical language (+0.12),ham,0.2278,Other,0.959,0.2,low,False
buy-r/inbox/816.,FW: Reconciliation Across Risk Applications,"Please can you add Steve and myself into this loop.

Thanks

MRP

 -----Original Message-----
From: 	Port, David  
Sent:	Wednesday, September 05, 2001 8:59 AM
To:	Curry, Wanda; Buy, Rick; Piper, Greg
Cc:	Beck, Sally; Apollo, Beth; Wilson, Shona; Victorio, Tom; Murphy, Ted; Bradford, William S.
Subject:	RE: Reconciliation Across Risk Applications

Wanda

I believe this will give us a good sense of the validity of the information we rely on to make the assessments about risk that we are expected to make. I have mentioned this concept before - I envisioned an application (possibly using our 3d tools) that would allow an interested user to assess data flow visually, similar to the way we control","wanda.curry@enron.com, david.port@enron.com",mark.pickering@enron.com,0.2,low,reply/forward chain (-0.05),ham,0.0856,Work,0.921,0.4,medium,False
campbell-l/all_documents/1561.,SUPPLEMENTAL Weekend Outage Report for 4-27-01 through 4-30-01,"------------------------------------------------------------------------------
------------------------
W E E K E N D   S Y S T E M S   A V A I L A B I L I T Y

F O R

April 27, 2001 5:00pm through April 30, 2001 12:00am
------------------------------------------------------------------------------
------------------------

          
SCHEDULED SYSTEM OUTAGES: 

ARDMORE DATA CENTER - FACILITY OPERATIONS: No Scheduled Outages.

AZURIX: No Scheduled Outages.

EB34 DATA CENTER - FACILITY OPERATIONS: No Scheduled Outages.

EDI SERVER: No Scheduled Outages.

ENRON CENTER SOUTH DATA CENTER - FACILITY OPERATIONS: No Scheduled Outages

ENRON NORTH AMERICAN LANS:  No Scheduled Outages.

FIELD SERVICE",houston.report@enron.com,enron.announcements@enron.com,0.7,high,urgent/critical language (+0.24); direct 1:1 email (+0.05); strongly negative/distressed sentiment (+0.15),ham,0.111,Work,-0.893,0.2,low,False
arnold-j/_sent_mail/301.,Re: Stress Testing,"Frank:
One of the most likely scenarios for a VAR blowout would be a severe cold 
front hitting the country in the middle to latter part of the winter.  In 
such a circumstance, cash may separate from prompt futures similar to how 
Midwest power traded $5000+ on specific days last year while prompt futures 
were $200.  The correlation between prompt and cash is normally very strong, 
and is indicated by the small VAR associated with a spread position 
currently.  But in the winter that may change.
Another thing to keep in mind while developing this scenario is the 
assymetric risk presented by having a spread position on.  Assuming we enter 
the winter with normal to below normal storage lev",frank.hayden@enron.com,john.arnold@enron.com,0.3,low,reply/forward chain (-0.05); direct 1:1 email (+0.05),ham,0.1022,Work,0.605,0.4,medium,False
buy-r/_sent_mail/94.,Board Review of KCS,"The above transaction was presented to the Board on 1-29-2001. There was 
considerable discussion which I have summarized below.

Returns: were the returns sufficient to syndicate the risk. I answered 
positively, which is what the capital price addresses. The dash return is a 
blended debt and equity return.(?)

Was the $19 million excess proceeds enough to allow the company to operate. I 
answered yes since 85% of reserves are producing and little capital will be 
needed to develop pdnp and pud reserves.

Is management capable of operating or will they be in chapter 11 again soon. 
I answered that the bankruptcy was a result of overpaying for Wyoming deal 
and low commodity prices last two","david.gorte@enron.com, bradford.larson@enron.com, david.delainey@enron.com,  john.thompson@enron.com, ben.glisan@enron.com",rick.buy@enron.com,0.2,low,bulk/automated/fyi language (-0.08),ham,0.1985,Work,0.8,0.4,medium,False
bass-e/sent/783.,5 X 24,"Dale,

Have you heard anything more on the 5 X 24s?  We would like to get this 
product out ASAP.


Thanks,

Eric",dale.neuner@enron.com,eric.bass@enron.com,0.6,high,urgent/critical language (+0.12); ALL CAPS subject (+0.08); direct 1:1 email (+0.05),ham,0.0958,Work,0.66,0.6,high,True
dasovich-j/all_documents/1568.,Leading Edge - Saturday Tickets!!!,"Congratulations!  You have won ""the right to buy"" a ticket to The Leading
Edge Haas Technology Conference for Saturday, 23 September 2000.

If you are still interested in purchasing this ticket, please follow the
link below to purchase your ticket via Acteva.  Please buy your ticket
immediately, as this password is only valid until Wednesday, 20 September,
at 5:00 PM.  Unwanted tickets must be reallocated to someone on the waitlist.

URL:            http://www.acteva.com/booking.cfm?bevaid=8134&Referrer_id=3348
Password:       edge56

IMPORTANT:  If you know that you do not want your ticket, please respond to
this message ASAP so we can give it to someone on the waitlist.

You may download t",,ticketing@theleadingedge.org,0.6,high,urgent/critical language (+0.12); action-required language (+0.07); 3 exclamation(s) in subject (+0.10),ham,0.1161,Other,0.979,0.4,medium,False
arnold-j/discussion_threads/93.,concord Crash,"---------------------- Forwarded by John Arnold/HOU/ECT on 09/06/2000 06:59 
PM ---------------------------


""Zerilli, Frank"" <fzerilli@POWERMERCHANTS.COM> on 09/06/2000 06:46:47 AM
To: ""'jarnold@enron.com'"" <jarnold@enron.com>
cc:  
Subject: concord Crash




 concord

 - concord.jpg",craig.breslau@enron.com,john.arnold@enron.com,0.5,medium,direct 1:1 email (+0.05); strongly negative/distressed sentiment (+0.15),ham,0.0889,Personal,-0.66,0.1,low,False
dasovich-j/all_documents/11541.,"=?ANSI_X3.4-1968?Q?Three_strikes=01,_bill_hits_California,_et_al?=","From today's Gas Daily:


=01+Three strikes=01, bill hits California

California Assemblyman Dennis Cardoza,
a Democrat, will introduce a bill today that will
make it a felony for any energy supplier in California
to engage in a conspiracy to drive up prices
or manipulate the market.

The bill would apply to any company selling
gas or electricity into the state or to any of the
state=01,s utilities, said a spokesman for Cardoza.

Under terms of the proposed legislation,
offenders would be subject to California=01,s ""three
strikes"" law, which sentences convicted felons
to jail for life after three offenses. Directors, officers
or any other employees associated with
market manipulation of a co","leslie.lawner@enron.com, james.steffes@enron.com, steve.walton@enron.com,  susan.mara@enron.com, alan.comnes@enron.com, ray.alvarez@enron.com, donna.fulton@enron.com, jeff.dasovich@enron.com, christi.nicolay@enron.com, linda.robertson@enron.com, richard.shapiro@enron.com",rebecca.cantrell@enron.com,0.6,high,urgent/critical language (+0.24); question in subject (+0.04); broadcast to 11 recipients (-0.12); strongly negative/distressed sentiment (+0.15),ham,0.1339,Work,-0.955,0.3,low,False
baughman-d/inbox/338.,A Taste of Luxury from The Westin Palace,"The Westin Palace in Madrid Offers a Tantalizing Taste of Luxury

Commissioned by a king and constructed in classic belle ?poque
style, The Westin Palace in the heart of Madrid is a monument to
elegance.  During the months of December 2001 and January 2002,
this prestigious member of Starwood Hotels and Resorts is
offering its Taste of Luxury special, featuring a complimentary
fourth night and full American daily buffet breakfast at an
exceptional rate of $823.90 USD, inclusive of taxes.  Valid during
the rest of the year at rates according to season, this enticing
special requires a minimum three-night stay and is bookable
online.

This exquisite hotel, ideal for the discerning traveler, of",don.baughman@enron.com,news@luxurylink.com,0.4,medium,urgent/critical language (+0.12); bulk/automated/fyi language (-0.08); direct 1:1 email (+0.05),ham,0.2025,Other,0.99,0.1,low,False
beck-s/all_documents/1896.,MG Intergration,"There are clearly a large number of people who need to know what is happening 
on the integration of the MG metals business and a large number of fluid 
teams working on different aspects of the project; however, most issues 
related to the integration process will only be of interest to a subset of 
the people involved.

We currently have two main forums for information sharing available to 
members of the integration team:

The weekly newsletter produced by Fiona Grant in PR, which from 30 June 
onwards will be sent to EEL management and the heads of those departments 
represented on the Integration Team.
A weekly meeting on Friday mornings from 8am to 9am in NW1006, which has been 
put in",ect.integration@enron.com,katrina.chapman@enron.com,0.2,low,bulk/automated/fyi language (-0.16); direct 1:1 email (+0.05),ham,0.0902,Work,0.967,0.3,low,True
dasovich-j/all_documents/10476.,DWR Option Expires,"FYI.  DWR declines to extend option (which is amazing because our deal is one 
of the few deals that would help CA - lower prices today).

Jim

----- Forwarded by James D Steffes/NA/Enron on 03/29/2001 07:04 AM -----

	Christopher F Calger@ECT
	03/28/2001 06:39 PM
		 
		 To: Tracy Ngo/PDX/ECT@ECT, Tim Belden/HOU/ECT@ECT, Louise 
Kitchen/HOU/ECT@ECT, John J Lavorato/Corp/Enron, Mark E Haedicke/HOU/ECT@ECT, 
James D Steffes/NA/Enron@Enron, William S Bradford/Enron@EnronXGate
		 cc: 
		 Subject: DWR Option Expires

FYI - we proposed several alternatives to DWR that would effectively extend 
our put swaption through the end of April for a cost to ENA of approximately 
$5MM.  None of those were a","jeff.dasovich@enron.com, steven.kean@enron.com, richard.shapiro@enron.com",james.steffes@enron.com,0.4,medium,urgent/critical language (+0.24); bulk/automated/fyi language (-0.16),ham,0.0895,Work,0.946,0.4,medium,True
cuilla-m/deleted_items/164.,Are you in debt?,"Are you in debt? Having trouble paying it off? We can help!
We can consolidate your bills into just one monthly payment
and help achieve the following:

- Save you a lot of money by eliminating late fees
- Settle your accounts for a substantially reduced amount
- Stop creditors calling you on the phone
- Help avoid bankruptcy
- And more!

By first reducing, and then completely removing your debts,
you will be able to start fresh. Why keep dealing with the
stress, headaches, and wasted money, when you can
consolidate your debts and pay them off much sooner! To
obtain more information, with no obligations or costs,
please reply to this email, fill out the form below, and 
return it to us. Your",8d5h1uq3@msn.com,1n776p@msn.com,0.4,medium,question in subject (+0.04); direct 1:1 email (+0.05),ham,0.4849,Other,0.675,0.1,low,False
beck-s/all_documents/3343.,General Alarm---Enron Metals Recycling,"FYI - Check my voice mail message that I left for you and call me when you 
can.  
---------------------- Forwarded by Sally Beck/HOU/ECT on 01/30/2001 12:34 PM 
---------------------------


Rick Buy
01/30/2001 11:01 AM
To: John Sherriff/LON/ECT@ECT, Michael R Brown/LON/ECT@ECT, Ted 
Murphy/LON/ECT@ECT, Fernley Dyson/LON/ECT@ECT
cc: Richard Causey/Corp/Enron@ENRON, Shona Wilson/NA/Enron@Enron, Sally 
Beck/HOU/ECT@ECT 
Subject: General Alarm---Enron Metals Recycling

A ""Doorstep"" inspection of this business was performed in accordance with our 
procedures and apparently this business is a disaster!!! We need immediate 
action on this up to and including shutting it down. This was the worst w",mike.jordan@enron.com,sally.beck@enron.com,0.6,high,urgent/critical language (+0.24); bulk/automated/fyi language (-0.08); direct 1:1 email (+0.05); negative sentiment (+0.08),ham,0.0864,Work,-0.454,0.6,high,True
buy-r/_sent_mail/75.,How Are You?,"Are you alive? How is your health? Is stress a big part of your life?

Hope all is well. You are doing a great job there for us but if it gets to be 
too much we'll try to help. I noticed that west power has already made a 
fortune this year so it must be crazy. 

Rick",tracy.ngo@enron.com,rick.buy@enron.com,0.4,medium,question in subject (+0.04); direct 1:1 email (+0.05),ham,0.1262,Personal,0.748,0.3,low,False
baughman-d/power/24_hour/66.,Turret Phone Outage,"Please make sure your group is aware of the phone outage.

Thanks Tjae
---------------------- Forwarded by Tamara Jae Black/HOU/ECT on 02/16/2001=
=20
11:28 AM ---------------------------
From: David Cummings/ENRON@enronXgate on 02/16/2001 11:23 AM
To: Lucy Marshall/Enron Communications@Enron Communications, Tamara Jae=20
Black/HOU/ECT@ECT, Angie Collins/HOU/ECT@ECT, Betty J=20
Coneway/ENRON@enronXgate, Stacy Weatherly/Corp/Enron@Enron, Lynn=20
Tippery/HOU/ECT@ECT, Heather Choate/HOU/ECT@ECT, Helen Marie=20
Taylor/HOU/ECT@ECT, Ina Rangel/HOU/ECT@ECT, Airam Arteaga/HOU/ECT@ECT,=20
Kimberly Brown/HOU/ECT@ECT, Jody Underwood/ENRON@enronXgate, Kathy=20
Bass/HOU/EES@EES, Sally Slaughter/Enron Com","kayne.coulter@enron.com, don.baughman@enron.com, richard.hrabal@enron.com,  larry.jester@enron.com, juan.hernandez@enron.com",tamara.black@enron.com,0.5,medium,urgent/critical language (+0.24),ham,0.0747,Work,0.84,0.5,medium,True
campbell-l/all_documents/1730.,"RE: 150 mW DEC Cap for ""Emergency Exempt"" for EDRP","""Mark Younger"" <mdy@slater-consulting.com> writes to the NYISO_TECH_EXCHANGE 
Discussion List:

If only 150 MW can be called on when the NYISO needs them then no more than
150 MW should be allowed to qualify as ICAP providers.  The purpose of ICAP
is to assure that the NYISO has capacity when it needs it.  ""Having"" the
capacity and then not being allowed to use it makes the capacity worthless.
Resources that cannot be called upon are do not add to system security.

-----Original Message-----
From: owner-nyiso_dltf@lists.nyiso.com
[mailto:owner-nyiso_dltf@lists.nyiso.com] On Behalf Of jdprunkl
Sent: Friday, May 11, 2001 3:55 PM
To: 'Larry DeWitt: PACE'; PRLWG
Subject: RE: 150 mW DEC Cap for ""","nyiso_dltf@lists.nyiso.com, dewitt@nycap.rr.com, jdprunkl@earthlink.net",owner-nyiso_tech_exchange@lists.thebiz.net,0.6,high,urgent/critical language (+0.24); reply/forward chain (-0.05); negative sentiment (+0.08),ham,0.1229,Work,-0.527,0.2,low,False
dasovich-j/notes_inbox/3557.,Fwd: Calif. Assembly approves $13.4 bln power bond sale,"Content-Transfer-Encoding: quoted-printable
Date: Tue, 08 May 2001 08:51:33 -0500
From: ""Tracey Bradley"" <tbradley@bracepatt.com>
To: ""Justin Long"" <jlong@bracepatt.com>
Cc: ""Aryeh Fishman"" <afishman@bracepatt.com>, ""Andrea Settanni"" 
<asettanni@bracepatt.com>, ""Charles Ingebretson"" 
<cingebretson@bracepatt.com>, ""Charles Shoneman"" <cshoneman@bracepatt.com>, 
""Deanna King"" <dking@bracepatt.com>, ""Dan Watkiss"" <dwatkiss@bracepatt.com>, 
""Gene Godley"" <ggodley@bracepatt.com>, ""Kimberly Curry"" 
<kcurry@bracepatt.com>, ""Michael Pate"" <mpate@bracepatt.com>, ""Paul Fox"" 
<pfox@bracepatt.com>, ""Ronald Carroll"" <rcarroll@bracepatt.com>
Subject: Calif. Assembly approves $13.4 bln power bond sale
Mime-","mmilner@coral-energy.com, rreilley@coral-energy.com,  ray.alvarez@ei.enron.com, acomnes@enron.com, dfulton@enron.com, jdasovic@enron.com, jsteffe@enron.com, smara@enron.com, snovose@enron.com, tbelden@enron.com, gackerman@wptf.org",rcarroll@bracepatt.com,0.3,low,urgent/critical language (+0.24); bulk/automated/fyi language (-0.08); reply/forward chain (-0.05); broadcast to 11 recipients (-0.12),ham,0.1597,Work,0.3,0.3,low,True
bass-e/sent/1050.,Rebooks,"---------------------- Forwarded by Eric Bass/HOU/ECT on 04/02/2001 10:18 AM 
---------------------------
   
	
	
	From:  Julie Brewer @ ENRON                           04/02/2001 09:58 AM
	

To: Kam Keiser/HOU/ECT@ECT, Victor Guggenheim/HOU/ECT@ECT, Phillip M 
Love/HOU/ECT@ECT, Sandy Olitsky/HOU/ECT@ECT, Jeffrey C Gossett/HOU/ECT@ECT, 
Susan M Scott/HOU/ECT@ECT, Janie Aguayo/HOU/ECT@ECT, Larry Joe 
Hunter/HOU/ECT@ECT, Kim S Theriot/HOU/ECT@ECT, Kara L Boudreau/HOU/ECT, Jean 
Bell/HOU/ECT@ECT, Jeff Royed/Corp/Enron@ENRON, Anne Bike/Corp/Enron@Enron, 
Errol McLaughlin/Corp/Enron@ENRON, Laura Vargas/Corp/Enron@ENRON, Luchas 
Johnson/NA/Enron@Enron, Sherry Dawson/NA/Enron@Enron, Derek 
Bailey/C",chance.rabon@enron.com,eric.bass@enron.com,0.3,low,direct 1:1 email (+0.05),ham,0.0617,Work,0.896,0.3,low,True
beck-s/all_documents/5070.,Re: UK Gas late deal input and deal booking errors - o1.1m hit,"Thanks David,

I am addressing the 'undue influence' issue via the PRC process, but we all 
know that this is a partial solution - it's about changing the culture 
(Europe isn't any better or worse in this respect) and this is a more 
intransigent problem that we need to work at every single day (I have to say 
that the Helsinki scare was really helpful in this respect - I think you 
would notice a difference).

I'll ask James and Mike to follow up on your specific points.

Regards

Fernley


   


From:  David Port @ ENRON                                                     
        12/06/2000 19:35	
	
	
	                           
	

To: Fernley Dyson/LON/ECT@ECT
cc: Steve W Young/LON/ECT",david.port@enron.com,fernley.dyson@enron.com,0.6,high,action-required language (+0.14); reply/forward chain (-0.05); direct 1:1 email (+0.05); strongly negative/distressed sentiment (+0.15),ham,0.1045,Work,-0.869,0.3,low,False
bass-e/discussion_threads/162.,GAME TONIGHT @ 9:45,Let me know whether or not you will be there.  Please try to make it by 9:15.,"brian.hoskins@enron.com, luis.mena@enron.com, matthew.lenhart@enron.com,  timothy.blanchard@enron.com, bryan.hull@enron.com, jeffrey.gossett@enron.com, o'neal.winfree@enron.com, david.baumbach@enron.com, kenneth.shulklapper@enron.com, nick.hiemstra@enron.com",eric.bass@enron.com,0.2,low,broadcast to 10 recipients (-0.12),ham,0.0822,Work,0.318,0.3,low,True
dasovich-j/all_documents/10178.,Re: Conf. Call re: California,"Thursday and Friday at 10:30 AM.

Best,
Jeff



	Ginger Dernehl
	03/20/2001 03:01 PM
		 
		 To: Jeff Dasovich/NA/Enron@Enron, Susan J Mara/NA/Enron@ENRON, Mark 
Palmer/Corp/Enron@ENRON, Linda Robertson/NA/Enron@ENRON, Paul 
Kaufman/PDX/ECT@ECT, Steven J Kean/NA/Enron@Enron, James D 
Steffes/NA/Enron@Enron, Janel Guerrero/Corp/Enron@Enron
		 cc: Joseph Alamo/NA/Enron@Enron, Cindy Derecskey/Corp/Enron@Enron, Lora 
Sullivan/Corp/Enron@ENRON, Lysa Akin/PDX/ECT@ECT, Maureen 
McVicker/NA/Enron@Enron, Marcia A Linton/NA/Enron@Enron, Linda J 
Noske/HOU/ECT@ECT
		 Subject: Conf. Call re: California

Rick would like to schedule a 90 minute conference call regarding 
""California: A midcourse assessment",ginger.dernehl@enron.com,jeff.dasovich@enron.com,0.5,medium,urgent/critical language (+0.12); action-required language (+0.07); reply/forward chain (-0.05); direct 1:1 email (+0.05),ham,0.0747,Work,0.922,0.3,low,False
badeer-r/discussion_threads/233.,Stage 1 Emergency,"STAGE 1 EMERGENCY NOTICE [200000208]

Effective 08/26/2000 at 16:00 the California Independent System Operator
has implemented Stage 1 of the Electrical Emergency Plan. The Plan has
been implemented for the following reasons:

Lack of resources

Stage 1 is expected to be in effect from HE 15
through HE 18.

Participating transmission owners are to notify the Utility Distribution
Companies within their operational areas.

Stage 1:    Operating reserves are less than minimum. Advise the Utility
            Distribution Company of potential power shortages and request
            the UDC to advise end-use customers to reduce demand to minimum
            requirements without disruption of emplo",,awe@caiso.com,0.7,high,urgent/critical language (+0.24); strongly negative/distressed sentiment (+0.15),ham,0.1235,Work,-0.891,0.7,high,True
beck-s/all_documents/1299.,Estimate Power Cashflows,"---------------------- Forwarded by Stacey W White/HOU/ECT on 10/06/2000 
09:26 AM ---------------------------


Clara Carrington
10/05/2000 04:31 PM
To: Stacey W White/HOU/ECT@ECT
cc:  
Subject: Estimate Power Cashflows


---------------------- Forwarded by Clara Carrington/HOU/ECT on 10/05/2000 
04:30 PM ---------------------------


Kathy Reeves
10/03/2000 02:58 PM
To: Clara Carrington/HOU/ECT@ECT
cc:  
Subject: Estimate Power Cashflows

Note:  Our power curve is a critical component of the cashflows and this has 
not yes been finalized.",sally.beck@enron.com,stacey.white@enron.com,0.5,medium,urgent/critical language (+0.12); direct 1:1 email (+0.05); negative sentiment (+0.08),ham,0.0701,Work,-0.551,0.4,medium,True
cuilla-m/bernhardt/1.,,"Hello, My name is Rosemary Findley. I am a sales consultant with House
Dressing Furniture, in Greensboro, NC.  I just received your email and would
love to help you if possible. Please call me toll free at 1-800-322-5850,
between 8:30am and 5:30pm Monday- Friday. We are not allowed by our
manufacturers to give prices on the internet at this time. Sorry for the
inconvenience, but again, feel free to call for prices. Thank you for
contacting us!  Please visit our website www.housedressing.com
Rosemary",martin.cuilla@enron.com,rosemaryf@housedressing.com,0.3,low,direct 1:1 email (+0.05),ham,0.2745,Other,0.946,0.2,low,True
campbell-l/discussion_threads/312.,"Weekly Report, Roswell Area","On behalf of EOTT, an environmental records review was completed for a block 
of Koch crude oil pipeline assets located in south Texas.  There were no 
issues or environmental deficiencies identified during the review.  A due 
diligence was recommended to verify confirmation of the housekeeping  
activities presented in the records review.

The air permit modification for the La Plata C/S was received from the state 
of Colorado.  This modification allows for additional emissions and fuel use 
as a result of  a change in gas quality supplies in the San Juan basin.","rick.loveless@enron.com, mike.riedel@enron.com, scott.jones@enron.com,  john.steenberg@enron.com",larry.campbell@enron.com,0.4,medium,strongly negative/distressed sentiment (+0.15),ham,0.1198,Work,-0.743,0.2,low,False
allen-p/_sent_mail/342.,Re: receipts,received the file.  It worked.  Good job.,maryrichards7@hotmail.com,phillip.allen@enron.com,0.3,low,reply/forward chain (-0.05); direct 1:1 email (+0.05),ham,0.1199,Personal,0.44,0.2,low,True
arnold-j/deleted_items/217.,Help the Sept. 11 disaster relief effort,"---------------------------------------------------------------------------------
MEMBERSHIP REWARDS EMAIL UPDATE

October 11, 2001
---------------------------------------------------------------------------------


We send this e-mail every month to tell you about special rewards
and bonus points opportunities.  If you do not wish to receive
these e-mails, please refer to the instructions at the bottom of
this message.

-------------------------------------------------------------------------------------------------
Redeem MEMBERSHIP REWARDS points to support the September 11th disaster relief
effort.
------------------------------------------------------------------------------------------",jarnold@ei.enron.com,402075.16792233.1@1.americanexpress.com,0.6,high,urgent/critical language (+0.24); direct 1:1 email (+0.05),ham,0.3051,Other,0.994,0.1,low,False
cash-m/sent/411.,Re: October 26 Corporate HR Leadership Team Meeting,"I am not at all surprised!!!!  Michelle





Andrea Yowman@ENRON
10/25/2000 03:58 PM
To: Michelle Cash/HOU/ECT@ECT
cc:  
Subject: Re: October 26 Corporate HR Leadership Team Meeting  

Already working on it... 
ay



Michelle Cash@ECT
10/25/2000 03:38 PM
To: Andrea Yowman/Corp/Enron@ENRON
cc:  

Subject: October 26 Corporate HR Leadership Team Meeting

Andrea, would it be possible to update our list to show the current progress 
on the ""30 days"" items?  I think you have a better handle on the timelines 
than I would.  Thanks.  Michelle

---------------------- Forwarded by Michelle Cash/HOU/ECT on 10/25/2000 03:38 
PM ---------------------------


Gerry Gibson@ENRON
10/25/2000 11:49 AM
To: An",andrea.yowman@enron.com,michelle.cash@enron.com,0.3,low,reply/forward chain (-0.05); direct 1:1 email (+0.05),ham,0.0562,Work,0.844,0.2,low,True
campbell-l/sent/167.,P-1 NOV Issue,"The State of New Mexico has issued the settlement penalty for the turbine 
replacement issue at the P-1 C/S.  You may remember that the original amount 
levied against Transwestern in 1997  was $14,700.  After the Air Quality 
Bureau sat on this issue for more than 4 years, they reassessed the penalty 
to be $162,770.  I would like to get together and discus what our options are 
on this.","john.shafer@enron.com, william.kendrick@enron.com, louis.soldano@enron.com",larry.campbell@enron.com,0.3,low,,ham,0.1387,Work,-0.296,0.6,high,False
beck-s/europe/143.,Third report on Helsinki office,"Steve,
I am still a little out of it from my travels, but let me take a first shot 
at my reaction to this:
 I think we ought to at least challenge the notion that the mark-to-market 
exposure is so arcane as to be dismissed.  Generally, time is of the essence 
in most contractual relationships and the value of that time should take into 
account both time value of money and the value of the underlying at critical 
times.  
 I think that RAC should be deeply involved in setting negotiating strategy 
and be part of any decisions made.
I will add to this if and when the haze clears up.
Ted
---------------------- Forwarded by Ted Murphy/HOU/ECT on 02/20/2000 04:15 PM 
--------------------------",steve.young@enron.com,ted.murphy@enron.com,0.6,high,urgent/critical language (+0.24); direct 1:1 email (+0.05),ham,0.0841,Work,0.392,0.4,medium,False
campbell-l/all_documents/1634.,Weekend Outage Report for 5-4-01 through 5-7-01,"------------------------------------------------------------------------------
------------------------
W E E K E N D   S Y S T E M S   A V A I L A B I L I T Y

F O R

May 4, 2001 5:00pm through May 7, 2001 12:00am
------------------------------------------------------------------------------
------------------------

SCHEDULED SYSTEM OUTAGES: 

ARDMORE DATA CENTER - FACILITY OPERATIONS: No Scheduled Outages.

AZURIX: No Scheduled Outages.

EB34 DATA CENTER - FACILITY OPERATIONS: No Scheduled Outages.

EDI SERVER: No Scheduled Outages.

ENRON CENTER SOUTH DATA CENTER - FACILITY OPERATIONS: No Scheduled Outages

ENRON NORTH AMERICAN LANS: 
Impact:  ENS
Time:  Fri 5/4/2001 at  9:00:00 PM CT th",houston.report@enron.com,enron.announcements@enron.com,0.6,high,urgent/critical language (+0.24); direct 1:1 email (+0.05),ham,0.1159,Other,-0.137,0.2,low,False
dasovich-j/all_documents/11618.,Re:,Thanks. jeff,9069761@skytel.com,jeff.dasovich@enron.com,0.3,low,reply/forward chain (-0.05); direct 1:1 email (+0.05),ham,0.0553,Work,0.44,0.1,low,True
bass-e/deleted_items/129.,NEW Refinery Turnarounds Information!,"Petroleum


Argus

  _____  


To find out more email:
rlippock@energyargus.com <mailto:rlippock@energyargus.com>

or telephone: 
202-775-0240 ext 304 
Refinery Turnarounds:
The Latest on Refinery Maintenance!
_______________________________________________________________ 

Dear Colleague:

Petroleum Argus has in-depth information for you on refinery maintenance!

Petroleum Argus' Refinery Turnarounds service offers the latest information on scheduled and unscheduled maintenance, detailing the unit size and duration of the turnaround - for both domestic and international plants. We also analyze the impact of shutdowns on crude and product prices. 

How do we get this information?

Petroleum",eric.bass@enron.com,r-8-56294-4033990-2-1447-us2-44461ab9@xmr3.com,0.5,medium,1 exclamation(s) in subject (+0.05); direct 1:1 email (+0.05); negative sentiment (+0.08),ham,0.3283,Other,-0.471,0.1,low,False
campbell-l/inbox/1018.,SYSTEM OUTAGE,"CORRECTION, PLEASE READ

IMPORTANT  MESSAGE!  PLEASE READ!

FILENET SYSTEM OUTAGE

NOVEMBER 16, 2001




The FileNET System is scheduled to be down for monthly offline backups.   All users including IPayIt will not be able to access the System after 5:00pm on  Friday November 16th.   The FileNet system will not be available for use until Monday morning, November 19th due to additional database management.  We apologize for any inconvenience this outage may cause. 

If you have any questions or concerns about this outage, please feel free to call the Help Desk @ 713-853-1555 Option #1


Envision/Encompass Support Team
Document Mgmt and Process Automation
713/853-1555 Opt 1","judy.knepshield@enron.com, john.gillespie@enron.com",sylvia.thomas@enron.com,0.6,high,urgent/critical language (+0.24); ALL CAPS subject (+0.08),ham,0.1232,Work,0.948,0.5,medium,False
bass-e/deleted_items/217.,What's New with Online Account Services?,<http://images.bigfootinteractive.com/creative/new/attws/dec/oas/images/spacer.gif>	  <http://images.bigfootinteractive.com/creative/new/attws/dec/oas/images/spacer.gif>	  <http://images.bigfootinteractive.com/creative/new/attws/dec/oas/images/spacer.gif>	  <http://images.bigfootinteractive.com/creative/new/attws/dec/oas/images/spacer.gif>	  <http://images.bigfootinteractive.com/creative/new/attws/dec/oas/images/spacer.gif>	  <http://images.bigfootinteractive.com/creative/new/attws/dec/oas/images/spacer.gif>	  <http://images.bigfootinteractive.com/creative/new/attws/dec/oas/images/spacer.gif>	  <http://images.bigfootinteractive.com/creative/new/attws/dec/oas/images/spacer.gif>	  <http://imag,ebass@enron.com,newsletter@capitalone.bfi0.com,0.4,medium,question in subject (+0.04); direct 1:1 email (+0.05),ham,0.2376,Other,0.178,0.1,low,False
campbell-l/notes_inbox/554.,PREAKNESS,"[IMAGE]	[IMAGE]
	
	?
	
	The second  Jewel of the Triple Crown, the Preakness, is running this weekend 
at  Pimlico. Betanything started accepting  horse wagers by telephone at 
800-582-5881 before the Kentucky Derby.  This service has been well received 
by our customers. If you can't get  to the track this weekend, call us and 
place a wager and enjoy the race  on TV. The rules and payouts are listed in 
the Rules and Regulations  section of our site.
	
	Get your racing  form at http://www.racingform.com.
	
	Betanything  continues to offer PGA golf matchups on both Saturday and 
Sunday. NASCAR  odds and spreads are available for the Busch series and the 
Winston Cup  series.
	
	The NBA  pla",customerservice@betanything.com,customerservice@betanything.com,0.4,medium,ALL CAPS subject (+0.08); direct 1:1 email (+0.05),ham,0.1997,Other,0.972,0.1,low,False
dasovich-j/all_documents/11285.,Re: Sacramento Pres Final 4_13_01(projected).ppt,"Jeff - please call me regarding the growing turmoil surrounding the 
allocation of Socal and PG&E backbone capacity. In case you did not know, we 
own 550 MMcf/d on El Paso for a 5 year term in addition to 25 MMcf/d of 
incremental capacity on Kern's emergency open season. We need to be very 
plugged in to discussions/meetings/regulatroy proceedings in California.  
(GIR/Gas Accord etc.)

Do you have adequate resources to handle the gas issues in CA? I imagine that 
you are totally booked just dealing with the power issues.  

Please advise.

Regards,

Stephanie


From: Jeff Dasovich on 04/19/2001 12:28 PM
Sent by: Jeff Dasovich
To: Jeffery Fawcett/Enron@EnronXGate, Steven Harris/ET&S/Enron@",jeff.dasovich@enron.com,stephanie.miller@enron.com,0.4,medium,urgent/critical language (+0.12); action-required language (+0.07); bulk/automated/fyi language (-0.08); reply/forward chain (-0.05); direct 1:1 email (+0.05),ham,0.0659,Work,0.562,0.6,high,False
bailey-s/all_documents/5.,Credit/Legal Seminar EB49c4 (Session 6 ),"Letters of Credit, Guaranties, & Equity Structures",,taffy.milligan@enron.com,0.3,low,,ham,0.1887,Work,0.382,0.2,low,True
campbell-l/notes_inbox/150.,"Alert Posted: 6:10 PM December 5, 2000: CGC Interruptible notice","Alert Posted: 6:10 PM December 5, 2000: CGC Interruptible notice for Wed., 
12/06/00 at 10 AM.
ATTENTION CGC INTERRUPTIBLE CUSTOMERS AND THEIR SHIPPERS:
Effective at 10 AM, Wednesday, December 6, 2000 and until further notice, 
Chattanooga Gas Company (CGC) is issuing a curtailment order for all 
interruptible customers. The interruptible customers are limited to their 
scheduled gas from the interstate pipelines plus any firm contract amounts 
with CGC. No other CGC gas is available for interruptible sales at this time 
(sometimes these interruptible sales have been refered to as incremental or 
emergency gas).","dscott4@enron.com, lcampbel@enron.com",gascontrol@aglresources.com,0.6,high,urgent/critical language (+0.12); strongly negative/distressed sentiment (+0.15),ham,0.1241,Work,-0.919,0.6,high,True
bass-e/discussion_threads/921.,Weekend Outage For 11-22-00 through 11-27-00,"------------------------------------------------------------------------------
------------------------
W E E K E N D   S Y S T E M S   A V A I L A B I L I T Y

F O R

November 22, 2000 5:00pm through November 27, 2000 12:00am
------------------------------------------------------------------------------
------------------------
                                                       

SCHEDULED SYSTEM OUTAGES: 

ARDMORE DATA CENTER - FACILITY OPERATIONS: No Scheduled Outages.

AZURIX: No Scheduled Outages.

EB34 DATA CENTER - FACILITY OPERATIONS: No Scheduled Outages.

EDI SERVER: No Scheduled Outages.

ENRON NORTH AMERICAN LANS:  
Impact:  ENS
Time:  Wed 11/22/2000 at  11:59:00 PM CT thru T",houston.report@enron.com,enron.announcements@enron.com,0.7,high,urgent/critical language (+0.24); direct 1:1 email (+0.05); strongly negative/distressed sentiment (+0.15),ham,0.1152,Work,-0.888,0.2,low,False
buy-r/_sent_mail/145.,Re: RAC Organization Changes??,"After rereading 3 times I see your point. Didn't mean it that way. Before I 
sent it out I had Ted and Karen review as well as another person in corp. 
None had any comments. I asked Dave Gorte if he saw anything negative in it, 
he did not. Didn't mean to slight you in any way and I apologize if I did. 
Rick",steve.young@enron.com,rick.buy@enron.com,0.4,medium,reply/forward chain (-0.05); question in subject (+0.04); direct 1:1 email (+0.05); negative sentiment (+0.08),ham,0.0815,Work,-0.374,0.3,low,False
arnold-j/sent/355.,Re: LAST CHANCE TO REGISTER!!,Please take me off your mailing list,aedc@aedc.org,john.arnold@enron.com,0.4,medium,2 exclamation(s) in subject (+0.10); reply/forward chain (-0.05); direct 1:1 email (+0.05),ham,0.1433,Personal,0.682,0.1,low,False
baughman-d/inbox/289.,RE: A beautiful thing,"Don,

The pictures are so small, that I am unable to identify who the driver and
passenger are in theses pictures.  Please advise.

Joe

-----Original Message-----
From:	Baughman Jr., Don [mailto:Don.Baughman@ENRON.com]
Sent:	Thursday, November 15, 2001 10:15 AM
To:	Bat Oggero (E-mail); Christian Kvorning (E-mail); Clint Wilson (E-mail);
David Nobles (E-mail); Eric Korth (E-mail); Gerald Snapka (E-mail); Jay
Purdom (E-mail); Jeff Lenamon (E-mail); Joe Ebert (E-mail); Joe Kuehler
(E-mail); Kari Tracey (E-mail); Kenneth Schall (E-mail); Lalena Stavinoha
(E-mail); Marc Stewart (E-mail); Mark Doggett (E-mail); Matt Doggett
(E-mail); Mike Newman (E-mail); Patricia Baughman (E-mail); Patty Polensk",don.baughman@enron.com,jebert@eadslink.com,0.4,medium,action-required language (+0.07); reply/forward chain (-0.05); direct 1:1 email (+0.05),ham,0.0759,Work,0.908,0.2,low,False
blair-l/_sent_mail/34.,FW: How to use UPS for shipping on the internet,"Ava, are you going to be available for this meeting?  I would like to know
the outcome of the meeting in relation to any concerns on sending out
invoices.    Thanks. Lynn
---------------------- Forwarded by Lynn Blair/ET&S/Enron on 06/17/2001 05:24 PM ---------------------------
From:	Ricki Winters/ENRON@enronXgate on 06/13/2001 01:56 PM
To:	Sharon Brown/ET&S/Enron@ENRON, Ava Garcia/ET&S/Enron@Enron, Alma Carrillo/ET&S/Enron@ENRON, Alma Green/FGT/Enron@ENRON
cc:	hou1vlm@ups.com@SMTP@enronXgate, Lynn Blair/ET&S/Enron@ENRON, Mike Bryant/OTS/Enron@ENRON, Shelley Corman/ENRON@enronXgate, Rick Dietz/ET&S/Enron@ENRON, Brad Holmes/ENRON@enronXgate, Steven January/ET&S/Enron@ENRON, Sheila Nacey/ET&S",ava.garcia@enron.com,lynn.blair@enron.com,0.4,medium,action-required language (+0.07); reply/forward chain (-0.05); direct 1:1 email (+0.05),ham,0.0752,Work,0.96,0.4,medium,True
campbell-l/discussion_threads/1449.,Email down for awhile!!,"Not that many of you care.? But since I am  moving to Tulsa, my computer will 
be down for awhile and my email is going to be  shut off this Friday.? 
Therefore, I am going to have to move over to my  hotmail account.? The 
address is scotlilly@hotmail.com? However,  because of the limited space on 
hotmail, I will have to ask you not to send  (large) forwards for awhile.? I 
will write everybody when I get a new ISP  and tell you guys the new 
address.? 
?
?
?
Scot Lilly
?
?","3flatiron@home.com, wfranca@solarc.com, wboswell@ionet.net, staylor@kwtv.com,  shonda@webzone.net, shellie4ou@home.com, campbsr@okstate.edu, osupikapp@yahoo.com, rtalley@mailhost.tcs.tulane.edu, pjgarcia1113@hotmail.com, rosenp@okstate.edu, ptsaras@msn.com, nina1@ionet.net, narmstrong@fagauto.com, nikitawatts@hotmail.com, n_lilly@hotmail.com, nhelton@fagauto.com, holly.e.nelson@nordstrom.com, muthukri@hotmail.com, mikedio@hotmail.com, mattsadventures@hotmail.com, brierley1@one.net.au, gordo72@acnet.net, lydia.laske@merial.com, lutzknapp@cs.com, acehole@telepath.com, slindsa@okstate.edu, gasprof@hotmail.com, lllilly@earthlink.net, lcampbel@enron.com, llaubach@solarc.com, uccxkvb@okstate.edu, kbradley1276@yahoo.com, kmoczyg@yahoo.com, kaprat@earthlink.net, kvanpelt@flash.net, slosh25@hotmail.com, joeyross25@hotmail.com, trixelv@yahoo.com, jbroker@solarc.com, jburgell@hotmail.com, jeffschminke@yahoo.com, bigrednose@hotmail.com, edensj@okstate.edu, jtdevinney@yahoo.com, ginger.holley@williams.com, heidars@okstate.edu, evanda01@noa.nintendo.com, edwinedwin@hotmail.com, desireemantell@hotmail.com, dac4710@okstate.edu, welch_dave@provalue.net, cbodenhamer@tjpi.com, corywash@aol.com, colec@missouri.edu, cliff@jalopyjournal.com, batchec@okstate.edu, achuk23@aol.com, chad.bullard@williams.com, cfenderson@hotmail.com, jbroad@ionet.net, bvanpelt@flash.net, bwettemann@hotmail.com, bdryan2@mn.mediaone.net, r_selleck@yahoo.com, acharlot@hotmail.com, hub94@aol.com",lilly_osu@provalue.net,0.4,medium,2 exclamation(s) in subject (+0.10); broadcast to 67 recipients (-0.12); negative sentiment (+0.08),ham,0.1873,Personal,-0.42,0.1,low,False
blair-l/sent_items/532.,RE: Gas Control Morning Report,"Dale, what is the timing for adding this information.  Also are you
	or John setting up the meeting to discuss the accounting imbalance
	info?  Thanks. Lynn

 -----Original Message-----
From: 	Powell, Don  
Sent:	Tuesday, July 17, 2001 1:59 PM
To:	Blair, Lynn; Ratliff, Dale; Trevino, Linda; Thompson, Rodney; Bodnar, Michael
Subject:	Gas Control Morning Report

Mike and I met today and have completed creation and testing of the database processes to breakup storage as follows.  Dale's team can implement these changes when ever they desire.  Please call Mike or I with questions.

Service			Database / Excel Procedure
Net FDD			No Change
Packet				ETSMorningReportPacket (date)
PNR				ETSMorningR","don.powell@enron.com, dale.ratliff@enron.com, michael.bodnar@enron.com",lynn.blair@enron.com,0.2,low,reply/forward chain (-0.05),ham,0.0875,Work,0.894,0.4,medium,False
campbell-l/c_s_no__9_remediation/12.,TW Roswell Station - Waste Characterization of Pit Areas,"Soil sampling for waste characterization was completed on September 6th. Bill 
Olson with the NMOCD was on-site to observe the sampling activities. 
Twenty-two soil samples were collected from the two former pit areas. Lab 
results indicate that the impacted soil samples do not trigger RCRA hazardous 
waste criteria, more specifically:
? for all 22 samples, all TCLP VOC constituents were non-detect
? for all 22 samples, all TCLP SVOC constituents were non-detect
? for all 22 samples, all TCLP Metal constituents were non-detect with only 
two exceptions. Arsenic was detected in the TCLP extract for two samples; one 
at 1.41 mg/L and another at 2.18 mg/L, both below the RCRA regulatory limit 
","larry.campbell@enron.com, william.kendrick@enron.com,  louis.soldano@enron.com, cutty.cunningham@enron.com, john.shafer@enron.com",george.robinson@enron.com,0.4,medium,strongly negative/distressed sentiment (+0.15),ham,0.1272,Work,-0.876,0.3,low,False
corman-s/inbox/archives/429.,"Kase Hedging Class, Early Bird 'til 3/11, Houston","<http://rs6.net/on.jsp?t=1010958872739.1010945481275&o=http://ccprod.roving.com/roving/images/p1x1.gif>
  <http://www.kaseco.com/images/kasecologo03.gif>	
Derivatives For
Energy Professionals 


Two Full Days, April 9 ? 10, 2002
Early Bird Special Deadline is March 11th
Houston, TX

  <http://www.kaseco.com/images/plug.gif>	  <http://www.kaseco.com/images/textfade.gif>	
Energy and Power Consumers and Producers? 

Are you a consumer that hesitated to buy forward in 2000 or bought too soon last year? Are you a producer who hedged too early in 2000 and did not hedge enough in early 2001? Did you take undue credit risk because you did not know how to estimate exposure? Are you comforting yoursel",shelley.corman@enron.com,info@pmaconference.com,0.6,high,urgent/critical language (+0.24); direct 1:1 email (+0.05),ham,0.2048,Other,0.892,0.2,low,False
baughman-d/discussion_threads/372.,Winfield Technology,"Winfield Tchnology will be here tommorrow to demo their software from 2-3:30 
p.m. in room 3127 the big room next to T.Jae.  Your presence is appreciated.  
Jeff Miller saw the demo two weeks ago and suggested that we atleast look at 
it.

Thanks
Kayne","john.kinser@enron.com, rudy.acevedo@enron.com, juan.hernandez@enron.com,  miguel.garcia@enron.com, joe.stepenovitch@enron.com, joe.errigo@enron.com, doug.miller@enron.com, larry.campbell@enron.com, chad.starnes@enron.com, dean.laurent@enron.com, don.baughman@enron.com, christopher.watts@enron.com, steve.olinde@enron.com, larry.jester@enron.com, juan.padron@enron.com, benjamin.rogers@enron.com, narsimha.misra@enron.com, patrick.hanse@enron.com, mauricio.trejo@enron.com, dustin.collins@enron.com, jim.homco@enron.com, lloyd.will@enron.com, jeffrey.miller@enron.com, tom.may@enron.com, clint.dean@enron.com, smith.day@enron.com, madhup.kumar@enron.com",kayne.coulter@enron.com,0.2,low,broadcast to 27 recipients (-0.12),ham,0.1204,Work,0.735,0.4,medium,False
bass-e/notes_inbox/294.,Weekend Outage For 11-22-00 through 11-27-00,"------------------------------------------------------------------------------
------------------------
W E E K E N D   S Y S T E M S   A V A I L A B I L I T Y

F O R

November 22, 2000 5:00pm through November 27, 2000 12:00am
------------------------------------------------------------------------------
------------------------
                                                       

SCHEDULED SYSTEM OUTAGES: 

ARDMORE DATA CENTER - FACILITY OPERATIONS: No Scheduled Outages.

AZURIX: No Scheduled Outages.

EB34 DATA CENTER - FACILITY OPERATIONS: No Scheduled Outages.

EDI SERVER: No Scheduled Outages.

ENRON NORTH AMERICAN LANS:  
Impact:  ENS
Time:  Wed 11/22/2000 at  11:59:00 PM CT thru T",houston.report@enron.com,enron.announcements@enron.com,0.7,high,urgent/critical language (+0.24); direct 1:1 email (+0.05); strongly negative/distressed sentiment (+0.15),ham,0.1152,Work,-0.888,0.2,low,False
blair-l/deleted_items/280.,FREE Shipping & Handling @ Fingerhut.com!,"Fingerhut.com  Shop Now!  [IMAGE] [IMAGE] [IMAGE] 	
 [IMAGE] [IMAGE] [IMAGE]  Don't get left out in the cold ?  shop today and SAVE!  [IMAGE] Place your first order at Fingerhut.com and get FREE SHIPPING & HANDLING  on almost every product on our site!  [IMAGE] Order right now - whether you're looking for a new comforter, the latest DVD player, a kitchen table or a tool set, you'll find it all at Fingerhut.com ! We have a huge selection of brand-name products for you, your home and your family. [IMAGE]  FREE Shipping  [IMAGE]  [IMAGE]  [IMAGE] click to shop  [IMAGE] [IMAGE][IMAGE][IMAGE][IMAGE][IMAGE] [IMAGE]    [IMAGE]   [IMAGE]Apply Today,  Buy Today!  30-second online  credit decision  De",lblair@enron.com,special@flowgo.com,0.4,medium,1 exclamation(s) in subject (+0.05); direct 1:1 email (+0.05),ham,0.2861,Other,0.984,0.1,low,False
campbell-l/inbox/927.,Scheduled Envision System Outage,"IMPORTANT MESSAGE!

PLEASE READ THIS MESSAGE!

FILENET SYSTEM OUTAGE

AUGUST 17 - 19, 2001

All users will NOT be able to access the System after close of business on Friday the 17th and we anticipate users having full access on Monday morning August 20th. 

The FileNET System is scheduled to be down for maintenance to start upgrade process to IMS 3.5. This upgrade will be done in several stages, the first stage being the Oracle database. For this upgrade all batches scanned or imported into queues must be cleared from the FileNET System by Friday, August 17th at noon. 

 

If you have any questions or concerns about this outage, please feel free to call the Help Desk @ 713-853-1555 Option #",automation.document@enron.com,automation.document@enron.com,0.6,high,urgent/critical language (+0.24); direct 1:1 email (+0.05),ham,0.1136,Other,0.96,0.5,medium,False
cuilla-m/discussion_threads/7.,Prices,"Martin Cuilla   -  Houston,   TX   77030

Re your inquiry, here are the requested items; -Paris collection
346-222    Rectangular dining table      1,722.00
346-242    Dining table top                  1,080.00
346-244    Pedestal table base             1,290.00
346-501    Slat back sidechair                365.00
346-502    Slat back Armchair               399.00
346-555   Upholstered oval back sidechair       365.00
346-556   Upholstered oval back Armchair      399.00
Prices quoted above do not include shipping cost.

PLEASE NOTE THAT ALL PRICES ARE SUBJECT TO MANUFACTURER'S INCREASE.  SENDING
YOUR DEPOSIT PROMPTLY WILL LESSEN YOUR CHANCE OF AN INCREASE.
THANK YOU FOR YOUR UNDERSTANDING.
D",mcuilla@enron.com,royalinteriors@twave.net,0.3,low,direct 1:1 email (+0.05),ham,0.2762,Other,0.981,0.2,low,True
dasovich-j/all_documents/10759.,Enron Mentions - 04/06/01,"USA: UPDATE 1-Calif. bankruptcy ripples through utilities shares.
Reuters English News Service, 04/06/2001

Pacific Gas and Electric Company Files for Chapter 11 Reorganization
Business Wire, 04/06/2001


USA: UPDATE 1-Calif. bankruptcy ripples through utilities shares.

04/06/2001
Reuters English News Service
(C) Reuters Limited 2001.

NEW YORK, April 6 (Reuters) - Shares of utilities companies paused, plummeted 
then pared losses after news on Friday that Pacific Gas & Electric, 
California's largest investor-owned utility, filed for voluntary bankruptcy, 
a victim the state's flawed deregulation law. 
Trade in shares of parent company PG&E Corp. were halted before the filing. 
When tradin",sharonda.stephens@enron.com,sharonda.stephens@enron.com,0.5,medium,urgent/critical language (+0.12); direct 1:1 email (+0.05),ham,0.1257,Work,0.739,0.2,low,False
campbell-l/discussion_threads/1031.,DEFERRAL PROGRAM ENROLLMENT DEADLINE IS FRIDAY,"=20

This FRIDAY, DECEMBER 8, 2000 (5:00 p.m. CST) is the deadline for deferral=
=20
program enrollment.  Following the deadline, no new elections or changes to=
=20
existing elections will be accepted. =20
To learn more about your deferral program opportunities and to enroll for=
=20
2001 deferrals, access eHRonline at http://ehronline.enron.com.  (Call the=
=20
ISC Help Desk at 713-345-4727 if you need your ID or password to access the=
=20
system.)

1. Review the program descriptions (attached to the Election Form) before y=
ou=20
make your elections.
2. If you decide to defer compensation, complete the Election Form before=
=20
Friday, December 8,  2000, 5:00 p.m. CST (the enrollment dea",eligible.employees@enron.com,enron.announcements@enron.com,0.7,high,urgent/critical language (+0.24); ALL CAPS subject (+0.08); direct 1:1 email (+0.05),ham,0.1997,Work,0.752,0.6,high,True
carson-m/deleted_items/187.,Commissioner.COM E-Reports for Feeley's FFL 10/26/01,"[IMAGE] =09
 Fantasy Football on Live Radio!  Be sure to tune into SportsLine Radio eve=
ry Friday at 4 pm ET for The Fantasy Advantage, the most informative and en=
tertaining Fantasy Football Show on the Net! Commissioner.COM Managing Edit=
or Scott Engel and featured expert Michael Fabiano have all the latest news=
 and analysis for you, along with insights from beat writers and pro footba=
ll insiders! Enjoy a full hour of Fantasy Football talk every week!  NFL FA=
NS - SAVE 10% on Team Caps!  Represent your team in a fitted, adjustable or=
 logo cap. Enter coupon code CTP6W92Y at checkout to receive this exclusive=
 offer. Ends 11/6/01.  Attention Fantasy Fans!  Subscribe to The Sportin",mike.carson@enron.com,noreply@ccomad3.uu.commissioner.com,0.3,low,direct 1:1 email (+0.05),ham,0.1051,Other,0.936,0.1,low,True
beck-s/discussion_threads/568.,Happy New Year - No Y2K Fear!,"We are wrapping up several hours in the office and have tested all 
commodities front to back.  We found a few minor issues, primarily reports 
with report dates that were incorrect.  The content and underlying 
calculations in the reports were correct.  These were really just query and 
formatting issues.  All were quick fixes of five minutes or less.  So at this 
point we feel confident about our system situation.  More will unfold with 
counterparties next week, but hopefully all found this as uneventful as have 
we.  

Hope your new year's celebration was fun.  We saw pictures of the London 
festivies on TV as we were cooking our New Year's eve dinner last night at 
home.  

See you soon",fernley.dyson@enron.com,sally.beck@enron.com,0.4,medium,1 exclamation(s) in subject (+0.05); direct 1:1 email (+0.05),ham,0.1331,Work,0.95,0.3,low,False
beck-s/europe/141.,Re: Barcelona,"---------------------- Forwarded by Ted Murphy/HOU/ECT on 02/22/2000 04:26 PM 
---------------------------


Steve W Young
02/21/2000 10:45 AM
To: David Port/Corp/Enron@ENRON
cc: David Weekes/LON/ECT@ECT, Tim Poullain-Patterson/LON/ECT@ECT, Robert 
Quick/LON/ECT@ECT, Fernley Dyson/LON/ECT@ECT (bcc: Ted Murphy/HOU/ECT)
Subject: Re: Barcelona  

D Weekes is working with Tim P-P to address the resulting questions and 
should have a briefing memo together for distribution tomorrow.  We will 
follow up to answer Rick's questions at that time.  The major 
issues/questions are still a bit fluid since this just surfaced but  
presently include the following:

Issues/Questions
Exposure - Spread sheet",sally.beck@enron.com,ted.murphy@enron.com,0.7,high,urgent/critical language (+0.24); action-required language (+0.07); reply/forward chain (-0.05); direct 1:1 email (+0.05); negative sentiment (+0.08),ham,0.1174,Work,-0.577,0.3,low,False
crandell-s/inbox/47.,Weekend Outage Report for 1-11-02 through 1-13-02,"_________________________________________________________________ 

WEEKEND SYSTEMS AVAILABILITY

FOR

1/11/2002 5:00:00 PM through 1/13/2002 12:00:00 AM 
_________________________________________________________________ 

SCHEDULED SYSTEM OUTAGES: 

ARDMORE DATA CENTER - FACILITY OPERATIONS:

Impact: ALL

Time: 1/11/2002 7:00 P.M. - 1/11/2002 9:00 P.M.

Outage: Monthly Exercise of Emergency Back-up Chillers

Purpose: Routine exercise of AC equipment

Contact(s): Randy Lord 713.345.7707

 

Impact: ALL

Time: 1/11/2002 6:00 P.M. - 1/11/2002 10:45 P.M.

Outage: Monthly CRAC Maintenance

Purpose: Will be shutting each air handler down one at a time to check belts, filters and drains.

Contact(",,no.address@enron.com,0.7,high,urgent/critical language (+0.24); strongly negative/distressed sentiment (+0.15),ham,0.1122,Work,-0.986,0.2,low,False
arnold-j/_sent_mail/90.,Re: How are you today,"Adam:
Hope your interview goes well.  Things are going crazy in the gas market so, 
unfotunately, I'm stuck at my desk and can't go up for interviews.  

As far as the interview goes, my advise would be the same as any interview.  
Be confident.  Answer the question asked.  Don't be afraid to say you don't 
know but don't make excuses.  Express interest in why you find Enron 
appealing compared to the other 100 companies interviewing.  

The trading training program is still in the works.  Few people outside the 
trading area are even aware of its existence at this point so I wouldn't ask 
any questions about it in the interviews.  If you receive an offer, it would 
probably be for a normal ",adam.r.bayer@vanderbilt.edu,john.arnold@enron.com,0.3,low,reply/forward chain (-0.05); direct 1:1 email (+0.05),ham,0.1029,Work,0.973,0.3,low,True
arnold-j/sent_items/87.,Re: Understanding the natural view,"1.   don't know.  some industrial shutdown is not gas price dependent.  some will not come back at the same prices it went off.  residential conservation i think is underestimated and has a severe lag effect that will not come back as prices fall.  as far as switching i dont think #2 is the floor some people think it is.  maybe #6 is the floor.
2.  you know my outlook for xh,  with slightly above normal weather jan goes out at 2.75 and that is not constrained by a #6 floor.  next jv, too far away to really run the numbers but think natty reestablishes itself as a $2.50-3.50 commodity.  
3. the obvious
4. yes.  believe if we end at 2.6 in the ground, the current nymex forward curve may be fai",jennifer.fraser@enron.com,john.arnold@enron.com,0.4,medium,reply/forward chain (-0.05); direct 1:1 email (+0.05); strongly negative/distressed sentiment (+0.15),ham,0.0946,Work,-0.607,0.3,low,False
bass-e/_sent_mail/682.,Re: dinner,"hey mom,

not much new here.  i made a pittance of what i have lost over the last two 
weeks back today.  what is going on on the home front?  

-e




""K. Bass"" <daphneco64@bigplanet.com> on 07/19/2000 12:39:14 PM
Please respond to ""K. Bass"" <daphneco64@bigplanet.com>
To: Eric Bass <Eric.Bass@enron.com>
cc:  
Subject: Re: dinner



Hola.? How are you?? Make any money  today?? Have you registered to vote?? 
You can register online at  bus2000.com. Talk to you soon.? LU-M
----- Original Message ----- 
From:  Eric Bass  
To: K.  Bass 
Sent: Thursday, June 08, 2000 10:02  AM
Subject: Re: dinner



we will make but won't be there till around 6:30  ish





""K. Bass"" <daphneco64@bigplanet.com> on",daphneco64@bigplanet.com,eric.bass@enron.com,0.4,medium,action-required language (+0.14); reply/forward chain (-0.05); direct 1:1 email (+0.05),ham,0.0971,Personal,0.653,0.2,low,False
campbell-l/all_documents/336.,California Energy Crisis,"California=01,s power crisis has generated heated debate over the last seve=
ral=20
months.  Unfortunately, this debate has generated more heat than light.  We=
=20
want you to know what the facts are and what we are doing about the crisis.=
 =20
Please spend a few minutes reading the following overview on the situation=
=20
and our position on California energy issues.

What happened in California

The source of California=01,s current problem is as straightforward as supp=
ly=20
and demand.  California=01,s economy grew 29 percent since 1998.  This incr=
eased=20
the demand for electricity by 24 percent.  At the same time, regulatory=20
restrictions prevented new generation from getting bu",all.worldwide@enron.com,ken.skilling@enron.com,0.7,high,urgent/critical language (+0.24); direct 1:1 email (+0.05); strongly negative/distressed sentiment (+0.15),ham,0.1439,Work,-0.961,0.4,medium,False
beck-s/all_documents/2670.,DPR Timing,"In order to improve the timeliness of the DPR, a deadline of 12 noon 
following the trading day has been established for the receipt of all 
supporting files.  Please make every effort to meet this deadline or call 
Susan Scott or myself to let us know there will be a delay.  

Please call me if you have any questions about the deadline.  Your 
cooperation is greatly appreciated.","christine.garcia@enron.com, sarah.smith@enron.com, allan.ford@enron.com,  kenneth.lee@enron.com, sheila.glover@enron.com, theresa.brogan@enron.com, bennett.kaufman@enron.com, kristin.albrecht@enron.com, brent.price@enron.com, scott.pleus@enron.com, john.jacobsen@enron.com, brenda.herod@enron.com, stacey.white@enron.com, mark.fondren@enron.com, mark.friedman@enron.com, jill.erwin@enron.com, steve.ross@enron.com, thomas.donovan@enron.com",chris.abel@enron.com,0.4,medium,urgent/critical language (+0.24); broadcast to 18 recipients (-0.12),ham,0.1104,Work,0.893,0.5,medium,True
arnold-j/tasks/8.,AT&T calling card,"Complete application for Troy an AT&T calling card and forward to Morris.
Assigned to: CN=Jeff Arnold/OU=GCO/O=Enron
Updated by: CN=Jeff Arnold/OU=GCO/O=Enron",,outlook-migration-team@enron.com,0.3,low,,ham,0.1218,Work,0.0,0.3,low,True
bass-e/inbox/138.,"Ameritrade e-News, January 2002","<http://www.ameritrade.com/images/01atilogo.gif>  <http://www.ameritrade.com/images/01enews.gif>
  <http://www.ameritrade.com/images/01redbar.gif>
January 2002 	

Do It Now!




Log on to Your Account <http://ameritrade.cq0.net/r/default.asp?R=00008ad7b000221ad>Open an Account <http://www.ameritrade.com/o.cgi?a=agd&p=getting_started/apply_online%2Ehtml>

Make your money work for you
this tax season.

It's Not Too Late to Invest for 2001
Make the most of your IRA by contributing the maximum:
- Contribute up to $2,000 for the 2001 tax year
- Contribute up to $3,000 for the 2002 tax year.
It's easy. Just include an IRA Deposit Slip with your contribution and indicate the desired tax year. Then,",ebass@enron.com,ameritrade_034489@ameritrade.customer-email.com,0.6,high,urgent/critical language (+0.24); direct 1:1 email (+0.05),ham,0.3947,Other,0.936,0.1,low,False
corman-s/sent_items/140.,RE: Add'l Roundtable materials,"Please also put all this data with the weekly calendar

-----Original Message-----=20
From: Winters, Ricki=20
Sent: Thu 10/4/2001 8:43 AM=20
To: Corman, Shelley=20
Cc:=20
Subject: FW: Add'l Roundtable materials



I already have everything printed for this meeting.  Let me know if you wou=
ld like to review prior.=20

 -----Original Message-----=20
From:   Bagot, Nancy =20
Sent:   Thursday, October 04, 2001 8:20 AM=20
To:     Van Norden, Mike; Armstrong, Julie; Benner, Martha; Blair, Lynn; Br=
own, Sharon; Butler, Janet; Cantrell, Rebecca W.; Cappiello, Deborah; Carri=
llo, Alma; Cones, Janet; Cordes, Bill; Corman, Shelley; Dietz, Rick; Dornan=
, Dari; Dushinske, John; Fossum, Drew; Garcia, ",ricki.winters@enron.com,shelley.corman@enron.com,0.3,low,reply/forward chain (-0.05); direct 1:1 email (+0.05),ham,0.0613,Work,0.813,0.3,low,True
allen-p/all_documents/133.,Contact list for mid market,"---------------------- Forwarded by Phillip K Allen/HOU/ECT on 09/12/2000 
11:22 AM ---------------------------

Michael Etringer

09/11/2000 02:32 PM

To: Phillip K Allen/HOU/ECT@ECT
cc:  
Subject: Contact list for mid market

Phillip,
Attached is the list.  Have your people fill in the columns highlighted in 
yellow.  As best can we will try not to overlap on accounts. 

Thanks, Mike","paul.lucci@enron.com, kenneth.shulklapper@enron.com",phillip.allen@enron.com,0.3,low,,ham,0.0663,Work,0.796,0.3,low,True
cash-m/sent_items/414.,FW: Permanent Residency - Pinnamaneni Krishnarao,"FYI  Michelle

 -----Original Message-----
From: 	Daffin, Margaret  
Sent:	Wednesday, October 31, 2001 11:35 AM
To:	Milenia <misoto (E-mail)
Cc:	Cash, Michelle
Subject:	Permanent Residency - Pinnamaneni Krishnarao

Milly:  I have been asked to contact you to determine the status of the Permanent Residency application for Mr. Krishnarao.

On checking an old file for Mr. Krishnarao, I see that you started his Green Card application, based on Outstanding Researcher, in November, 1995.  There are also copies of the I-765 in the file, which I assume means that Mr. Krishnarao is already in the Adjustment of Status stage of the process?

I would appreciate you letting myself and Michelle Cash know ",j.kaminski@enron.com,michelle.cash@enron.com,0.2,low,bulk/automated/fyi language (-0.08); reply/forward chain (-0.05); direct 1:1 email (+0.05),ham,0.0996,Work,0.95,0.4,medium,False
campbell-l/discussion_threads/487.,RE: Draft Permits for Stations 3 and 4,"Here are my comments on the Draft Permits:

1.  EPA did not include the stain tube request for sulfur monitoring.  The 
methods that are currently listed are wet chemistry methods.  As we 
discussed, since the permit allows us to use an APPROVED, alternate method, 
we will need to submit this request at some time.  For the time being, since 
we want to receive this permit ASAP we should be able to accept the permit as 
is.
2.  It is my understanding that the limits given on CO and NOx are based on 
ppm @ 15% O2 and not going to the full ISO conversion.  We may want to double 
check that with the agency.   Arnold -- Do we have guarantees from GE to back 
up these limits?
3.  The responsible o",larry.campbell@enron.com,ruth.jensen@enron.com,0.4,medium,urgent/critical language (+0.12); reply/forward chain (-0.05); direct 1:1 email (+0.05),ham,0.1491,Work,0.884,0.4,medium,True
campbell-l/inbox/721.,RE: just checking..first one never went out,"""Kirkpatrick, Joe"" <joe.kirkpatrick@nrgenergy.com> writes to the NYISO_TECH_EXCHANGE Discussion List:

Pre-contingency voltage limits have to be respected in order to validate
any existing interface limits.

As far as I can remember (the memory is the second thing to go)
stability limits are calculated using offline studies. Minimum voltage
limits are part of the study parameters, any voltages experienced in the
R/T that are below the minimum voltage limits used in the offline study
invalidates the stability limits. In other words if you cannot respect
the minimum voltage limits the stability limits are rendered invalid,
system operators do not know if the system can withstand the worst
syst","market_relations@nyiso.com, nyiso_tech_exchange@global2000.net",joe.kirkpatrick@nrgenergy.com,0.4,medium,reply/forward chain (-0.05); strongly negative/distressed sentiment (+0.15),ham,0.104,Work,-0.648,0.2,low,False
arnold-j/sent_items/391.,RE:,"i had to cover some.  too much risk.  rode most of it back down.  i think this whole event is bearish energy....

 -----Original Message-----
From: 	Fraser, Jennifer  
Sent:	Tuesday, September 18, 2001 12:58 PM
To:	Arnold, John
Subject:	RE: 

i'm going to assume you did nothuing about yr book and you are back exactly where you were before all this happened..correct?

 -----Original Message-----
From: 	Arnold, John  
Sent:	Tuesday, September 18, 2001 12:48 PM
To:	Fraser, Jennifer
Subject:	

seems to me trade guys are getting royally fucked in crude",jennifer.fraser@enron.com,john.arnold@enron.com,0.4,medium,reply/forward chain (-0.05); direct 1:1 email (+0.05); strongly negative/distressed sentiment (+0.15),ham,0.068,Work,-0.67,0.3,low,False
bailey-s/deleted_items/90.,Management Changes,"With Ken Lay's resignation, you undoubtedly have questions about Enron's management structure and what lies ahead for the company.  The purpose of this communication is to begin to answer those questions and lay out the direction we plan to follow as we regroup and rebuild.

First, the Creditors Committee has proposed that the Board of Directors retain an interim CEO to focus on the restructuring process.  This is a positive sign that the Committee believes Enron will provide greater value as a viable ongoing business.

The Enron Board of Directors has approved Stephen Cooper as interim CEO and chief restructuring officer.  Steve is the managing partner of Zolfo Cooper, a corporate recovery ",dl-ga-all_enron_worldwide2@enron.com,coo.jeff@enron.com,0.5,medium,urgent/critical language (+0.12); direct 1:1 email (+0.05),ham,0.1114,Work,0.964,0.6,high,False
crandell-s/deleted_items/75.,"Today's Headlines from NYTimes.com Wednesday, January 23, 2002","TODAY'S HEADLINES
The New York Times on the Web
Wednesday, January 23, 2002
------------------------------------------------------------
For news updated throughout the day, visit www.nytimes.com


QUOTE OF THE DAY
=========================
""When they are being moved from place to place, will they be
restrained in a way so that they are less likely to be able
to kill an American soldier? You bet. Is it inhumane to do
that? No. Would it be stupid to do anything else? Yes.""
-SECRETARY OF DEFENSE DONALD H. RUMSFELD, on prisoners from Afghanistan who are being held in Cuba.

http://www.nytimes.com/2002/01/23/international/americas/23DETA.html?todaysheadlines


NATIONAL
=========================
",chuck.randall@enron.com,nytdirect@nytimes.com,0.6,high,urgent/critical language (+0.12); direct 1:1 email (+0.05); strongly negative/distressed sentiment (+0.15),ham,0.1944,Other,-0.978,0.2,low,False
campbell-l/inbox/345.,"NYISO - Software changes for September 27, 2001","FCiani@nyiso.com writes to the NYISO_TECH_EXCHANGE Discussion List:

Dear Market Participants,

Administrative changes will be made to the MIS database to prepare for
future
Virtual Bidding development  These changes will have no noticeable effects
on
MIS performance or functionality, however, these changes will require a
short
MIS outage.  The outage will begin at approximately 11:35 on September 27,
2001
and last for 30 minutes.

If you have any questions, please call Customer Relations at 518-356-6060.

Regards,

Customer Relations",tie_list_server@nyiso.com,fciani@nyiso.com,0.6,high,urgent/critical language (+0.24); direct 1:1 email (+0.05),ham,0.1234,Work,0.402,0.2,low,False
dasovich-j/all_documents/1767.,RE: FW: Urgent/Confidential to ALL ON 'BLIND' LIST: Speaker(s) Ne,"---------------------- Forwarded by Susan J Mara/SFO/EES on 09/26/2000 11:20 
AM ---------------------------


MBD <MDay@GMSSR.com> on 09/26/2000 12:14:23 PM
To: ""'Susan J Mara'"" <smara@enron.com>
cc:  
Subject: RE: FW: Urgent/Confidential to ALL ON 'BLIND' LIST: Speaker(s) Ne 
ede d to brief Governor's Office


Now that I know that Anthony and George Cluff are organizing the event, I
would stay far, far away.  Maybe it would be good for them to talk to Gray
Davis, just to clear up this energy thing for him.

-----Original Message-----
From: Susan J Mara [mailto:smara@enron.com]
Sent: Tuesday, September 26, 2000 9:16 AM
To: MBD
Cc: 'Jeff Dasovich Enron SF'; Mona L Petrochko; Sandra McCubbin
","jeff.dasovich@enron.com, mona.petrochko@enron.com, sandra.mccubbin@enron.com,  paul.kaufman@enron.com",susan.mara@enron.com,0.6,high,urgent/critical language (+0.24); reply/forward chain (-0.05); strongly negative/distressed sentiment (+0.15),ham,0.0613,Work,-0.787,0.3,low,False
bass-e/discussion_threads/347.,Harrison,"your running backs suck - what do you want for harrison?

rb and wr (carter)",kenneth.shulklapper@enron.com,eric.bass@enron.com,0.4,medium,direct 1:1 email (+0.05); negative sentiment (+0.08),ham,0.1421,Personal,-0.421,0.1,low,False
allen-p/deleted_items/9.,Your Weekly Movie Showtimes from Amazon.com,"[IMAGE]
[IMAGE]=09=09=09=09=09Showtimes starting Friday, December 28, 2001, near  Z=
IP code 77055 To receive showtimes for a ZIP  code different from 77055 in =
future e-mails,  click here . =09[IMAGE]=09
[IMAGE]=09 =09 [IMAGE] Now  Playing: The Royal Tenenbaums  The Royal Tenenb=
aums   RGene Hackman, Gwyneth Paltrow    Royal Tenenbaum had three children=
--all geniuses. And when this absentee father returns one  winter, with an =
unexpected revelation, the Tenenbaums find that genius  doesn't help any in=
 reuniting a dysfunctional family. From Wes Anderson, the  director of Bott=
le Rocket and Rushmore,  The  Royal Tenenbaums  is the hilarious story of  =
a family of brilliant eccentrics",pallen@enron.com,showtimes@amazon.com,0.3,low,direct 1:1 email (+0.05),ham,0.109,Other,0.726,0.1,low,True
campbell-l/all_documents/1548.,ACCOUNT NOTIFICATION: Margin email notice,"Dear Larry Campbell:

As a margin account holder, you know how important it is to receive 
information about your account in a quick and timely manner. One of 
the ways we notify customers about a margin call is with a letter, but 
unfortunately that letter often arrives too late for timely action. 
That's why we've decided to stop sending regular mail notification of 
margin calls to our customers. 

E-mail is the fastest way for us to notify you about a margin call. We 
will continue to provide you with speedy e-mail notification, and are 
committed to steadily improving our already top-rated e-mail service. 
Please check your inbox regularly and make sure that the e-mail 
address we have ",lcampbel@enron.com,accountinfo@datek.m0.net,0.6,high,urgent/critical language (+0.24); direct 1:1 email (+0.05),ham,0.2776,Other,0.96,0.3,low,False
bass-e/sent/414.,Fwd: Fw: Professional Quiz,"---------------------- Forwarded by Eric Bass/HOU/ECT on 08/31/2000 12:08 PM 
---------------------------


""Brett Lawler"" <brettlawler@hotmail.com> on 08/31/2000 03:34:13 AM
To: a_diekman@hotmail.com, chris_a_regnier@yahoo.com, John9375@aol.com, 
CHMARGAU@aol.com, srhea@acm.org, Eric Bass/HOU/ECT@ECT
cc:  
Subject: Fwd: Fw: Professional Quiz






>From: ""Christine Lane"" <cll@prodigy.net>
>To: ""brett lawler"" <brettlawler@hotmail.com>
>Subject: Fw: Professional Quiz
>Date: Thu, 10 Aug 2000 18:42:05 -0000
>
>
>----- Original Message -----
>From: Diane Zarembo <diane@harrisonpersonnel.com>
>To: Micah Gartman <bingham@pdq.net>; Chris Lane <cll@prodigy.net>; Lauren
>Lawler <l.lawler@mail.utexas.","david.baumbach@enron.com, o'neal.winfree@enron.com,  michael.walters@enron.com, jody.crook@enron.com, bryan.hull@enron.com, daphneco64@bigplanet.com, lwbthemarine@bigplanet.com, jason.bass2@compaq.com, gary.lamphier@enron.com",eric.bass@enron.com,0.1,low,reply/forward chain (-0.05); broadcast to 9 recipients (-0.12),ham,0.079,Personal,0.886,0.1,low,True
cuilla-m/deleted_items/269.,Claim your Real Estate Fortune!,"START BUILDING YOUR REALESTATE EMPIRE TODAY!!!
 
If you've always been intrigued with the idea of
investing in real estate but thought you lacked
the money or the know-how, have we got news for you!
 
**Learn How To Make A Fortune In Real Estate Regardless Of Your Current Net Worth!!
 
**Learn Our Exclusive Method For Putting $3500 In Your Pocket In 2 Weeks or Less!!
 
**Learn How To Profit From Properties Without Ever Having To Take Ownership!!
 
* Learn How You Can Buy Investment Properties Even If You Have Marginal or No Credit
 
Please Click Below
 http://neo2.neotraffix.com/retb
 
**************************************
To be removed from future mailings, click below, and send
mailto:nom",kfijxttaxk@mail2.emediatemail.com,dontwait@mail2.emediatemail.com,0.4,medium,1 exclamation(s) in subject (+0.05); direct 1:1 email (+0.05),ham,0.45,Other,0.847,0.1,low,False
cuilla-m/deleted_items/38.,SKI ... for free; hot airfare deals!,"<http://www.expedia.com/default.asp?rfrr=-1412>  
home
<http://www.expedia.com/pubspec/scripts/eap.asp?GOTO=HOME&rfrr=-1412>
flights
<http://www.expedia.com/pubspec/scripts/eap.asp?GOTO=FLIGHTLAUNCH&rfrr=-
1412>  hotels
<http://www.expedia.com/pubspec/scripts/eap.asp?GOTO=HOTLAUNCH&rfrr=-141
2>  cars <http://www.expedia.com/pub/agent.dll?qscr=carw&rfrr=-1412>
vacations
<http://www.expedia.com/pubspec/scripts/eap.asp?GOTO=PKGLAUNCH&rfrr=-141
2>  cruises
<http://www.expedia.com/pubspec/scripts/eap.asp?GOTO=CRUISELAUNCH&rfrr=-
1412>  deals
<http://www.expedia.com/pubspec/scripts/eap.asp?GOTO=DEALS&rfrr=-1412>
guides <http://www.expedia.com/daily/guides/default.asp?rfrr=-1412>
maps
<http://www.e",mcuilla@ect.enron.com,expediatraveldeals_029350@expedia.customer-email.com,0.6,high,urgent/critical language (+0.24); 1 exclamation(s) in subject (+0.05); direct 1:1 email (+0.05),ham,0.2269,Other,0.907,0.1,low,False
campbell-l/notes_inbox/291.,Weekend Outage For 11-22-00 through 11-27-00,"------------------------------------------------------------------------------
------------------------
W E E K E N D   S Y S T E M S   A V A I L A B I L I T Y

F O R

November 22, 2000 5:00pm through November 27, 2000 12:00am
------------------------------------------------------------------------------
------------------------
                                                       

SCHEDULED SYSTEM OUTAGES: 

ARDMORE DATA CENTER - FACILITY OPERATIONS: No Scheduled Outages.

AZURIX: No Scheduled Outages.

EB34 DATA CENTER - FACILITY OPERATIONS: No Scheduled Outages.

EDI SERVER: No Scheduled Outages.

ENRON NORTH AMERICAN LANS:  
Impact:  ENS
Time:  Wed 11/22/2000 at  11:59:00 PM CT thru T",houston.report@enron.com,enron.announcements@enron.com,0.7,high,urgent/critical language (+0.24); direct 1:1 email (+0.05); strongly negative/distressed sentiment (+0.15),ham,0.1152,Work,-0.888,0.2,low,False
bass-e/discussion_threads/179.,BRUTAL,"You had to hit below the belt.  We were having a friendly shit talking 
contest, which, by the way, you started, and then you took the gloves off.

What's up with that?",timothy.blanchard@enron.com,eric.bass@enron.com,0.6,high,ALL CAPS subject (+0.08); direct 1:1 email (+0.05); strongly negative/distressed sentiment (+0.15),ham,0.1268,Personal,-0.738,0.1,low,False
bass-e/_sent_mail/16.,Re: Game tonight,"whats the skinny on tonight?


To:	Eric Bass/HOU/ECT@ECT, O'Neal D Winfree/HOU/ECT@ECT, David Baumbach/HOU/ECT@ECT, Denver Plachy/NA/Enron@Enron, Michael Walters/HOU/ECT@ECT, reagan_mathews@enron.net
cc:	 
Subject:	Game tonight

Tonight's game is at 6.  Who's in/out?",timothy.blanchard@enron.com,eric.bass@enron.com,0.3,low,reply/forward chain (-0.05); direct 1:1 email (+0.05),ham,0.0882,Personal,0.0,0.3,low,True
campbell-l/inbox/1042.,Action Requested:  Past Due Invoice for User: LARRY CAMPBELL,"Alert!
You are receiving this message because you have an unresolved invoice in your iPayit in-box that is past due.  It is critical that you login to iPayit and take immediate action to resolve this invoice.

Remember, you play an important role in ensuring that we pay our vendors on time.

Tip!:  You must login to the system to forward this invoice to another user.

To launch iPayit, click on the link below:
http://iPayit.enron.com
Note:  Your iPayit User ID and Password are your eHRonline/SAP Personnel ID and Password.

First time iPayit user?  For training materials, click on the link below:
http://isc.enron.com/site/doclibrary/user/default.asp

Need help?
North America: ISC Call Center ",f..campbell@enron.com,ipayit@enron.com,0.6,high,urgent/critical language (+0.24); direct 1:1 email (+0.05),ham,0.2105,Work,0.876,0.5,medium,False
buy-r/discussion_threads/186.,Cypress Exploration Program--Operator/Cash Call Issue,"i guess this is the answer to my inquiry on cypress issue-rick
---------------------- Forwarded by Rick Buy/HOU/ECT on 11/29/2000 08:22 AM 
---------------------------
From: Travis McCullough on 11/28/2000 09:59 AM
To: Mark E Haedicke/HOU/ECT@ECT, Rick Buy/HOU/ECT@ECT
cc:  
Subject: Cypress Exploration Program--Operator/Cash Call Issue

Mark and Rick:

Attached is an e-mail from Teresa Bushman passing on what she has learned 
about the circumstances surrounding the operator/cash call issue.  Let me 
know if there is anything I can do to follow up on this matter.  

Travis McCullough
Enron North America Corp.
1400 Smith Street EB 3817
Houston Texas 77002
Phone:  (713) 853-1575
Fax: (713) 646-",rick.carson@enron.com,rick.buy@enron.com,0.4,medium,action-required language (+0.07); direct 1:1 email (+0.05),ham,0.0753,Work,0.942,0.4,medium,True
dasovich-j/all_documents/13375.,Energy Issues,"Please see the following articles:

Sac Bee, Tues, 6/5:  Ose electricity bill buffeted by political storms

Sac Bee, Tues, 6/5: Bush vs. price caps: Economists correct a faulty power=
=20
lecture (Editorial)

SD Union, Tues, 6/5: A game of victims and villains

SD Union, Tues, 6/5: Idled plants coming back on line

SD Union, Mon, 6/4: Planned plant shutdowns easing, boosting state's power=
=20
supply

SF Chron, Tues, 6/5: Chevron threatens to cut gas supply in state=20

SF Chron, Tues, 6/5: PG&E creditors approve bonuses=20
Utility must file reorganization plan by end of year, or CEO only gets=20
$600,000 extra

SF Chron, Tues, 6/5: 56% favor limits on electricity prices, poll finds

SF Chro","ann.schmidt@enron.com, bryan.seyfried@enron.com, elizabeth.linnell@enron.com,  filuntz@aol.com, james.steffes@enron.com, janet.butler@enron.com, jeannie.mandelker@enron.com, jeff.dasovich@enron.com, joe.hartsoe@enron.com, john.neslage@enron.com, john.sherriff@enron.com, joseph.alamo@enron.com, karen.denne@enron.com, lysa.akin@enron.com, mark.palmer@enron.com, mark.schroeder@enron.com, markus.fiala@enron.com, michael.brown@enron.com, mona.petrochko@enron.com, nicholas.o'day@enron.com, peggy.mahoney@enron.com, peter.styles@enron.com, richard.shapiro@enron.com, rob.bradley@enron.com, sandra.mccubbin@enron.com, shelley.corman@enron.com, stella.chan@enron.com, steven.kean@enron.com, susan.mara@enron.com, mike.roan@enron.com, alex.parsons@enron.com, andrew.morrison@enron.com, lipsen@cisco.com, janel.guerrero@enron.com, shirley.hudler@enron.com, kathleen.sullivan@enron.com, tom.briggs@enron.com, linda.robertson@enron.com, lora.sullivan@enron.com, jennifer.thome@enron.com, jkradin@marathon-com.com, rlichtenstein@marathon-com.com, syamane@marathon-com.com, ken@kdscommunications.com, hgovenar@govadv.com, sgovenar@govadv.com, bhansen@lhom.com, carin.nersesian@enron.com, robert.neustaedter@enron.com, john.shelk@enron.com, chris.holmes@enron.com, evan.hughes@enron.com, roberta.staehlin@enron.com, lamar.frazier@enron.com, ban.sharma@enron.com, pat.shortridge@enron.com, karen.moore@enron.com",miyung.buster@enron.com,0.6,high,urgent/critical language (+0.24); broadcast to 57 recipients (-0.12); strongly negative/distressed sentiment (+0.15),ham,0.1333,Work,-0.691,0.2,low,False
carson-m/discussion_threads/65.,Fw: Pictures!,"---------------------- Forwarded by Mike Carson/Corp/Enron on 10/25/2000 
10:56 AM ---------------------------


""Heather Hill"" <hhill@houston.rr.com> on 10/24/2000 08:14:35 AM
To: <mike.carson@enron.com>
cc:  

Subject: Fw: Pictures!


Our little bundle of joy!  He said to tell you that he misses you and can't
wait for you to get home and change his dirty diaper!  I'll save it for you.

Hugs and Kisses,
Me
----- Original Message -----
From: ""Nanette Ramsey"" <nanette_ramsey@hotmail.com>
To: <hhill@houston.rr.com>
Sent: Monday, October 23, 2000 2:25 PM
Subject: Fwd: Pictures!


> Hi kids!  Here are some of the pictures I took on ""the night"".  Hope you
> three are doing well.  Love you!
>
>
> ",bobbyg@chbrokers.com,mike.carson@enron.com,0.3,low,1 exclamation(s) in subject (+0.05); reply/forward chain (-0.05); direct 1:1 email (+0.05),ham,0.0946,Personal,0.981,0.2,low,True
dasovich-j/all_documents/10779.,Enron Mentions - 04/07/01 - 04/08/01,"The well
Houston Chronicle, 04/08/01

Enron Takes Indian Dispute to Arbitration Court, FT Reports
Bloomberg, 04/08/01

Like it or not, DivX emerges as format of choice for online movies
Associated Press Newswires, 04/08/01

DPC should reduce high tariff rate, NCP chief Sharad Pawar
Press Trust of India Limited, 04/07/01

Mahashtra industrial output on a decline: Pawar
The Times of India, 04/07/01

ENRON IS PLANNING TO ELIMINATE ABOUT 250 JOBS
The New York Times, 04/07/01

THE CALIFORNIA ENERGY CRISIS Pacific Gas' Filing Hits Other Stocks Wall St.: 
Fear of exposure to the utility has investors reacting negatively to the 
shares of its major lenders, power suppliers and bond insurers.
Los Ang",,ann.schmidt@enron.com,0.7,high,urgent/critical language (+0.24); strongly negative/distressed sentiment (+0.15),ham,0.1436,Work,-0.914,0.3,low,False
beck-s/all_documents/2480.,Dan Houston Resume & Interview Schedule,"Sally has set up an interview with Dan Houston for Friday, March 10 and would 
also like for you to meet with him.  I have attached a note from Cris Sherman 
and Dan's resume.  The following time slots have been scheduled with your 
assistants:

1:30-2:00 pm Kristin Albrecht  EB 3747
2:00-2:30 pm  Leslie Reeves  EB 3747
2:30-3:00 pm Brent Price  EB 3747
3:00-3:30 pm Sally Beck  EB 3015
3:30-4:00 pm Brenda Herod  EB 3748

Thanks for your time,
Patti
---------------------- Forwarded by Patti Thompson/HOU/ECT on 03/09/2000 
12:57 PM ---------------------------


Cris Sherman
03/03/2000 09:26 AM
To: Sally Beck/HOU/ECT@ECT
cc: Patti Thompson/HOU/ECT@ECT 
Subject: Resume

Sally, thanks for conside","brent.price@enron.com, brenda.herod@enron.com, leslie.reeves@enron.com,  kristin.albrecht@enron.com",patti.thompson@enron.com,0.4,medium,urgent/critical language (+0.12),ham,0.0616,Work,0.96,0.5,medium,True
arnold-j/deleted_items/240.,Supplemental Weekend Outage Report for 10-12-01 through 10-14-01,"------------------------------------------------------------------------------------------------------
W E E K E N D   S Y S T E M S   A V A I L A B I L I T Y

F O R

October 12, 2001 5:00pm through October 15, 2001 12:00am
------------------------------------------------------------------------------------------------------

SCHEDULED SYSTEM OUTAGES: 

ARDMORE DATA CENTER - FACILITY OPERATIONS: No Scheduled Outages.

AZURIX: No Scheduled Outages.

EB34 DATA CENTER - FACILITY OPERATIONS: No Scheduled Outages.

EDI SERVER: No Scheduled Outages.

EES:     

Impact:  EES
Time:  Sat 10/13/2001 at  2:00:00 PM thru Sat 10/13/2001 at  5:00:00 PM
Outage:  Netfinity upgrade on EES Lotus Notes - Serve",,no.address@enron.com,0.7,high,urgent/critical language (+0.24); strongly negative/distressed sentiment (+0.15),ham,0.1038,Work,-0.608,0.2,low,False
dasovich-j/all_documents/12939.,FW: CONFIDENTIAL -- LITIGATION WORKPRODUCT (417.26): DRAFT IEP SRAC,"FYI
Hap boyd
---------------------- Forwarded by Hap Boyd/EWC/Enron on 05/23/2001 05:31 AM 
---------------------------


""Steven Kelly"" <steven@iepa.com> on 05/22/2001 01:51:29 PM
To: ""Alan Comnes (E-mail)"" <acomnes@enron.com>, ""Alex Makler (E-mail)"" 
<AlexM@calpine.com>, ""Alex Sugaoka (E-mail)"" <alex.sugaoka@uaecorp.com>, 
""Bill Adams (E-mail)"" <sangorgon@aol.com>, ""Bill Woods (E-mail)"" 
<billw@calpine.com>, ""Bob Ellery (E-mail)"" <bellery@spi-ind.com>, ""Bob 
Escalante (E-mail)"" <rescalante@riobravo-gm.com>, ""Brian T. Cragg (E-mail)"" 
<bcragg@gmssr.com>, ""Charles Johnson (E-mail)"" <c.johnson@ejgd.com>, ""David 
Parquet (E-mail)"" <david.parquet@enron.com>, ""Doug Levitt (E-mail)"" 
<SDL@calwind",jeff.dasovich@enron.com,hap.boyd@enron.com,0.2,low,bulk/automated/fyi language (-0.08); reply/forward chain (-0.05); direct 1:1 email (+0.05),ham,0.094,Work,0.0,0.4,medium,False
baughman-d/power/24_hour/137.,Fw: power trading: Trading Driving Earnings Growth - Firms Boost,"---------------------- Forwarded by Christopher Watts/NA/Enron on 05/08/2001 07:28 AM ---------------------------


""Chris Watts"" <cwatts3@houston.rr.com> on 05/07/2001 09:45:35 PM
To:	<christopher.watts@enron.com>
cc:	 

Subject:	Fw: power trading: Trading Driving Earnings Growth - Firms Boost Margins, Volumes.


----- Original Message -----
From: <djcustomclips@djinteractive.com>
To: <276682@sm3.texas.rr.com>
Sent: Monday, May 07, 2001 9:12 PM
Subject: power trading: Trading Driving Earnings Growth - Firms Boost
Margins, Volumes.


> Trading Driving Earnings Growth - Firms Boost Margins, Volumes.
>
> 05/07/2001
> Natural Gas Week
> P7
> (c) 2001 Energy Intelligence Group. All rights reserv","john.kinser@enron.com, kayne.coulter@enron.com, rudy.acevedo@enron.com,  don.baughman@enron.com, joe.errigo@enron.com, juan.hernandez@enron.com, dean.laurent@enron.com, doug.miller@enron.com, chad.starnes@enron.com, joe.stepenovitch@enron.com, miguel.garcia@enron.com, benjamin.rogers@enron.com, steve.olinde@enron.com, mauricio.trejo@enron.com, dustin.collins@enron.com, patrick.hanse@enron.com, larry.jester@enron.com, juan.padron@enron.com, larry.campbell@enron.com",christopher.watts@enron.com,0.1,low,reply/forward chain (-0.05); broadcast to 19 recipients (-0.12),ham,0.1498,Work,0.963,0.2,low,True
bass-e/notes_inbox/348.,SUPPLEMENTAL Weekend Outage Report for 11-17-00,"------------------------------------------------------------------------------
------------------------
W E E K E N D   S Y S T E M S   A V A I L A B I L I T Y

F O R

November 17, 2000 5:00pm through November 20, 2000 12:00am
------------------------------------------------------------------------------
------------------------


      

SCHEDULED SYSTEM OUTAGES: 

ARDMORE DATA CENTER - FACILITY OPERATIONS: No Scheduled Outages.

AZURIX: No Scheduled Outages.

EB34 DATA CENTER - FACILITY OPERATIONS: No Scheduled Outages.

EDI SERVER: SEE ORIGINAL REPORT

EI: SEE ORIGINAL REPORT

ENRON NORTH AMERICAN LANS:  No Scheduled Outages.

FIELD SERVICES:  No Scheduled Outages.

INTERNET: No Scheduled",houston.report@enron.com,enron.announcements@enron.com,0.7,high,urgent/critical language (+0.24); direct 1:1 email (+0.05); negative sentiment (+0.08),ham,0.0998,Work,-0.428,0.2,low,False
cash-m/all_documents/171.,FW: need advice on managed out folks,"Michelle, I need your help on this issue as we are in  the meeting phase an=
d=20
are getting questions=01(
As far as managed out employees, we=01,d like to include them in the system=
 in=20
some fashion.  If we make them =01&active=018 in addition to the legal impl=
ications=20
that may exist, we will skew our demographics.  Do you have any issue with=
=20
our making/calling  these managed employees terminated emp. 1, 2, 3 etc, if=
=20
that is possible in the system and keeping them separate from the =20
demographic numbers which Andrea is working with?  =20

Thanks Gina
 -----Original Message-----
From:  Corteselli, Gina =20
Sent: Friday, May 25, 2001 11:57 AM
To: Cash, Michelle
Cc: Oxley",michelle.cash@enron.com,gina.corteselli@enron.com,0.3,low,reply/forward chain (-0.05); direct 1:1 email (+0.05),ham,0.1044,Work,0.874,0.4,medium,False
beck-s/discussion_threads/1820.,Retention plan for four managers,"Hector:  The key employees that Jeff has identified are senior specialists, 
with the exception of Will Kelly.  If you remember, these are the risk 
employees that I was concerned about when Steve Jackson tendered his letter 
of resignation.  Steve will be taking a similar role with a competitor, and 
it is not inconceivable that he might approach some Enron employees to join 
him and help ensure his success with his new employer.  We don't want this to 
happen.  Waiting until the end of November to implement an effective 
retention plan does not make sense.  Please call me tomorrow and let's talk 
about how we can jump start this.  Thanks.  --Sally 
---------------------- Forwarded by Sally",hector.mcloughlin@enron.com,sally.beck@enron.com,0.3,low,direct 1:1 email (+0.05),ham,0.0546,Work,0.906,0.6,high,False
badeer-r/all_documents/151.,Critics Seek More Control Over ISO,"THE WALL STREET JOURNAL / CALIFORNIA 

Critics Seek
More Control
Over ISO 
By Marc Lifsher 

08/09/2000 
The Wall Street Journal 
Page CA1 
(Copyright (c) 2000, Dow Jones & Company, Inc.) 
Some people want the California Independent System Operator to be a lot less 
independent. 
The Folsom-based nonprofit corporation, which acts as the traffic cop for the 
state's electricity grid, has been a lightning rod for criticism during this 
summer's power crisis. Though generally praised for keeping lights on in the 
face of severe shortages of electricity, the ISO has come under fire for 
failing to move more quickly to lower the maximum price it will pay 
generators for emergency power to meet de","james.steffes@enron.com, richard.shapiro@enron.com, joe.hartsoe@enron.com,  sarah.novosel@enron.com, susan.mara@enron.com, mona.petrochko@enron.com, sandra.mccubbin@enron.com, bruno.gaillard@enron.com, karen.denne@enron.com, peggy.mahoney@enron.com, mpalmer@enron.com",jeff.dasovich@enron.com,0.6,high,urgent/critical language (+0.24); broadcast to 11 recipients (-0.12); strongly negative/distressed sentiment (+0.15),ham,0.1377,Work,-0.911,0.3,low,False
blair-l/deleted_items/300.,RE: All tests were NOT successfully executed,"It has been confirmed that the NNG Allocations data is correct - there is no allocation data to display.

Deborah
HotTap Helpdesk
for Chris Smith

 -----Original Message-----
From: 	Hottap HelpDesk  
Sent:	Wednesday, December 26, 2001 6:58 AM
To:	Hottap HelpDesk; Kuehl, Toby; Holmes, Bradley; Buchanan, John; Kowalke, Terry; Schoolcraft, Darrell; Blair, Lynn; Nacey, Sheila
Cc:	Abshire, Scott; Hotte, Steve; Sawyer, Lisa; McFarland, Jean; Kedwaii, Hasan; Wagner, Glenda; Daze, Don; Karas, Phylis
Subject:	FW: All tests were NOT successfully executed



All testing was completed.  We have confirmed with the ENW Resolution Center that the Exchange servers are up.  

NNG Allocations shows no informa","helpdesk.hottap@enron.com, toby.kuehl@enron.com, bradley.holmes@enron.com,  john.buchanan@enron.com, terry.kowalke@enron.com, darrell.schoolcraft@enron.com, lynn.blair@enron.com, sheila.nacey@enron.com",helpdesk.hottap@enron.com,0.3,low,reply/forward chain (-0.05); broadcast to 8 recipients (-0.12); strongly negative/distressed sentiment (+0.15),ham,0.081,Work,-0.794,0.2,low,True
bass-e/all_documents/218.,SUPPLEMENTAL Weekend Outage Report for 12-01-00 through 12-04-00,"------------------------------------------------------------------------------
------------------------
W E E K E N D   S Y S T E M S   A V A I L A B I L I T Y

F O R

December 01, 2000 5:00pm through December 04, 2000 12:00am
------------------------------------------------------------------------------
------------------------

SCHEDULED SYSTEM OUTAGES: 

ARDMORE DATA CENTER - FACILITY OPERATIONS: No Scheduled Outages.

AZURIX: No Scheduled Outages.

EB34 DATA CENTER - FACILITY OPERATIONS: No Scheduled Outages.

EDI SERVER: No Scheduled Outages.

ENRON NORTH AMERICAN LANS:  SEE ORIGINAL REPORT
    
FIELD SERVICES:  No Scheduled Outages.

INTERNET: No Scheduled Outages.

LOTUS NOTES: No Sch",houston.report@enron.com,enron.announcements@enron.com,0.6,high,urgent/critical language (+0.24); direct 1:1 email (+0.05),ham,0.1033,Work,0.21,0.2,low,False
arnold-j/_sent_mail/657.,Re: WINE SPECTATOR,"yes i did




Karen Arnold <klarnold@flash.net> on 02/24/2001 02:55:05 PM
To: john.arnold@enron.com
cc:  
Subject: WINE SPECTATOR


 Did you ever receive the wine spectator magazine?  I had some
correspondence from them and I will toss if you are receiving it.  If not,
I need to contact them.",klarnold@flash.net,john.arnold@enron.com,0.3,low,reply/forward chain (-0.05); direct 1:1 email (+0.05),ham,0.119,Work,0.402,0.1,low,True
dasovich-j/all_documents/11474.,RE: FIA presentation,"I do not have everything yet.  Still need info from Anil and Jeff with all
the
numbers.  Carolyn, would you mind condensing into 2 slides a summary of the
acquisition events.  Similar to all the slides you have already done but
just
condensed.  I think that would be it.

Wednesday morning works for me.  I'm going to a Giants game in the evening.

**********************************************
Mark D. Guinney, CFA
Consultant
Watson Wyatt Investment Consulting
345 California Street, Ste. 1400
San Francisco, CA  94104
(415) 733-4487 ph.
(415) 733-4190 fax


____________________Reply Separator____________________
Subject:    Re: FIA presentation
Author: ""Anil Sama"" <SMTP:asama@yahoo.com>
Date:  ","asama@yahoo.com, cvavrek@deloitte.com, jeff_dasovich@enron.com",mark_guinney@watsonwyatt.com,0.2,low,reply/forward chain (-0.05),ham,0.1375,Personal,0.751,0.4,medium,False
campbell-l/all_documents/750.,Get up to 25 Trades on Us!,"---------------------- Forwarded by Larry F Campbell/NA/Enron on 09/22/2000 
10:55 AM ---------------------------


E*TRADE <etradeservice@etrade.0mm.com> on 09/21/2000 03:21:39 PM
To: larry <lcampbel@enron.com>
cc:  

Subject: Get up to 25 Trades on Us!



						[IMAGE]
?						
						Get up to 25 trades on us!
[IMAGE]	[IMAGE]	[IMAGE]	[IMAGE]Dear larry:
			
			You've wanted to kick the tires. This month we'll let you test drive the 
whole car. Did we mention you could take it out 25 times? You'll also get the 
following great features:
			
			Trade stocks, bonds, options, and over 5,000 mutual funds 
			Free S&P Stock Reports-a $120 annual value 
			Free unlimited real-time quotes 
			Access",david.mayeux@enron.com,larry.campbell@enron.com,0.4,medium,1 exclamation(s) in subject (+0.05); direct 1:1 email (+0.05),ham,0.2438,Other,0.986,0.1,low,False
campbell-l/all_documents/970.,"Alert Posted 10:00 AM November 20,2000: E-GAS Request Reminder","Alert Posted 10:00 AM November 20,2000: E-GAS Request Reminder
As discussed in the Winter Operations Meeting on Sept.29,2000, 
E-Gas(Emergency Gas) will not be offered this winter as a service from AGLC.  
Marketers and Poolers can receive gas via Peaking and IBSS nominations(daisy 
chain) from other marketers up to the 6 p.m. Same Day 2 nomination cycle.","dscott4@enron.com, lcampbel@enron.com",gascontrol@aglresources.com,0.6,high,urgent/critical language (+0.12); action-required language (+0.14),ham,0.1028,Work,0.527,0.4,medium,False
bass-e/all_documents/598.,WE HAVE THE TICKETS!!!!!!!!!,"Major breakthrough, we have 16 tickets.  Now we need to win 'em.  After the 
f'''aggies near victory vs. ou, these tickets are now priceless.  Therefore, 
we must win at all cost THIS Saturday, the 18th.  

The team to date is as follows:

Stephen 
Eric
Luis
Paul
Sarah   
Myself
Christopher Chenoweth - new addition (recruited away from Webb Jennings' team 
at no small cost)

One other unnamed guy (Luis, I need this name).

===

To do:

1.   I need all of you to confirm (by voice or email) that you will be able 
to play on Saturday.  If I don't hear from you, I will have to replace you.  
If you think there is a chance that you won't make, please contact me ASAP.

2.   We need to deliver $2,0","stephen.schwarzbach@enron.com, eric.bass@enron.com, luis.mena@enron.com,  paul.broderick@enron.com, sarah.goodpastor@enron.com, christopher.chenoweth@enron.com",michael.simmons@enron.com,0.6,high,urgent/critical language (+0.12); 9 exclamation(s) in subject (+0.10); ALL CAPS subject (+0.08),ham,0.0889,Personal,0.976,0.4,medium,False
bass-e/inbox/203.,,"Ain't it so true.




----- Original Message ----- 
        Story With A Moral 

        A boy rode on a donkey and the old man walked.  As they went along they passed some people who remarked it was a shame the old man was walking and the boy was riding.  The man and boy thought maybe the critics were right, so they changed positions. 

        Later, they passed some people that remarked, ""What a shame, he makes that little boy walk.""They then decided they both would walk! 

        Soon they passed some more people who thought they were stupid to walk when they had a decent donkey to ride. So,they both rode the donkey. 


        Now they passed some people that shamed them by saying how ","eric.bass@enron.com, bass.jason@enron.com, bass.k.@enron.com",lwbthemarine@alltel.net,0.4,medium,strongly negative/distressed sentiment (+0.15),ham,0.1336,Other,-0.959,0.1,low,False
cash-m/hr_risk_management/1.,Employee Relations Marketing Campaign Roll-Out,"The Corporate Employee Relations group (formerly the OLER team) is planning a marketing campaign to ensure that employees are aware of resources available to assist in addressing workplace concerns.  The targeted roll-out date is October 1, 2001.  In preparation for this roll-out, the Employee Relations group will meet each week to plan related tasks and address issues such as selecting a call tracking system, managing employee expectations, defining roles and relationships between ER staff/HR Generalist/and other HR staff members, defining service standards, etc.  Please plan to attend the first meeting which will be held Friday, August  24, from 10 - 11:00am in EB 16C1.  

HR Heads:  Altho","mecole.brown@enron.com, ben.herman@enron.com, ryan.seleznov@enron.com,  bonne.castellano@enron.com, angie.o'brian@enron.com, ann.matson@enron.com, rick.johnson@enron.com, david.oxley@enron.com, kalen.pieper@enron.com, scott.gilchrist@enron.com, sheila.walton@enron.com, a..davis@enron.com, marla.barnard@enron.com, gary.smith@enron.com",a..hope@enron.com,0.2,low,broadcast to 14 recipients (-0.12),ham,0.1219,Work,0.735,0.3,low,True
dasovich-j/all_documents/10742.,Press Release on PG&E Bankruptcy,"----- Forwarded by Jeff Dasovich/NA/Enron on 04/06/2001 12:01 PM -----


 - Yahoo - Pacific Gas and Electric Company Files for Chapter 11 
Reorganization.htm","alan.comnes@enron.com, angela.schwarz@enron.com, beverly.aden@enron.com,  bill.votaw@enron.com, brenda.barreda@enron.com, carol.moffett@enron.com, cathy.corbin@enron.com, chris.foster@enron.com, christina.liscano@enron.com, craig.sutter@enron.com, dan.leff@enron.com, debora.whitehead@enron.com, dennis.benevides@enron.com, don.black@enron.com, dorothy.youngblood@enron.com, douglas.huth@enron.com, edward.sacks@enron.com, eric.melvin@enron.com, erika.dupre@enron.com, evan.hughes@enron.com, fran.deltoro@enron.com, gayle.muench@enron.com, ginger.dernehl@enron.com, gordon.savage@enron.com, harold.buchanan@enron.com, harry.kingerski@enron.com, iris.waser@enron.com, james.steffes@enron.com, james.lewis@enron.com, james.wright@enron.com, jeff.messina@enron.com, jeremy.blachman@enron.com, jess.hewitt@enron.com, joe.hartsoe@enron.com, karen.denne@enron.com, kathy.bass@enron.com, kathy.dodgen@enron.com, ken.gustafson@enron.com, kevin.hughes@enron.com, leasa.lopez@enron.com, leticia.botello@enron.com, mark.muller@enron.com, marsha.suggs@enron.com, marty.sunde@enron.com, meredith.eggleston@enron.com, michael.etringer@enron.com, michael.mann@enron.com, michelle.cisneros@enron.com, mpalmer@enron.com, neil.bresnan@enron.com, neil.hong@enron.com, paul.kaufman@enron.com, paula.warren@enron.com, richard.zdunkewicz@enron.com, richard.leibert@enron.com, richard.shapiro@enron.com, rita.hennessy@enron.com, roger.yang@enron.com, rosalinda.tijerina@enron.com, sandra.mccubbin@enron.com, sarah.novosel@enron.com, scott.gahn@enron.com, scott.stoness@enron.com, sharon.dick@enron.com, skean@enron.com, tanya.leslie@enron.com, tasha.lair@enron.com, ted.murphy@enron.com, terri.greenlee@enron.com, tim.belden@enron.com, tony.spruiell@enron.com, vicki.sharp@enron.com, vladimir.gorny@enron.com, wanda.curry@enron.com, william.bradford@enron.com, kathryn.corbally@enron.com, jubran.whalan@enron.com, triley@enron.com, richard.sanders@enron.com, robert.williams@enron.com, greg.wolfe@enron.com, james.wright@enron.com, dirk.vanulden@enron.com, steve.walker@enron.com, jennifer.rudolph@enron.com, martin.wenzel@enron.com, douglas.condon@enron.com, wgang@enron.com, sgovenar@govadv.com, hgovenar@govadv.com, jklauber@llgm.com, mike.smith@enron.com, john.neslage@enron.com, janel.guerrero@enron.com, eric.letke@enron.com, richard.sanders@enron.com, gfergus@brobeck.com, michael.tribolet@enron.com, robert.frank@enron.com, richard.sanders@enron.com, gfergus@brobeck.com, susan.mara@enron.com",jeff.dasovich@enron.com,0.2,low,broadcast to 102 recipients (-0.12),ham,0.076,Work,0.0,0.2,low,True
dasovich-j/all_documents/1612.,Emergency mail move,"Michael:

 Can we move Jeff Dasovich's mail account off of EES's mail server ASAP?  I 
know he was not on the original list I sent you, but he has a Palm Pilot, and 
we are unable to connet Xtnd for him until he gets moved to NAHOU.

Thank you.



-Mike Hernandez
GEM Deployment Manager",michael.whitehurst@enron.com,mike.hernandez@enron.com,0.6,high,urgent/critical language (+0.24); direct 1:1 email (+0.05),ham,0.1147,Work,0.243,0.6,high,True
cash-m/sent_items/247.,Alonzo Williams,"Diane, not a high priority, but would you please get with Kim Melodick and find out what the client group wants to do with the Alonzo Williams lawsuit?  He never answered, and currently is in default.  Thanks.  Michelle

---------------------------------------------------------------------------------------------------------

Michelle Cash
Enron North America Corp.
1400 Smith Street, EB 3823
Houston, Texas  77002
(713) 853-6401
michelle.cash@enron.com

This message may contain confidential information that is protected by the attorney-client and/or work product privileges.
----- Forwarded by Michelle Cash/HOU/ECT on 06/11/01 12:28 AM -----


	""Bill W. Ogden"" <bogden@ogwb.com> 12/14/00 03:27 ",diane.goode@enron.com,michelle.cash@enron.com,0.7,high,urgent/critical language (+0.24); action-required language (+0.07); direct 1:1 email (+0.05),ham,0.0904,Work,0.965,0.3,low,False
baughman-d/ect_admin/41.,Harassment Avoidance - Clarification,"**Clarification**

Harassment Prevention Training

This training is mandatory for all Enron employees employed since the last 
seminar was conducted  in late 1998 or early 1999.  Those who have already 
attended Enron harassment avoidance training will be offered a refresher 
course in avoiding and preventing harassment.

To contribute our personal best at ENRON, our conduct must promote respectful 
and co-operative work relationships. Workplace harassment conflicts with 
ENRON's vision and values and violates Company policy.  Harassment also can 
violate federal and state laws.  By understanding what harassment is and its 
potential harm, we can prevent it in our workplace.

During this tra","all_ena_egm_eim@enron.com, enw-employees@enron.com",enron.announcements@enron.com,0.4,medium,strongly negative/distressed sentiment (+0.15),ham,0.1492,Work,-0.993,0.4,medium,True
campbell-l/all_documents/1007.,Weekend Outage For 11-22-00 through 11-27-00,"------------------------------------------------------------------------------
------------------------
W E E K E N D   S Y S T E M S   A V A I L A B I L I T Y

F O R

November 22, 2000 5:00pm through November 27, 2000 12:00am
------------------------------------------------------------------------------
------------------------
                                                       

SCHEDULED SYSTEM OUTAGES: 

ARDMORE DATA CENTER - FACILITY OPERATIONS: No Scheduled Outages.

AZURIX: No Scheduled Outages.

EB34 DATA CENTER - FACILITY OPERATIONS: No Scheduled Outages.

EDI SERVER: No Scheduled Outages.

ENRON NORTH AMERICAN LANS:  
Impact:  ENS
Time:  Wed 11/22/2000 at  11:59:00 PM CT thru T",houston.report@enron.com,enron.announcements@enron.com,0.7,high,urgent/critical language (+0.24); direct 1:1 email (+0.05); strongly negative/distressed sentiment (+0.15),ham,0.1152,Work,-0.888,0.2,low,False
beck-s/discussion_threads/4115.,Merchanting Metals Update #2,"Tight time frame for Mike & co. on metals deliverables.  Raises the question 
around the timing of next week's visit on metal.  Will we divert critical 
resources from these efforts.   --Sally
---------------------- Forwarded by Sally Beck/HOU/ECT on 04/04/2001 09:48 AM 
---------------------------


Mike Jordan
04/04/2001 09:27 AM
To: Richard Causey/Corp/Enron@ENRON, Rick Buy/Enron@EnronXGate, Sally 
Beck/HOU/ECT@ECT, Ted Murphy/LON/ECT@ECT
cc:  
Subject: Merchanting Metals Update #2

Please find attached the most recent update for Merchanting Metals.

In summary the planned systems changes and manual substantiation efforts are 
behind schedule. Additional resources are being allocated and ",beth.apollo@enron.com,sally.beck@enron.com,0.5,medium,urgent/critical language (+0.12); direct 1:1 email (+0.05),ham,0.0772,Work,0.026,0.3,low,False
campbell-l/all_documents/1156.,DEFERRAL PROGRAM ENROLLMENT DEADLINE IS FRIDAY,"=20

This FRIDAY, DECEMBER 8, 2000 (5:00 p.m. CST) is the deadline for deferral=
=20
program enrollment.  Following the deadline, no new elections or changes to=
=20
existing elections will be accepted. =20
To learn more about your deferral program opportunities and to enroll for=
=20
2001 deferrals, access eHRonline at http://ehronline.enron.com.  (Call the=
=20
ISC Help Desk at 713-345-4727 if you need your ID or password to access the=
=20
system.)

1. Review the program descriptions (attached to the Election Form) before y=
ou=20
make your elections.
2. If you decide to defer compensation, complete the Election Form before=
=20
Friday, December 8,  2000, 5:00 p.m. CST (the enrollment dea",eligible.employees@enron.com,enron.announcements@enron.com,0.7,high,urgent/critical language (+0.24); ALL CAPS subject (+0.08); direct 1:1 email (+0.05),ham,0.1997,Work,0.752,0.6,high,True
arnold-j/deleted_items/280.,Questionable Mail/Suspicious Packages,"The potential use of biological agents such as Anthrax in a terrorist attack continues to raise concerns worldwide.  Here at Enron, the mail center and Business Controls/Corporate Security have already implemented safeguards so that all mail entering the Enron buildings will be screened in accordance with procedures for identifying suspicious packages.  We are also in touch with the U.S. Postal Service and the Centers for Disease Control to ensure we have the most complete and up-to-date guidance for handling any possible Anthrax exposures.

However, should you receive an envelope or package that you do not feel comfortable opening, please contact Corporate Security at extension 3-6200 and w",,no.address@enron.com,0.4,medium,negative sentiment (+0.08),ham,0.1814,Other,-0.494,0.4,medium,True
dasovich-j/all_documents/11962.,Re: E236 Derivatives Fall 2001,"Hi Jeff,

Leadership and Change has been cancelled.

I'll be able to give you an update on May 4 on your classes.  Then you'll
have until May 11 to add/drop additional courses.

Thanks,
TJ

At 12:59 PM 4/28/01 -0500, you wrote:

>FYI.  given this info, there's a chance that i might try to get in.  how's
>the sign-u look at this point?
>
>Best,
>Jeff",jeff.dasovich@enron.com,tj@haas.berkeley.edu,0.2,low,bulk/automated/fyi language (-0.08); reply/forward chain (-0.05); direct 1:1 email (+0.05),ham,0.0787,Personal,0.864,0.3,low,True
allen-p/deleted_items/396.,Weekend Outage Report for 11-21-01 through 11-25-01,"------------------------------------------------------------------------------------------------------
W E E K E N D   S Y S T E M S   A V A I L A B I L I T Y

F O R

November 21, 2001 5:00pm through November 26, 2001 12:00am
------------------------------------------------------------------------------------------------------

SCHEDULED SYSTEM OUTAGES: 

ARDMORE DATA CENTER - FACILITY OPERATIONS: No Scheduled Outages.

AZURIX: No Scheduled Outages.

EB34 DATA CENTER - FACILITY OPERATIONS: No Scheduled Outages.

EDI SERVER: No Scheduled Outages.
 
EES: 
Impact:  EES
Time:  Sat 11/24/2001 at  10:30:00 PM CT thru Sun 11/25/2001 at  6:30:00 AM CT
	Sat 11/24/2001 at    8:30:00 PM PT thru Sun 11/",,no.address@enron.com,0.7,high,urgent/critical language (+0.24); strongly negative/distressed sentiment (+0.15),ham,0.1122,Other,-0.604,0.2,low,False
carson-m/sent/109.,Re: Heather's Mom,"I will have to get into meather's planner tonight...... but I think I can get 
it...... I will try to give it to you this wk end

MC",jeannie.beebe@ac.com,mike.carson@enron.com,0.3,low,reply/forward chain (-0.05); direct 1:1 email (+0.05),ham,0.1096,Personal,0.0,0.2,low,True
beck-s/all_documents/3066.,Re: Invitation,"I suspect that you meant to include Bob Hall, the VP that reports to me, on 
this mailing list.  His assistant (Heather Choate) is included in your 
mailing list.  The ""Robert L Hall at ET&S"" to whom this is addressed is not 
Bob Hall in Networks who reports to me.  You should address this to ""Bob 
Hall"" - if you do this the e:mail address should pop us as Bob M 
Hall/NA/Enron.   Thanks.  --Sally 


From: Lisa Costello/ENRON@enronXgate on 03/07/2001 06:20 PM
To: Philippe A Bibi/ENRON@enronXgate, Greg Piper/ENRON@enronXgate, Robert W 
Jones/ENRON@enronXgate, Beth Apollo/ENRON@enronXgate, Robert L 
Hall/ET&S/Enron@Enron, Jenny Rub/ENRON@enronXgate, David 
Forster/Corp/Enron@Enron, John Pavetto",lisa.costello@enron.com,sally.beck@enron.com,0.3,low,reply/forward chain (-0.05); direct 1:1 email (+0.05),ham,0.0749,Work,0.917,0.3,low,True
arnold-j/sent_items/340.,RE:,"for what?

 -----Original Message-----
From: 	Slone, Jeanie  
Sent:	Friday, August 24, 2001 11:56 AM
To:	Arnold, John
Subject:	RE: 

you're done.

hey stupid-you owe me some wine or a dinner or something fun

 -----Original Message-----
From: 	Arnold, John  
Sent:	Friday, August 24, 2001 11:54 AM
To:	Slone, Jeanie
Subject:	

how bout we split the moolah",jeanie.slone@enron.com,john.arnold@enron.com,0.3,low,reply/forward chain (-0.05); direct 1:1 email (+0.05),ham,0.0781,Personal,0.784,0.1,low,True
baughman-d/all_documents/369.,Alliance RTO Progress,"Mike Roan, Janine Migden and Donna Fulton are now working on the Midwest RTO 
effort for Government Affairs.  See Mike's update below.
---------------------- Forwarded by Christi L Nicolay/HOU/ECT on 05/07/2001 
11:55 AM ---------------------------
From: Mike Roan/ENRON@enronXgate on 05/02/2001 05:14 PM
To: James D Steffes/NA/Enron@Enron, Christi L Nicolay/HOU/ECT@ECT
cc: Janine Migden/NA/Enron@Enron, Ron McNamara/NA/Enron@Enron 

Subject: ARTO Progress

A quick update on ARTO....

Since taking the reigns from Jeff we have been concentrating on getting a 
seat at the table with ARTO to discuss day 2 congestion mgmt (CM).  We have 
been (tentatively) successful (i.e. we have a toe in the door","steve.wang@enron.com, ebaughm@enron.com, terri.clynes@enron.com,  oscar.dalton@enron.com, doug.sewell@enron.com, kcompea@enron.com, mike.e.kelly@enron.com, gary.justice@enron.com, patrick.hanse@enron.com, karla.compean@enron.com, kerry.stroup@enron.com, dave.mangskau@enron.com, jeff.brown@enron.com, russell.ballato@enron.com, don.baughman@enron.com, matt.lorenz@enron.com, jason.choate@enron.com, maria.valdes@enron.com, john.kinser@enron.com, peter.makkai@enron.com, jeff.king@enron.com, robert.benson@enron.com, fletcher.sturm@enron.com, berney.aucoin@enron.com, brad.morse@enron.com, fletcher.sturm@enron.com, kevin.presto@enron.com",christi.nicolay@enron.com,0.2,low,broadcast to 27 recipients (-0.12),ham,0.0889,Work,0.623,0.3,low,True
buy-r/all_documents/180.,General Alarm---Enron Metals Recycling,"A ""Doorstep"" inspection of this business was performed in accordance with our 
procedures and apparently this business is a disaster!!! We need immediate 
action on this up to and including shutting it down. This was the worst we 
have seen at Enron and I don't even want to put in this email what I heard 
was going on there. 

We need a coordinated solution here asap to avoid a real disaster, if there 
isn't one already. I'll speak with Rick Causey here about what immediate 
action we should take but the more you guys can dig into this the better. 
More to come.

Rick","john.sherriff@enron.com, michael.brown@enron.com, ted.murphy@enron.com,  fernley.dyson@enron.com",rick.buy@enron.com,0.6,high,urgent/critical language (+0.24); negative sentiment (+0.08),ham,0.1303,Personal,-0.577,0.8,high,True
beck-s/europe/40.,Implemetation Schedule for London RisktRac XL Exposure feed,"FYI,

This is where we are.

Shone,

Please can you call me when you get in.

Thanks James

---------------------- Forwarded by James New/LON/ECT on 07/12/2000 12:10 
---------------------------
   


	Enron Europe
	
	From:  Hugo Moreira                           07/12/2000 11:46
	

To: David Hardy/LON/ECT@ECT, Debbie R Brackett/HOU/ECT@ECT, Oliver 
Gaylard/LON/ECT@ECT, Jitendra Patel/Market Risk Management/LON/ECT@ECT
cc: James New/LON/ECT@ECT 

Subject: Implemetation Schedule for London RisktRac XL Exposure feed Templates",shona.wilson@enron.com,james.new@enron.com,0.5,medium,urgent/critical language (+0.24); bulk/automated/fyi language (-0.08); direct 1:1 email (+0.05),ham,0.0968,Work,0.684,0.4,medium,True
baughman-d/inbox/231.,"Today's Headlines from NYTimes.com Sunday, December 30, 2001","[IMAGE]=09
 [IMAGE]    Search NYTimes.com  Today's News Past Week Past 30 Days Past 90=
 Days Past Year Since 1996  =09
  [IMAGE]  [IMAGE]       Customize This E-Mail   [IMAGE]  Customize This E-=
Mail      =09
   December 30, 2001   QUOTE OF THE DAY ""Democracies don't prepare well for=
 things that have never happened before.""  RICHARD A. CLARKE, former White =
House counterterrorism chief.   TolkienArchives Examine the World of J. R. =
R. Tolkien - This sponsored feature includes articles from the New York Tim=
es archives, slide shows of Tolkien's artwork, multimedia presentations fro=
m New Line Cinema, weekly trivia quizzes and more.    Explore Tolkien Today=
 .     NATIONAL Rules Will ",don.baughman@enron.com,nytdirect@nytimes.com,0.5,medium,direct 1:1 email (+0.05); strongly negative/distressed sentiment (+0.15),ham,0.2192,Other,-0.947,0.2,low,False
causholli-m/deleted_items/497.,Fwd: Welcome to FlipDog.com,"<html><div style='background-color:'><DIV>
<P><BR><BR></P></DIV>
<DIV></DIV>
<DIV></DIV>&gt;From: seeker-support@flipdog.com 
<DIV></DIV>&gt;To: mcausholli@hotmail.com 
<DIV></DIV>&gt;Subject: Welcome to FlipDog.com 
<DIV></DIV>&gt;Date: Mon, 26 Nov 2001 12:00:38 -0700 (MST) 
<DIV></DIV>&gt; 
<DIV></DIV>&gt; 
<DIV></DIV>&gt; 
<DIV></DIV>&gt;Welcome! 
<DIV></DIV>&gt; 
<DIV></DIV>&gt;**************************************************** 
<DIV></DIV>&gt;You are receiving this message because you recently set up an account 
<DIV></DIV>&gt;with FlipDog.com. If you believe you are receiving this e-mail in 
<DIV></DIV>&gt;error, please contact us at seeker-support@flipdog.com. 
<DIV></DIV>&gt;******",monika.causholli@enron.com,mcausholli@hotmail.com,0.4,medium,action-required language (+0.14); reply/forward chain (-0.05); direct 1:1 email (+0.05),ham,0.3988,Other,0.959,0.1,low,False
blair-l/meetings/515.,Team Leader Mtg. Conference room EB4102,"CALENDAR ENTRY:	APPOINTMENT

Description:
	Team Leader Mtg. Conference room EB4102

Date:		1/23/2001
Time:		2:30 PM - 3:30 PM (Central Standard Time)

Chairperson:	Outlook Migration Team

Detailed Description:",,outlook.team@enron.com,0.3,low,,ham,0.0739,Work,0.0,0.3,low,True
bailey-s/deleted_items/206.,Outlook Web Access Outage,"Enron's external Outlook Web Access (OWA) (http://mail.enron.com) will be unavailable starting at 11:00 a.m. today until about 12:00 p.m. for emergency network maintenance. Although the outage should be brief, some users may experience intermittent problems connecting to external mail.enron.com throughout the afternoon.  Mail.enron.com from within Enron's internal network will continue to work.

We are sorry for the short notice and apologize for the inconvenience. Should you have any questions, please call your Help Desk or Resolution Center.

Thank you for your cooperation and support.

Enron Messaging Administration",dl-ga-all_domestic@enron.com,announcements.enron@enron.com,0.6,high,urgent/critical language (+0.24); direct 1:1 email (+0.05),ham,0.1392,Work,0.361,0.4,medium,False
campbell-l/all_documents/593.,Re: Larry Campbell Fleet Tank Survey,"Attached is the information requested for the Fleet Tank Survey.  




Thanks","jfields@argentinc.com, larry.campbell@enron.com",ray.noseff@enron.com,0.2,low,reply/forward chain (-0.05),ham,0.0941,Work,0.44,0.2,low,True
beck-s/discussion_threads/46.,"Re: Loss Notification - ""Structured Derivatives""- resolution","I discussed with Ted and David, and they agree with Oliver's analysis below, 
so Chris, let's go ahead and report on the $20MM loss against UK Gas in 
today's notifications.  Then perhaps you can work with James to adjust DPR 
reporting accordingly going forward.

Thank you,
Cassandra.


---------------------- Forwarded by Cassandra Schultz/NA/Enron on 12/06/2000 
03:28 PM ---------------------------


Oliver Gaylard@ECT
12/06/2000 02:55 PM
To: Cassandra Schultz/NA/Enron@ENRON
cc: David Port/Market Risk/Corp/Enron@ENRON, James New/LON/ECT@ECT, Ted 
Murphy/HOU/ECT@ECT 

Subject: Re: Loss Notification - ""Structured Derivatives""  

Cassandra

As discussed with Ted, David and yourself the loss s","james.new@enron.com, chris.abel@enron.com, mike.jordan@enron.com,  oliver.gaylard@enron.com",cassandra.schultz@enron.com,0.4,medium,reply/forward chain (-0.05); strongly negative/distressed sentiment (+0.15),ham,0.0817,Work,-0.813,0.5,medium,True
dasovich-j/all_documents/12362.,Information for Call to LA Mayor Dick Riordan,"Ken -- Thank you for making next Thursday, May 17 available for CEO meetings 
in California.  We are working to set up two meetings -- one in Los Angeles 
and one in Silicon Valley (we'll call on Scott McNealy's contact person to 
help pull the Northern California meeting together).   For the Los Angeles 
meeting, we'd like you to call Mayor Dick Riordan (213-847-3560) and ask for 
his help in pulling together a group of key, influential business leaders.   
As background, Riordan is a very wealthy Republican businessman who has been 
term-limited out and has not yet made public his future political aspirations 
(a bid for governor has been mentioned by insiders).

You might congratulate him",kenneth.lay@enron.com,karen.denne@enron.com,0.6,high,urgent/critical language (+0.24); direct 1:1 email (+0.05),ham,0.1206,Other,0.991,0.4,medium,False
crandell-s/deleted_items/58.,Williams Energy News Live -- today's video newscast,"=09 =09    Dear Chuck,  Another Congressional hearing into the Enron colla=
pse is scheduled for next week, with the focus falling on energy.  The Sena=
te Energy Committee will look into what impact Enron's demise has had on en=
ergy markets.  The Washington bureau will have complete coverage of Enron d=
evelopments on Capitol Hill.   The White House could find a lawsuit on its =
doorstep next week.  General Accounting Office Comptroller General David Wa=
lker says he could decide as early as Wednesday whether to sue Vice Preside=
nt Cheney over the administration's decision not to turn over more informat=
ion regarding the work of his energy task force.  The GAO has never filed a=
 similar",enl-members-html@estutenws11.energy.williams.com,ecenter@williams.com,0.7,high,urgent/critical language (+0.24); direct 1:1 email (+0.05); strongly negative/distressed sentiment (+0.15),ham,0.0905,Other,-0.747,0.2,low,False
bass-e/notes_inbox/406.,"FW: Fwd: Fw: Media designed ""fair"" Ballot","To: mbrown2@ect.enron.com, SvoreMD@texaco.com
cc:  
Subject: FW: Fwd: Fw: Media designed ""fair"" Ballot


As the election drags on so do the political jokes.  I thought this one
was pretty good.

See you all next week.

David

-----Original Message-----
From: breunig [mailto:breunig@pipeline.com]
Sent: Tuesday, November 14, 2000 9:09 PM
To: karlstreet; Michael.D.Svoren; tracy.benoit; the.Bryants4; npolliard;
jpolliard; card
Cc: breunig
Subject: Fwd: Fw: Media designed ""fair"" Ballot


I don't pass these on very often, but I couldn't resist this one!

Valerie


> >
> >
> > > Well we finally have a ballot that the heads of CBS, NBC, ABC and
CNN
>can
> > > agree on as fair.
> > >
>
> >
> >
> >

 ",eric.bass@enron.com,gary.lamphier@enron.com,0.3,low,reply/forward chain (-0.05); direct 1:1 email (+0.05),ham,0.0933,Personal,0.93,0.1,low,True
campbell-l/all_documents/618.,<<Concur Expense Document>> - lc110101,"The Approval status has changed on the following report:

Status last changed by:  Automated Administrator
Expense Report Name: lc110101
Report Total: $3,411.65
Amount Due Employee: $3,411.65
Amount Approved: $3,411.65
Amount Paid: $0.00
Approval Status: Pending
Payment Status: Pending


To review this expense report, click on the following link for Concur Expense.
http://expensexms.enron.com",larry.campbell@enron.com,enron_update@concureworkplace.com,0.3,low,direct 1:1 email (+0.05),ham,0.1743,Work,0.84,0.2,low,True
baughman-d/deleted_items/184.,Re: if work ever gets you down..,"I will see you at 6:30 at Pappasito's.  If you meet any women before I get
there invite them along, in case you already didn't know that.

----- Original Message -----
From: ""Baughman Jr., Don"" <Don.Baughman@ENRON.com>
To: ""Bat Oggero (E-mail)"" <batoggero@yahoo.com>; ""Bob Poston (E-mail)""
<rdposton@duke-energy.com>; ""Brandi Black (E-mail)""
<bnblack@duke-energy.com>; ""Clint Wilson (E-mail)"" <cjwilson@lcc.net>;
""David Nobles (E-mail)"" <david_nobles@ewingcc.com>; ""Don Baughman Sr.
(E-mail)"" <don.c.baughman@marshmc.com>; ""Edwin Ordonez (E-mail)""
<Edwin.Ordonez@us.cibc.com>; ""Eric Korth (E-mail)"" <ejkorth@ev1.net>; ""Frank
Soto (E-mail)"" <Souto@stthom.edu>; ""Jay Purdom (E-mail)""
<j.purdom@worldnet",don.baughman@enron.com,stichavsky@pct-inc.com,0.3,low,reply/forward chain (-0.05); direct 1:1 email (+0.05),ham,0.0925,Work,0.44,0.1,low,True
beck-s/all_documents/421.,ASE REVISED slides - Prod/Svcs Outsourcing (Team Wrench),"Sally - 

Attached is a revised set of slides for the Final Report Out of group Wrench 
- the group that worked on Products/Services - Basic Outsourcing.  The 
hypertiles with the matrix of Product/Service, Issue and Timeline were not 
readable when shot with a digital camera; so, they created the content from 
the hypertiles in a Microsoft Word table.  I did not have that table this 
morning when I sent the other slides.

I am very sorry for the inconvenience this has caused you.
Lisa Petruszka
5-6352
mobile:  (713) 412-9632",sally.beck@enron.com,lisa.petruszka@enron.com,0.3,low,direct 1:1 email (+0.05),ham,0.1264,Work,-0.272,0.3,low,True
beck-s/discussion_threads/1324.,Disaster Recovery/Business Continuity Planning,"I heard from Andrew regarding the status of a business continuity plan.  
Attached is a short presentation that he sent me that I thought you would 
like to see.  Any interest in meeting with Andrew to get more detail?  I plan 
to get with him.  Let me know and I will be glad to set something up.  
---------------------- Forwarded by Sally Beck/HOU/ECT on 07/07/2000 04:59 PM 
---------------------------


Andrew Parsons@ENRON
07/07/2000 10:59 AM
To: Sally Beck/HOU/ECT@ECT
cc:  
Subject: Disaster Recovery/Business Continuity Planning

Sally,

As a follow up to your call yesterday, attached please find a powerpoint 
point presentation that outlines the business continuity options we are 
outli",jeffrey.shankman@enron.com,sally.beck@enron.com,0.8,high,urgent/critical language (+0.24); action-required language (+0.07); direct 1:1 email (+0.05); strongly negative/distressed sentiment (+0.15),ham,0.0626,Work,-0.689,0.3,low,False
bass-e/all_documents/886.,"Inside UT Football: October 5, 2000","---------------------- Forwarded by Eric Bass/HOU/ECT on 10/05/2000 08:18 A=
M=20
---------------------------


""Inside UT Football""=20
<InsideUTFootball@dallasnews.com>@newsletters.dallasnews.com on 10/05/2000=
=20
12:15:01 AM
Please respond to ""Inside UT Football"" <InsideUTFootball@dallasnews.com>
Sent by: newsletters@newsletters.dallasnews.com
To: ""Inside UT Football Subscribers""=20
<InsideUTFootball@newsletters.dallasnews.com>
cc: =20
Subject: Inside UT Football: October 5, 2000



  [IMAGE]  =09  [IMAGE] =20

=09
=09
=09[IMAGE]
=09
=09
=09OU rivalry is red-hot this year=20
=09=20
=09Oct. 5, 2000=20
=09=20
=09
=09[IMAGE]Chip Brown, The Dallas Morning News' Texas writer, answers your=
=20","mballases@hotmail.com, luis.mena@enron.com, victor.guggenheim@enron.com,  jackson.logan@enron.com, denver.plachy@enron.com, ami.chokshi@enron.com",eric.bass@enron.com,0.4,medium,action-required language (+0.07),ham,0.0733,Other,0.918,0.1,low,False
badeer-r/discussion_threads/263.,CAISO NOTICE: Final CMR Recommendation to the Board of Governors,"Market Participants:

The final CMR Recommendation to the Board of Governors is now available for
your review and comments at
http://www.caiso.com/clientserv/congestionreform.html  The template for your
comments is forthcoming.

The deadline for your comments to be returned to CAISO has been extended to
Thursday, August 31, close of business.  For those that may have their
comments ready before the deadline, please feel free to email them in.

Regards,
Byron Woertz
Director, Client Relations",20participants@caiso.com,cgrant@caiso.com,0.6,high,urgent/critical language (+0.24); direct 1:1 email (+0.05),ham,0.1427,Work,0.796,0.5,medium,False
bass-e/inbox/254.,"NOTIFICATION:  Outlook Outage - Friday, December 28, 2001","This is a notice to inform you that the server where your Outlook mailbox resides is scheduled for an outage tonight.  Your mailbox will be temporarily unavailable starting anytime after 8pm and may continue to be unavailable until 12 a.m., when all server maintenance work have been completed.  Outlook Web Access (OWA) will also be unavailable during this time.  

Blackberry users:  Message delivery may be delayed for a few minutes.
 
If you have any questions, please call the Resolution Center at x31411.",maintenance.dl-exchange@enron.com,administration.enron@enron.com,0.6,high,urgent/critical language (+0.24); direct 1:1 email (+0.05),ham,0.131,Other,0.103,0.4,medium,False
bass-e/all_documents/264.,Free Shipping for your Amazon.com Anniversary!,"[IMAGE]


[IMAGE]  





Dear  Amazon Customer,  

Put  on your  dancing shoes and don your party hat. It's your  Amazon.com 
anniversary! That's right: a year ago you  placed your first order with us 
(using this account),  and we'd just like to say thanks. 

Since  your anniversary falls so close to the holidays, we  thought about 
e-mailing you a cup of eggnog. (In  the  dot-com world, we call it ""e-Nog."") 
But the  tech folks  said that was impossible. So we opted  to share our 
favorite  customer-inspired holiday  services with you instead--including 
free  shipping.  May they make the season merry and  bright (and save you 
some money)! 


[IMAGE]
Create  a Wish List. Feeling  lucky? T",ebass@enron.com,thanks@amazon.com,0.4,medium,1 exclamation(s) in subject (+0.05); direct 1:1 email (+0.05),ham,0.2447,Other,0.999,0.1,low,False
causholli-m/deleted_items/159.,RE: Working from home,"R U OK?

 -----Original Message-----
From: 	Causholli, Monika  
Sent:	Wednesday, October 10, 2001 10:26 AM
To:	Dimitry, Dirk; Rickard, Craig; Bruch, Greg; Bryja, James; Robinson, Richard T.
Cc:	Allan, David; Carter, Karen E.
Subject:	Working from home

I will be working from home for the rest of the day today. If you have any questions you can send them by email as I will be checking it from home.

Thank you,
Monika Causholli",monika.causholli@enron.com,david.allan@enron.com,0.3,low,reply/forward chain (-0.05); direct 1:1 email (+0.05),ham,0.108,Work,0.586,0.3,low,True
campbell-l/inbox/1045.,Weekend Outage Report for 11-21-01 through 11-25-01,"------------------------------------------------------------------------------------------------------
W E E K E N D   S Y S T E M S   A V A I L A B I L I T Y

F O R

November 21, 2001 5:00pm through November 26, 2001 12:00am
------------------------------------------------------------------------------------------------------

SCHEDULED SYSTEM OUTAGES: 

ARDMORE DATA CENTER - FACILITY OPERATIONS: No Scheduled Outages.

AZURIX: No Scheduled Outages.

EB34 DATA CENTER - FACILITY OPERATIONS: No Scheduled Outages.

EDI SERVER: No Scheduled Outages.
 
EES: 
Impact:  EES
Time:  Sat 11/24/2001 at  10:30:00 PM CT thru Sun 11/25/2001 at  6:30:00 AM CT
	Sat 11/24/2001 at    8:30:00 PM PT thru Sun 11/",,no.address@enron.com,0.7,high,urgent/critical language (+0.24); strongly negative/distressed sentiment (+0.15),ham,0.1122,Other,-0.604,0.2,low,False
corman-s/sent_items/363.,RE:,"Terrific.  I called to let Kim know.  They will be leaving in just a few hours.  One last item.  Can you make them a reservation on this flight.  Kim will purchase the tickets at the Dallas Airport.
 
Flight: 	 Continental Airlines flight 1662 on a McDonnell Douglas MD80 Jet - non-stop	
Depart: 	 Dallas/Ft Worth, TX (DFW) - Wed, Jan 09 at 4:40pm	
Arrive: 	 Houston, TX Bush (IAH) - Wed, Jan 09 at 5:45pm
 
 
 

-----Original Message-----
From: Jennie Hendrickson [mailto:jennieh@tvlon.com]
Sent: Tuesday, January 08, 2002 8:55 AM
To: scorman@enron.com
Subject: 


TRAVEL ON                       AFTER HOURS: 800-366-2100 REFERENCE: 16XL  
9000 VIRGINIA MANOR ROAD STE 201                          ",jennieh@tvlon.com,shelley.corman@enron.com,0.3,low,reply/forward chain (-0.05); direct 1:1 email (+0.05),ham,0.1968,Personal,0.915,0.5,medium,False
campbell-l/inbox/880.,FREE LUNCH ON FRIDAY!,"REMINDER ~ BUILDING HOUSTON'S FUTURE ~ TODAY!


Free Appreciation Lunch Friday!

Celebrate Enron's successful Days of Caring and build momentum going into the last week of our United Way Campaign.

Antioch Park, 11:30 a.m. - 1:00 p.m.   Lunch will be catered by Chick-Fil-A.

Which business unit will master the building block challenge?
Come find out and cheer on your team as they compete for the creating the best structure!

Bring down your Legos and donate them to our 2001 Adopted Agencies.  Also register for a chance to win two free, round-trip airplane tickets to anywhere in the continental U.S.


Make Your Pledge Today!

To make your contribution, please click on http://home.enron.com an",,no.address@enron.com,0.5,medium,action-required language (+0.07); 1 exclamation(s) in subject (+0.05); ALL CAPS subject (+0.08),ham,0.1842,Other,0.997,0.2,low,False
benson-r/deleted_items/65.,URGENT! URGENT! VIRUS ALERT!,"Please be aware that there is an email circulating the Enron messaging environment !!!

The infected email has the following characteristics :
Subject :	Hi
Body :	Hi, I found a cool site! <web link> It's really cool!

An alternative version of the infected email also have an Excel spreadsheet attachment.

If you receive this email, DELETE it immediately. DO NOT CLICK ON THE WEB LINK. DO NOT LAUNCH THE EXCEL ATTACHMENT!

Please note that opening the email automatically via the ""preview pane"" does NOT launch the virus.

The Enron global messaging service has taken the necessary steps to ensure all internet email sent to your Enron internet address is virus free. But there are ways that you can",,no.address@enron.com,0.7,high,urgent/critical language (+0.24); 3 exclamation(s) in subject (+0.10); ALL CAPS subject (+0.08),ham,0.2139,Other,0.939,0.7,high,True
campbell-l/all_documents/953.,SUPPLEMENTAL Weekend Outage Report for 11-17-00,"------------------------------------------------------------------------------
------------------------
W E E K E N D   S Y S T E M S   A V A I L A B I L I T Y

F O R

November 17, 2000 5:00pm through November 20, 2000 12:00am
------------------------------------------------------------------------------
------------------------


      

SCHEDULED SYSTEM OUTAGES: 

ARDMORE DATA CENTER - FACILITY OPERATIONS: No Scheduled Outages.

AZURIX: No Scheduled Outages.

EB34 DATA CENTER - FACILITY OPERATIONS: No Scheduled Outages.

EDI SERVER: SEE ORIGINAL REPORT

EI: SEE ORIGINAL REPORT

ENRON NORTH AMERICAN LANS:  No Scheduled Outages.

FIELD SERVICES:  No Scheduled Outages.

INTERNET: No Scheduled",houston.report@enron.com,enron.announcements@enron.com,0.7,high,urgent/critical language (+0.24); direct 1:1 email (+0.05); negative sentiment (+0.08),ham,0.0998,Work,-0.428,0.2,low,False
arora-h/deleted_items/53.,Your Approval is Overdue: Access Request for jaime.gualy@enron.com,"This request has been pending your approval for  113 days.  Please click http://itcapps.corp.enron.com/srrs/auth/emailLink.asp?ID=000000000041547&Page=Approval to review and act upon this request.





Request ID          : 000000000041547
Request Create Date : 6/19/01 7:50:30 AM
Requested For       : jaime.gualy@enron.com
Resource Name       : \\nahoutrd\houston\pwr\common\Electric - [Read]
Resource Type       : Directory",harry.arora@enron.com,arsystem@mailman.enron.com,0.5,medium,urgent/critical language (+0.12); direct 1:1 email (+0.05),ham,0.1943,Work,0.863,0.4,medium,True
beck-s/discussion_threads/3552.,Operator Error,"I just composed a somewhat lengthy e:mail about the anniversary trip, and 
then closed out Lotus Notes and checked discard changes.  So it is gone - but 
not sent!!  Can you e:mail me back your office phone number and if it is 
convenient for you, I will give you call and use old fashioned technology.",cwhite@viviance.com,sally.beck@enron.com,0.4,medium,direct 1:1 email (+0.05); negative sentiment (+0.08),ham,0.1564,Personal,-0.358,0.2,low,False
campbell-l/discussion_threads/1658.,"Don't forget Dad's Day!  Shop now, we'll ship later.","[IMAGE]
		[IMAGE]			father's day june 17
					[IMAGE]	
		[IMAGE]			[IMAGE]
					[IMAGE]	
	Visit RedEnvelope's homepage.[IMAGE]Click here to see our entire Father's Day 
collection.  
	
	[IMAGE]
	Order today and  get $5.95 off our ""Buy Now, Ship Later"" service. Enter 
promotion  code EARLYDAD11 at checkout. Offer expires June 5, 2001.  
	[IMAGE]
	
	grilling  + outdoorsfavoritesbar  + wine + cigarsgadgets  + toolshome  + 
office + travelmen's  accessoriesrelaxationsports +  gamesgifts under $50
	
		[IMAGE]	  digital temperature fork[IMAGE]digital weather station	[IMAGE]	  grilling 
tool kit[IMAGE]golf scorecard watch[IMAGE]ultra-slim tool + lite	
					[IMAGE]	
[IMAGE]					
					home [IMAGE]  s",lcampbel@enron.com,redenvelope@gifts.redenvelopegifts.com,0.6,high,urgent/critical language (+0.12); action-required language (+0.07); 1 exclamation(s) in subject (+0.05); direct 1:1 email (+0.05),ham,0.1653,Other,0.805,0.1,low,False
dasovich-j/all_documents/12392.,NPR Inquiry,"Ken Smith mentioned that Dave Parquet sent out an email about this issue -- 
do either of you have a copy of it?  If so, please forward to me.  Thanks! kd
---------------------- Forwarded by Karen Denne/Corp/Enron on 05/11/2001 
07:01 PM ---------------------------


""Ken Smith"" <ken@kdscommunications.com> on 05/11/2001 03:29:29 PM
Please respond to ""Ken Smith"" <ken@kdscommunications.com>
To: ""Karen Denne"" <kdenne@enron.com>
cc: ""Scott Govenar"" <sgovenar@govadv.com>, <Janel.Guerrero@enron.com> 

Subject: NPR Inquiry



I spoke with Elain Cory from San Francisco's NPR bureau, who  called Hedy 
Govenar's office earlier today regarding a story she's doing on  plant siting 
and air emission laws","jeff.dasovich@enron.com, sgovenar@govadv.com",karen.denne@enron.com,0.6,high,urgent/critical language (+0.12); action-required language (+0.14),ham,0.0707,Work,0.854,0.3,low,False
arnold-j/sent/582.,Re: Guggenheim Museum,"Do you have interest in having a semi formal party at the guggenheim for our 
ny counterparties?  was thinking it might be a good pr move.
---------------------- Forwarded by John Arnold/HOU/ECT on 03/20/2001 09:35 
PM ---------------------------
From: Margaret Allen@ENRON on 03/19/2001 05:23 PM
To: John Arnold/HOU/ECT@ECT
cc:  
Subject: Re: Guggenheim Museum  

There will be a corporate lounge for you to congregate in.  Does that sound 
good?  No problem on the thrity tickets.  I will hold them for you.  Let me 
know if you don't think yo uwill be needing all of them. I can also get you 
the formal invitations to send out if you would like.




	John Arnold@ECT
	03/19/2001 11:22 AM
		
		 To",mike.maggi@enron.com,john.arnold@enron.com,0.4,medium,urgent/critical language (+0.12); reply/forward chain (-0.05); direct 1:1 email (+0.05),ham,0.0703,Personal,0.978,0.3,low,False
causholli-m/inbox/130.,SAP Systems Outage Notification,"System Outage Notification

 

Outage Description:

All SAP systems (including Prod Interface, all EBP systems, IPayIt and FTP servers) will be shutdown in order to upgrade our storage hardware. This maintenance is required to ensure that sufficient storage is available for the SAP Production systems.

 

Date & Time of Outage: 

Outage Commences: November 9, 2001 @ 8:00pm CST

Outage Ends: November 12, 2001 @ 2:00am CST

 

Contacts:

Contact:

Contact Information:

ISC Customer Care 

713-345-4727",users.dl-enron@enron.com,notifications.isc@enron.com,0.6,high,urgent/critical language (+0.24); direct 1:1 email (+0.05),ham,0.1276,Other,0.7,0.4,medium,False
baughman-d/power/vermont_yankee_nuke/4.,Vermont Yankee Notification,"<<Fuel Leak Test 12_14_01.doc>>

Thank you,

Bobbi J. Kilburn
Treasury & Risk Administrator
Vermont Yankee Nuclear Power Corp.
(802) 258-4120
(802) 258-2101
Bobbi.Kilburn@vynpc.com



 - Fuel Leak Test 12_14_01.doc","dept..braintree@enron.com, mongeon.brian@enron.com, wiggett.bruce@enron.com,  department.burlington@enron.com, martin.cambridge@enron.com, azulay.cambridge@enron.com, alves.cambridge@enron.com, power.central@enron.com, service.central@enron.com, dept..chicopee@enron.com, psnh.connecticut@enron.com, mcelwee.david@enron.com, don.baughman@enron.com, rivest.gmp@enron.com, brown.gmp@enron.com, kvedar.gmp@enron.com, beauregard.holyoke@enron.com, lavelle.holyoke@enron.com, monteiro.hudson@enron.com, boguslawski.john@enron.com, electric.mayhew@enron.com, cyr.michael@enron.com, smith.middleborough@enron.com, collins.middleborough@enron.com, roberson.mmwec@enron.com, rondeau.new@enron.com, hass.new@enron.com, nu.pat@enron.com, municipal.paul@enron.com, mmwec.rachel@enron.com, kacich.rick@enron.com, williams.rob@enron.com, pelletier.rose@enron.com, irving.taunton@enron.com, blain.taunton@enron.com, whittemore.taunton@enron.com, municipal.tim@enron.com, doskocil.unitil@enron.com, wells.unitil@enron.com, furino.unitil@enron.com, tremblay.velco@enron.com, room.velco-@enron.com, tomasko.westfield@enron.com",bobbi.kilburn@vynpc.com,0.3,low,broadcast to 43 recipients (-0.12); negative sentiment (+0.08),ham,0.1209,Work,-0.382,0.4,medium,False
blair-l/meetings/175.,Jan/John/Lynn - Working from Home Lynn's office,"CALENDAR ENTRY:	APPOINTMENT

Description:
	Jan/John/Lynn - Working from Home Lynn's office

Date:		9/22/2000
Time:		8:30 AM - 10:00 AM (Central Standard Time)

Chairperson:	Outlook Migration Team

Detailed Description:",,outlook.team@enron.com,0.3,low,,ham,0.0823,Work,0.0,0.2,low,True
dasovich-j/all_documents/12234.,Graduating this semester?,"DELETE IF NOT  GRADUATING THIS SEMESTER.

John Morel has asked all of you to take a few minutes to report placement
information through BEARTracks.  I know that you're very busy, but this is
really, really important information for us.  There are a number of reasons
why this information is critical:

(1)  We are very often asked for this data by prospective students who want
to know if the  MBA Program is ""worth it.""   This data we are able to
present to them is critical to our marketing efforts.

(2)  We often have to report this information to survey administrators
(e.g., Bus Week, etc.), who then plug it into their methodologies.  If we
don't have the information, or if we have skewed inf",eveningmba@haas.berkeley.edu,owner-eveningmba@haas.berkeley.edu,0.6,high,urgent/critical language (+0.24); question in subject (+0.04); direct 1:1 email (+0.05),ham,0.2092,Other,0.973,0.4,medium,False
beck-s/discussion_threads/238.,Clean up of VNG December book and resolution of management process,"FYI - the details on the meeting.
Ed
---------------------- Forwarded by Ed McMichael/HOU/ECT on 01/25/2001 11:37 
AM ---------------------------


Tera Moss@ENRON
01/25/2001 09:13 AM
To: Bryce Baxter/HOU/ECT@ECT, Maria Garza/HOU/ECT@ECT, Katherine L 
Kelly/HOU/ECT@ECT, Rita Wynne/HOU/ECT@ECT, Dick Jenkins/HOU/ECT@ECT, John 
Valdes/HOU/ECT@ECT, Victor Lamadrid/HOU/ECT@ECT, Kam Keiser/HOU/ECT@ECT, 
Robert Superty/HOU/ECT@ECT, Steve Gillespie/Corp/Enron@ENRON, Priscilla 
Hamic/NA/Enron@Enron, William Kelly/HOU/ECT@ECT
cc: Mark Breese/HOU/ECT@ECT, Ed McMichael/HOU/ECT@ECT, Greg 
Whiting/Corp/Enron@ENRON, Scott Neal/HOU/ECT@ECT, Mary 
Comello/Corp/Enron@Enron 
Subject: Clean up of VNG December b",sally.beck@enron.com,ed.mcmichael@enron.com,0.3,low,bulk/automated/fyi language (-0.08); direct 1:1 email (+0.05),ham,0.0608,Work,0.931,0.3,low,True
campbell-l/discussion_threads/872.,No Idea....,"OPEN IN PRIVATE








 - GREATJ~1.JPG","joe.errigo@enron.com, jay.wills@enron.com, don.baughman@enron.com,  rudy.acevedo@enron.com, cyril.price@enron.com, john.kinser@enron.com, larry.jester@enron.com, jason.choate@enron.com, juan.hernandez@enron.com, wayne.herndon@enron.com, lawrence.clayton@enron.com, kayne.coulter@enron.com, chad.starnes@enron.com, keller.mayeaux@enron.com, joe.stepenovitch@enron.com, miguel.garcia@enron.com, russell.ballato@enron.com, larry.campbell@enron.com",richard.hrabal@enron.com,0.2,low,broadcast to 18 recipients (-0.12),ham,0.1277,Work,-0.296,0.1,low,True
beck-s/discussion_threads/1077.,Addendum to Angelique Woods,.......and I will be her supervisor.,sally.beck@enron.com,steve.venturatos@enron.com,0.3,low,direct 1:1 email (+0.05),ham,0.1405,Work,0.0,0.3,low,True
dasovich-j/all_documents/1938.,"Utilities, Electric: Deregulation: Consumer Outrage in California","----- Forwarded by Miyung Buster/ENRON_DEVELOPMENT on 09/29/2000 06:01 PM 
-----

	djcustomclips@djinteractive.com
	09/27/2000 02:31 PM
	Please respond to nobody
		 
		 To: 86464@WCTOPICS.djnr.com
		 cc: 
		 Subject: Utilities, Electric: Deregulation: Consumer Outrage in California


 
Consumer Outrage in California 
Al Senia 
? 
09/30/2000 
Utility Business 
Copyright 2000 by Intertec Publishing Corporation, a PRIMEDIA Company. All 
rights reserved. 

Sempra sits on the hot seat as California rides out the effects of its 
efforts at deregulation.

Wild fires have swept the western United States this year, but they are 
nothing like the fire storm over energy deregulation that has engulfed S","filuntz@aol.com, liz@luntz.com, nicholas.o'day@enron.com,  mike.dahlke@enron.com, jennifer.rudolph@enron.com",miyung.buster@enron.com,0.5,medium,action-required language (+0.07); negative sentiment (+0.08),ham,0.1658,Other,-0.386,0.2,low,False
baughman-d/enron_power/fundamentals/4.,QUAD CITIES,"11:22 02Aug2001 RSF-Ill. Quad Cities 2 nuke shut after lightning strike

    NEW YORK, Aug 2 (Reuters) - Exelon Nuclear said Thursday a lightning strike at the Quad Cities plant in Cordova, Ill. caused a fire in unit 2's main transformer that caused the 789-megawatt (MW) unit to shut down.
    Exelon said in a statement that the fire was quickly extinguished at 8:45 a.m. Central Time by the site's fire brigade and the Cordova Fire Department. The lightning strike occurred at about 8:15 a.m.
    With the loss of the off-site power during the event, Exelon declared an ""Unusual Event"" at 8:23 a.m. An Unusual Event is the lowest of four emergency classifications used by the U.S. Nuclear Regulato",don.baughman@enron.com,jaime.gualy@enron.com,0.7,high,urgent/critical language (+0.12); ALL CAPS subject (+0.08); direct 1:1 email (+0.05); strongly negative/distressed sentiment (+0.15),ham,0.1487,Other,-0.976,0.5,medium,False
blair-l/deleted_items/140.,----> Send4fun: Too much time on the Internet? (Funny!),"----> Send4fun: Too much time on the Internet?

Hello! Hope you are having a Great Day, and hope you enjoy these Funpages!

I Want to Make you Smile!
http://www.send4fun.com/makeyousmile.htm
<a href=""http://www.send4fun.com/makeyousmile.htm"">
Make you Smile!</a>

The ABC's of Friendship
http://www.send4fun.com/abc.htm
<a href=""http://www.send4fun.com/abc.htm"">
The ABC's of Friendship</a>

A Bouquet for You!
http://www.send4fun.com/bouquet.htm
<a href=""http://www.send4fun.com/bouquet.htm"">
A Bouquet for You!</a>

Get the latest bestsellers, self-help, and health books from Doubleday Book
Club
.  Join today and get 5 books for 99? plus an extra book free.  Click
for details.
http://www.flowgo.",lblair@enron.com,updates@send4fun.com,0.4,medium,1 exclamation(s) in subject (+0.05); question in subject (+0.04); direct 1:1 email (+0.05),ham,0.3866,Other,0.988,0.1,low,False
badeer-r/discussion_threads/27.,*DJ Calif. PUC Approves Utilities Buying Pwr Out Of CalPX,"---------------------- Forwarded by Robert Badeer/HOU/ECT on 06/14/2000 02:14 
PM ---------------------------
From: Greg Wolfe on 06/08/2000 03:48 PM
To: Chris H Foster/HOU/ECT@ECT, Tim Belden/HOU/ECT@ECT, Robert 
Badeer/HOU/ECT@ECT, Jeff Richter/HOU/ECT@ECT
cc:  
Subject: *DJ Calif. PUC Approves Utilities Buying Pwr Out Of CalPX


---------------------- Forwarded by Greg Wolfe/HOU/ECT on 06/08/2000 05:52 PM 
---------------------------
   
	Enron Capital & Trade Resources Corp.
	
	From:  ""Pergher, Gunther"" <Gunther.Pergher@dowjones.com>                      
     06/08/2000 01:10 PM
	

To: ""Pergher, Gunther"" <Gunther.Pergher@dowjones.com>
cc:  (bcc: Greg Wolfe/HOU/ECT)
Subject: *DJ Calif. P",mpetroch@enron.com,robert.badeer@enron.com,0.3,low,direct 1:1 email (+0.05),ham,0.082,Work,0.968,0.3,low,True
baughman-d/discussion_threads/373.,East Power Candidate,"Don,
Please advise of your interest in to following candidate.


Thank you,
Courtnie Parker
Enron North America
(713) 853-5315
courtnie.parker@enron.com",don.baughman@enron.com,courtnie.parker@enron.com,0.4,medium,action-required language (+0.07); direct 1:1 email (+0.05),ham,0.1039,Work,0.778,0.4,medium,True
baughman-d/deleted_items/413.,FLASH ALERT: Don't fall for Technology's biggest LIE...,"Dear Investor,

I'm writing to expose the biggest lie in technology
today...

...one that has individual investors completely in the
dark about an opportunity of immense proportions.  A
LOW-RISK tech stock that can easily DOUBLE your money
by this time next year -- then make your fortune
several times over in the years to come.

I've just put the finishing touches on an Urgent
Profit Bulletin detailing this opportunity
and in just a bit, I'll tell you how to get your
FREE copy.

But first, back to technology's biggest lie.  I'm
talking about the so-called ""glut"" of fiber optic
cable.  Here's the REAL story:

WHEN the World Trade Center got hit, the Internet
slowed down -- very noticeably slo",don.baughman@enron.com,murphy@investorplace.com,0.5,medium,urgent/critical language (+0.12); direct 1:1 email (+0.05),ham,0.2586,Other,-0.245,0.1,low,False
campbell-l/inbox/915.,Price Reservations 13 August 2001 Real-Time Market and 14 August,"CGoering@nyiso.com writes to the NYISO_TECH_EXCHANGE Discussion List:

The NYISO is reserving hours beginning 9:00, 10:00, and 12:00-18:00 in the
August 13, 2001 Real-Time Market as well as the following hours per
ECA20010608B to verify prices:

HQ:   0:00-1:00, 4:00-7:00, 11:00, 15:00, 18:00, 21:00
NE:   0:00-1:00, 4:00-7:00, 11:00, 15:00, 18:00, 21:00
OH:   0:00-1:00, 4:00-7:00, 11:00, 15:00, 18:00, 21:00
PJM:  0:00-1:00, 4:00-7:00, 11:00, 15:00, 18:00, 21:00

Prices in the August 14, 2001 Day-Ahead Market are correct.

This e-mail information is a copy of the official posting which can be
found at the following address on our website:
http://mis.nyiso.com/public/htm/OperMessages/CurrentOp",tie_list_server@nyiso.com,cgoering@nyiso.com,0.3,low,direct 1:1 email (+0.05),ham,0.1481,Work,0.273,0.2,low,True
crandell-s/inbox/152.,SONGS OUTAGE,I have heard strong rumors that SONGS might be coming down this weekend for a 20 day outage,sean.crandall@enron.com,julie.sarnowski@enron.com,0.7,high,urgent/critical language (+0.24); ALL CAPS subject (+0.08); direct 1:1 email (+0.05),ham,0.1368,Personal,0.511,0.4,medium,False
bass-e/sent/822.,Re: Vandy,"BRUTAL!


   
	Enron North America Corp.
	
	From:  Timothy Blanchard @ EES                           03/10/2000 04:48 PM
	

To: Brian Hoskins/HOU/ECT@ECT
cc: Matthew Lenhart/HOU/ECT@ECT, Eric Bass/HOU/ECT@ECT, Chad 
Landry/HOU/ECT@ECT, Bryan Hull/HOU/ECT@ECT 
Subject: Vandy

Nice try, now we get to kick your other team's ass tomorrow.  Maybe you call 
pull for Florida, I hear they're pretty good this year.",timothy.blanchard@enron.com,eric.bass@enron.com,0.3,low,reply/forward chain (-0.05); direct 1:1 email (+0.05),ham,0.0669,Personal,-0.184,0.1,low,True
cuilla-m/sent_items/106.,Star,I sent an email to the prez of Star about the furniture and cancelled our purchase from Furniture USA.  The said we should get a cedit on our credit card in 5 days.  Hopefully I will hear from him soon and we will have spankin' new furniture!,zwharton@dawray.com,martin.cuilla@enron.com,0.3,low,direct 1:1 email (+0.05),ham,0.2007,Work,0.556,0.2,low,True
brawner-s/deleted_items/144.,SUPPLEMENTAL Weekend Outage Report for 6-1-01 through 6-4-01,"------------------------------------------------------------------------------------------------------
W E E K E N D   S Y S T E M S   A V A I L A B I L I T Y

F O R

June 1, 2001 5:00pm through June 4, 2001 12:00am
------------------------------------------------------------------------------------------------------


ECS to ECN Network Interconnection, June 9th 2001

This is a notification that the Enron Corp. I/T Networks team will be connecting the new building network infrastructure located in Enron Center South (ECS) to the existing Enron Center North (ECN) backbone network.  While this activity is not expected to produce a disruption to network services, this notice is designed to ale",,40enron@enron.com,0.4,medium,urgent/critical language (+0.12),ham,0.0955,Other,0.119,0.3,low,False
campbell-l/notes_inbox/100.,Off Schedule Flows into NEPOOL,"""Pavo, Mike"" <mike.pavo@nrgenergy.com> writes to the NYISO_TECH_EXCHANGE 
Discussion List:

NRG respectfully requests a written clarification of the events and
consequences of the apparent schedule deviation on Phase I/II for December
08 HE21.  The data shows a schedule of 1100mw into NE and an actual flow of
450mw, a deficiency of at least 650mw for the entire hour.

Questions:
1. Is the data correct?  If no what was the error?  If yes see below;
2. Was there an emergency energy sale to HQ for this hour to cover the
deficiency?
3. What was the impact to energy and ancillary prices?
4. What was the impact on the NERC performance criteria (CPS1 and CPS2)?
5. Is the deficiency intended to be r",custserv@iso-ne.com,owner-nyiso_tech_exchange@lists.thebiz.net,0.5,medium,urgent/critical language (+0.12); direct 1:1 email (+0.05),ham,0.093,Work,0.83,0.4,medium,True
buy-r/sent/171.,Re: California Regulatory Strategy,"I would like Bill Bradford there unless someone is trying to llimit 
headcount. Rick",wanda.curry@enron.com,rick.buy@enron.com,0.3,low,reply/forward chain (-0.05); direct 1:1 email (+0.05),ham,0.0971,Work,0.361,0.3,low,True
campbell-l/discussion_threads/699.,Open Enrollment 2001 Deadline,"This message is intended for US employees eligible for Enron's domestic 
health & group benefit plans.

Please click on the link for details regarding Open Enrollment 2001.

http://home.enron.com:84/messaging/2001change.pps",all.employees@enron.com,enron.announcements@enron.com,0.5,medium,urgent/critical language (+0.12); direct 1:1 email (+0.05),ham,0.1554,Work,0.649,0.5,medium,True
dasovich-j/all_documents/10787.,FERC gives Kern River project speedy approval,"From today's Gas Daily:

***FERC gives Kern River project speedy approval

     Only three weeks after receiving the certificate application, FERC 
Friday granted Kern River Gas Transmission authority to proceed 
with a 135 million cfd expansion of its system that will move new 
gas supplies from Wyoming to California. The unprecedented speed in 
which FERC completed its review of the $81 million project grew out 
of the commission's desire to address the energy crisis in 
California, which is expected to worsen this summer in light of 
forecasts for continued high gas prices and shortages of power 
generation capacity.
     FERC typically takes several months to complete the review 
process","barry.tycholiz@enron.com, colleen.sullivan@enron.com, donna.greif@enron.com,  jane.tholt@enron.com, jeff.dasovich@enron.com, patti.sullivan@enron.com, paul.kaufman@enron.com, phillip.allen@enron.com, randall.gay@enron.com, robert.superty@enron.com, roger.ponce@enron.com, stephanie.miller@enron.com, susan.mara@enron.com, suzanne.calcagno@enron.com, tori.kuykendall@enron.com, jess.hewitt@enron.com, steven.south@enron.com, ed.mcmichael@enron.com",rebecca.cantrell@enron.com,0.4,medium,urgent/critical language (+0.24); broadcast to 18 recipients (-0.12),ham,0.1174,Work,0.927,0.3,low,False
beck-s/ase/2.,ASE information for Harvard Business School,"Sally - 

To follow up on our conversation Monday about the Harvard Business School 
study and their interest in CGEY's Accelerated Solutions Environment (ASE), I 
am including contact information for two key people with the ASE.  Feel free 
to pass this information along to the professors at Harvard. 

Rob Evans, Global Director for the ASE and Facilitator
Voicemail:  617-859-6757
Cellphone:  617-513-0663

Chip Saltsman, Facilitator
Phone:  410-783-3725
Cellphone:  443-655-5820

Rob Evans is actually based out of our facility in Cambridge, MA.

Please let me know if you need any additional information or if I can help in 
any way.

Thanks,
Lisa P
5-6352",sally.beck@enron.com,lisa.petruszka@enron.com,0.4,medium,action-required language (+0.07); direct 1:1 email (+0.05),ham,0.1482,Other,0.772,0.3,low,False
beck-s/all_documents/1105.,Re: WorkLife Executive Council Meeting Reminder,"Sally,

Please let Cynthia know that Sally is out of town recruiting today.  I did 
speak to someone in her office (I thought it was her assistant) and Bobbie 
Power a week or two ago to let them know that Sally would not be available on 
this date.  Sally does, however, want to be a part of this group, so please 
notify us for the next meeting.

Thanks,
Patti x39106
(Sally's assistant)




Sally Alvarez
10/27/2000 11:50 AM
To: Sally Beck/HOU/ECT@ECT, Robert Jones/Corp/Enron@ENRON, Neil 
Davies/Corp/Enron@ENRON, Scott Yeager/Enron Communications@Enron 
Communications, Daniel Reck/HOU/ECT@ECT, Phil Lowry/OTS/Enron@ENRON, 
Elizabeth Tilney/HOU/EES@EES, Drew C Lynch/LON/ECT@ECT, Melissa 
Becker",sally.alvarez@enron.com,patti.thompson@enron.com,0.3,low,action-required language (+0.14); bulk/automated/fyi language (-0.16); reply/forward chain (-0.05); direct 1:1 email (+0.05),ham,0.0574,Work,0.921,0.3,low,True
campbell-l/discussion_threads/1339.,DRAFT- TAP Power Outage,"One of Travel Agency in the Park's major phone lines has been damaged due to 
downtown construction.  The line is currently being repaired with an 
estimated down time of approximately 4-6 more hours.  Calls are currently 
being routed to 713-853-4801 and 713-345-5164.  We will send additional 
notification if this problem persists.  We apologize for any inconvenience.",all.downtown@enron.com,enron.announcements@enron.com,0.6,high,urgent/critical language (+0.12); direct 1:1 email (+0.05); strongly negative/distressed sentiment (+0.15),ham,0.1838,Work,-0.798,0.3,low,False
bass-e/discussion_threads/1731.,,"http://www.har.com/search/condo/indexdetail.cfm?mlnum=372611


looks nice - a little further out though",daphneco64@bigplanet.com,eric.bass@enron.com,0.3,low,direct 1:1 email (+0.05),ham,0.1248,Personal,0.421,0.1,low,True
dasovich-j/all_documents/12134.,NEWS: lawsuit against FERC,"*  from Govt Affairs 


---------------------- Forwarded by Jennifer Rudolph/HOU/EES on 05/07/2001 
04:40 PM ---------------------------


Susan J Mara@ENRON
05/07/2001 04:34 PM


----- Forwarded by Susan J Mara/NA/Enron on 05/07/2001 02:27 PM -----

	Scott Govenar <sgovenar@govadv.com>
	05/07/2001 01:44 PM
		 
		 

Senate President Pro Tempore John Burton and Assembly Speaker Robert
Hertzberg held a press conference moments ago to announce the joint
filing of a lawsuit against FERC.  The lawsuit will seek to mandate FERC
to prospectively limit the amounts charged by generators and marketers
and establish a refund program for recouping over-charges.  The suit
will be brought either in Califo",ca.team@enron.com,jennifer.rudolph@enron.com,0.6,high,urgent/critical language (+0.24); direct 1:1 email (+0.05),ham,0.0802,Work,0.052,0.3,low,False
arnold-j/all_documents/1017.,Re: 24x7 Emergency Services,"take me off your mailing list




""Piping Technology & Products, Inc."" <enews@mail.pipingtech.com> on 
01/02/2001 04:59:48 PM
To: <ptp-announcetemp@mail.pipingtech.com>
cc:  
Subject: 24x7 Emergency Services






U.S. Bellows/PT&P: Manufacturer of Expansion Joints, Compensators and more.

December  2000


[IMAGE]



www.pipingtech.com? |? www.usbellows.com? | www.swecofab.com?  




U.S. Bellows Responds to Emergency  Order from Alaska Nitrogen Products, LLC 
for a 48"" Dia. Expansion  Joint
U.S.  Bellows, Inc., the expansion joint division of Piping  Technology & 
Products, Inc., has once again shown its  dedication and devotion to its 
customers by rushing to the emergency  call of Alaska ",enews@mail.pipingtech.com,john.arnold@enron.com,0.7,high,urgent/critical language (+0.24); reply/forward chain (-0.05); direct 1:1 email (+0.05); strongly negative/distressed sentiment (+0.15),ham,0.1395,Other,-0.923,0.1,low,False
benson-r/deleted_items/66.,URGENT! URGENT! VIRUS ALERT!,"Please be aware that there is an email circulating the Enron messaging environment !!!

The infected email has the following characteristics :
Subject :	Hi
Body :		Hi, I found a cool site! <web link> It's really cool!

An alternative version of the infected email also have an Excel spreadsheet attachment.

If you receive this email, DELETE it immediately. DO NOT CLICK ON THE WEB LINK. DO NOT LAUNCH THE EXCEL ATTACHMENT!

Please note that opening the email automatically via the ""preview pane"" does NOT launch the virus.

The Enron global messaging service has taken the necessary steps to ensure all internet email sent to your Enron internet address is virus free. But there are ways that you ca",dl-ga-all_enron_worldwide2@enron.com,announcements.enron@enron.com,0.8,high,urgent/critical language (+0.24); 3 exclamation(s) in subject (+0.10); ALL CAPS subject (+0.08); direct 1:1 email (+0.05),ham,0.2139,Other,0.939,0.7,high,True
campbell-l/discussion_threads/1561.,"RE: 150 mW DEC Cap for ""Emergency Exempt"" for EDRP","""Mark Younger"" <mdy@slater-consulting.com> writes to the NYISO_TECH_EXCHANGE 
Discussion List:

If only 150 MW can be called on when the NYISO needs them then no more than
150 MW should be allowed to qualify as ICAP providers.  The purpose of ICAP
is to assure that the NYISO has capacity when it needs it.  ""Having"" the
capacity and then not being allowed to use it makes the capacity worthless.
Resources that cannot be called upon are do not add to system security.

-----Original Message-----
From: owner-nyiso_dltf@lists.nyiso.com
[mailto:owner-nyiso_dltf@lists.nyiso.com] On Behalf Of jdprunkl
Sent: Friday, May 11, 2001 3:55 PM
To: 'Larry DeWitt: PACE'; PRLWG
Subject: RE: 150 mW DEC Cap for ""","nyiso_dltf@lists.nyiso.com, dewitt@nycap.rr.com, jdprunkl@earthlink.net",owner-nyiso_tech_exchange@lists.thebiz.net,0.6,high,urgent/critical language (+0.24); reply/forward chain (-0.05); negative sentiment (+0.08),ham,0.1229,Work,-0.527,0.2,low,False
campbell-l/all_documents/216.,Roswell Station Recovery System,"The product recovery system was shut down on September 8th due to excessive 
production of water. This system was shut down pending the installation new 
recovery pumps which would minimize production of water. The new pumps have 
been purchased and are on-site, however, in the time period since September 
8th, PSH has accumulated in only one of the three on-site recovery wells. In 
light of this, installation of the new recovery pumps will be postponed until 
additional recovery wells have been installed.",william.kendrick@enron.com,george.robinson@enron.com,0.3,low,direct 1:1 email (+0.05),ham,0.1283,Work,0.296,0.3,low,True
blair-l/deleted_items/90.,OOO,"I will be out of office Thursday and Friday, 10/25 - 10/26. Please contact TMS oncall if you need any assistance. Thanks and have a great weekend!
Wayne",group.dl-ets@enron.com,wayne.feng@enron.com,0.3,low,bulk/automated/fyi language (-0.08); direct 1:1 email (+0.05),ham,0.1009,Work,0.862,0.1,low,True
brawner-s/sent_items/13.,RE: I don't know Brad Horn!!!!!!!!!!!!!!!,"I thought you would really apprecaite this....
---------------------- Forwarded by Sandra F Brawner/HOU/ECT on 05/02/2001 09:53 AM ---------------------------
From:	Ragan Bond/ENRON@enronXgate on 05/01/2001 04:01 PM
To:	Sandra F Brawner/HOU/ECT@ECT
cc:	 
Subject:	RE: I don't know Brad Horn!!!!!!!!!!!!!!!


Love the trading side........Ref Brad comment:   I just hear Brad and watch some of the strange things he does in the gulf and i'm like geezzz he is nuts...like to keep my association with lunatics to a minimum.....that's all!!!!!!!    take care!
 -----Original Message-----
From: 	Brawner, Sandra  
Sent:	Tuesday, May 01, 2001 3:51 PM
To:	Bond, Ragan
Subject:	Re: I don't know Brad Horn!!!!!",jons@amerexenergy.com,sandra.brawner@enron.com,0.4,medium,15 exclamation(s) in subject (+0.10); reply/forward chain (-0.05); direct 1:1 email (+0.05),ham,0.0625,Personal,0.882,0.1,low,False
badeer-r/discussion_threads/216.,CANCEL Warning Notice,"SYSTEM WARNING CANCELLATION [200000204]

Effective 08/24/2000 at 19:00 the California Independent System Operator
has terminated the ""Warning"" of the Electrical Emergency Plan.

The ""Warning""  has been in effect since Thu Aug 24 11:00:00 2000 PDT.



This message is from Market Operations  at the California ISO.

This notice cancels notice 200000203

Notice issued at: 08/24/2000 18:51",,awe@caiso.com,0.6,high,urgent/critical language (+0.12); strongly negative/distressed sentiment (+0.15),ham,0.1532,Work,-0.909,0.3,low,False
beck-s/discussion_threads/188.,Congratulations!!!,"Dear Sally:

Congratulations on your new role! All the best with it!!!

Best Regards,
Joseph Koothrappally",sally.beck@enron.com,joseph.koothrappaly@enron.com,0.5,medium,3 exclamation(s) in subject (+0.10); direct 1:1 email (+0.05),ham,0.1385,Personal,0.968,0.1,low,False
buy-r/inbox/572.,Risk Management benchmarking survey,"Based on recent discussions with several energy firms, there appears to be
interest in conducting a survey which
*	summarizes the current state of risk management best practices
within the industry, and
*	provides benchmark data addressing current levels of risk based
performance for various energy related lines of business

To respond to this interest, we would like to conduct a survey which
addresses these goals. We have prepared a proposal which outlines our
approach for conducting a survey, and provides samples of expected output. I
will be in touch sometime next week to discuss the proposal with you, and
determine your interest in participating.

I look forward to speaking with you, and",,ryoung@erisk.com,0.3,low,,ham,0.1373,Work,0.955,0.2,low,True
campbell-l/discussion_threads/1302.,Do more with your photos at Ofoto - and save big!,"Dear larry,

Greetings from Ofoto, where there's no limit to what you 
can do with your photos.  Whether you're a digital or film 
user, we make it easy to share, enhance and order prints of 
your cherished pictures.

Digital users, you can easily upload and edit your images 
with our free OfotoNow software.http://smile.ofoto.com/kc123635837.1461.0.794
Film users, send us your rolls in a free Ofoto film mailer 
and we'll put your photos online for 
you.http://smile.ofoto.com/kc123635837.1461.0.795For a limited time, save 30% 
on any prints ordered at Ofoto!

Just use the coupon code WBK4AD2AH at checkout.  Your 30% 
savings will be deducted automatically.  Your prints will be 
printed on Kod",lcampbel@enron.com,chiefphotoofficer@ofoto.com,0.6,high,urgent/critical language (+0.24); 1 exclamation(s) in subject (+0.05); direct 1:1 email (+0.05),ham,0.3091,Other,0.988,0.1,low,False
bass-e/discussion_threads/1215.,[cheatsheets] #156 TFL Report News,"Hi Folks,
?
As always, we check in right before game time with  our opinionated guru=20
buddy Bob Harris from the TFL Report.? For more info  on subscribing check=
=20
out: http://www.tflreport.com/flashupdate.cfm?? Enjoy!
?
Joe
?
?
?

lNO MISTAKING WHO IS IN CHARGE OF  REDSKINS...
[IMAGE].Written By TFL Report Editor Bob  Harris| Posted Thursday December=
=20
7,  2000 @ 10:10 PT[IMAGE]
[IMAGE]
[IMAGE]
[IMAGE]


[IMAGE]According to the Associated Press, out  of sheer habit, Terry Robisk=
ie=20
almost forgot he was  in charge during his first practice as interim coach =
of=20
the  Washington Redskins.=20

In fact, the man really in charge wasn't  there at all.=20

Dan Snyder was  attending le",cheatsheets@egroups.com,bryant@cheatsheets.net,0.5,medium,direct 1:1 email (+0.05); strongly negative/distressed sentiment (+0.15),ham,0.0839,Other,-0.669,0.1,low,False
campbell-l/redrock_mainline_expansion/64.,Flagstaff Review,"Mr. Campbell,

Here is the Flagstaff review.  There seems to be some confusion with the
ADEQ regarding the generator engines.  There is no need to accept a 7800
hour limitation.

Jon E. Fields, REM
Argent Consulting Services, Inc.
Ph: (281) 953-1008
Fx: (291) 759-9656


 - Flagstaff Permit Review Memo.doc",larry.campbell@enron.com,jfields@argentinc.com,0.4,medium,direct 1:1 email (+0.05); negative sentiment (+0.08),ham,0.1535,Work,-0.459,0.3,low,False
bass-e/_sent_mail/514.,Re: Merry Christmas,"25, yes




""K. Bass"" <daphneco64@bigplanet.com> on 08/31/2000 10:46:28 AM
Please respond to ""K. Bass"" <daphneco64@bigplanet.com>
To: Eric Bass <Eric.Bass@enron.com>
cc:  
Subject: Re: Merry Christmas


How old is she and does she want me to make her reservations?
----- Original Message -----
From: ""Eric Bass"" <Eric.Bass@enron.com>
To: ""K. Bass"" <daphneco64@bigplanet.com>
Sent: Thursday, August 31, 2000 10:37 AM
Subject: Re: Merry Christmas


>
>
> shanna said it was ok as well
>
>
>
>
> ""K. Bass"" <daphneco64@bigplanet.com> on 08/31/2000 10:36:02 AM
>
> Please respond to ""K. Bass"" <daphneco64@bigplanet.com>
>
> To:   Eric Bass <Eric.Bass@enron.com>
> cc:
> Subject:  Re: Merry Christmas
>
>
>",daphneco64@bigplanet.com,eric.bass@enron.com,0.4,medium,action-required language (+0.14); reply/forward chain (-0.05); direct 1:1 email (+0.05),ham,0.0863,Personal,0.987,0.3,low,False
campbell-l/all_documents/870.,SUPPLEMENTAL Weekend Outage Report for 11-10-00,"------------------------------------------------------------------------------
------------------------
W E E K E N D   S Y S T E M S   A V A I L A B I L I T Y

F O R

November 10, 2000 5:00pm through November 13, 2000 12:00am
------------------------------------------------------------------------------
------------------------

SCHEDULED SYSTEM OUTAGES: 

ARDMORE DATA CENTER - FACILITY OPERATIONS: No Scheduled Outages.

AZURIX: No Scheduled Outages.

EB34 DATA CENTER - FACILITY OPERATIONS: No Scheduled Outages.

EDI SERVER: POSTPONED
Impact:  EDI
Time:  Sat 11/11/2000 at  11:00:00 PM CT thru Sun 11/12/2000 at  1:00:00 AM CT
 Sat 11/11/2000 at    9:00:00 PM PT thru Sat 11/11/2000 at 11:00:0",houston.report@enron.com,enron.announcements@enron.com,0.6,high,urgent/critical language (+0.24); direct 1:1 email (+0.05),ham,0.1148,Work,0.721,0.2,low,False
arnold-j/sent_items/33.,Re: try this one...,"i'll pay a grand total of 0




""Eva Pao"" <epao@mba2002.hbs.edu> on 05/10/2001 05:15:59 PM
Please respond to <epao@mba2002.hbs.edu>
To:	<jarnold@enron.com>
cc:	 
Subject:	try this one...


 Please read the following problem very carefully, and write in a number at
the end.  You should be ready to defend your answer.  Only a number is
allowed, not an algebraic equation.

Acquiring a Company

	In the following exercise you will represent Company A (the acquirer),
which is currently considering acquiring Company T (the target) by means of
a tender offer.  You plan to tender in cash for 100% of Company T's shares
but are unsure how high a price to offer.  The main complication is this:
the value",epao@mba2002.hbs.edu,john.arnold@enron.com,0.4,medium,action-required language (+0.07); reply/forward chain (-0.05); direct 1:1 email (+0.05),ham,0.1998,Work,0.98,0.1,low,False
bass-e/sent/1325.,Fw: new years eve,"here is what my parents are doing for new years.  SWCC is the country club.  
Let me know if either of the 2 that I have sent you sound interesting.

L,
e
---------------------- Forwarded by Eric Bass/HOU/ECT on 12/27/2000 10:59 AM 
---------------------------


""Larry W. Bass"" <lwbthemarine@bigplanet.com> on 12/27/2000 10:47:07 AM
To: jason <jason.bass2@compaq.com>, eric preston bass <Eric.Bass@enron.com>
cc:  
Subject: Fw: new years eve


Read the e-mails below and let me know if you guys are interested in doing
something along those lines. Let me know ASAP.-Dad







----- Original Message -----
From: K. Bass
To: Larry W. Bass
Sent: Wednesday, December 27, 2000 10:03 AM
Subject: Re: new ",shanna.husser@enron.com,eric.bass@enron.com,0.5,medium,urgent/critical language (+0.12); action-required language (+0.07); reply/forward chain (-0.05); direct 1:1 email (+0.05),ham,0.0738,Personal,0.969,0.4,medium,True
blair-l/_sent_mail/39.,Re: FW: Storage allocations,"FYI.  Just to keep ya'll in the loop.  This fix should be ready for test on Monday
and migrated Monday night for Tuesday's use.  This fix will be very beneficial
in minimizing Shipper imbalances on NNG.  Terry and Gerry will work with the teams
to be sure everyone is up to speed on the change.  If you have any questions while I
am out next week, please check with Terry Kowalke or Mike Bodnar.   Thanks. Lynn
---------------------- Forwarded by Lynn Blair/ET&S/Enron on 06/17/2001 04:50 PM ---------------------------
   
	  From:  John Buchanan                           06/15/2001 03:28 PM	
		


To:	Gerry Medeles/ENRON@enronXgate
cc:	Steven January/ENRON@enronXgate, Lynn Blair/ET&S/Enron@ENRON,","shelley.corman@enron.com, brad.holmes@enron.com, rick.dietz@enron.com,  sheila.nacey@enron.com",lynn.blair@enron.com,0.1,low,bulk/automated/fyi language (-0.16); reply/forward chain (-0.05),ham,0.0585,Work,0.959,0.3,low,True
bass-e/all_documents/911.,Delta Ad,"---------------------- Forwarded by Eric Bass/HOU/ECT on 09/29/2000 09:44 AM 
---------------------------


Brian Hoskins
06/26/2000 04:10 PM
To: Roberto Martinez/ENRON_DEVELOPMENT@ENRON_DEVELOPMENT, Hector 
Campos/HOU/ECT@ECT, Eric Bass/HOU/ECT@ECT, Luis 
Mena/ENRON_DEVELOPMENT@ENRON_DEVELOPMENT, Barry Steinhart/Corp/Enron@Enron, 
Dick Jenkins/HOU/ECT@ECT
cc:  
Subject: Delta Ad

For old times' sake...


 - DELTA.WAV",gary.lamphier@enron.com,eric.bass@enron.com,0.4,medium,direct 1:1 email (+0.05); negative sentiment (+0.08),ham,0.0866,Personal,-0.511,0.1,low,False
benson-r/inbox/264.,"Moved, New, and Improved!","Payables

Effective today, the responsibility for Accounts Payables has been moved to Global Strategic Sourcing under the leadership of George Wasaff.  He, along with the Accounts Payable team, is pleased to announce a number of system enhancements based on your valuable feedback.

Delegation of Authority 
iPayit now enables you to identify a delegate to code, review, or approve invoices on your behalf.  The system provides you with the flexibility to:
*  Identify a delegate as a coder, approver, or reviewer
*  Define the length of time that you would like to delegate your authority
*  Select whether the delegate will assume your approval amount, maintain their own approval amount, or assume",,ipayit@enron.com,0.3,low,1 exclamation(s) in subject (+0.05),ham,0.2092,Other,0.99,0.3,low,True
carson-m/discussion_threads/80.,Open Enrollment 2001 Deadline Extension,"---------------------- Forwarded by Mike Carson/Corp/Enron on 11/16/2000 
04:34 PM ---------------------------
   
	
	
	From:  Corporate Benefits                           11/15/2000 09:09 PM
	

Sent by: Enron Announcements
To: All Enron Employees United States
cc:  

Subject: Open Enrollment 2001 Deadline Extension


OPEN ENROLLMENT 2001 DEADLINE EXTENDED


Due to a very heavy, last minute influx of employees trying to make elections 
and/or changes to their 2001 benefits, the open enrollment 2001 deadline has 
been extended until 5pm Central Time on Friday, November 17th.  

Please continue to access the web at www.enron.benefitsnow.com or the IVR at 
1-800-425-5864.  

You must have your ",mcarson@gtemail.net,mike.carson@enron.com,0.6,high,urgent/critical language (+0.24); direct 1:1 email (+0.05),ham,0.0981,Work,0.915,0.3,low,False
bailey-s/deleted_items/207.,Re: JLH--OBR Evaluations Due!,"Thanks Susan--I received it.  You were the only one who turned hers in w/out 
a reminder!  Tami",susan.bailey@enron.com,jg77063@aol.com,0.4,medium,action-required language (+0.07); 1 exclamation(s) in subject (+0.05); reply/forward chain (-0.05); direct 1:1 email (+0.05),ham,0.0947,Personal,0.54,0.2,low,False
beck-s/discussion_threads/1587.,Re: London Risk Reporting,"Ted

David - Can I get a detailed breakdown of the time that each component part 
of the risk feed for London turned up ?

As to going forward  - I take on board your suggestion that our current 
trading position / direction requires us to rethink from first principals the 
feed process and the current critical path problems.

I will get back to you ASAP

Regards

Mike


   


From:  Ted Murphy                                                             
01/09/2000 17:19	
	
	
	                           
	

To: Mike Jordan/LON/ECT@ECT, Sally Beck/HOU/ECT@ECT
cc:  

Subject: London Risk Reporting

Well,
today (or rather yesterday) it happened.  We have been pushing our limits 
hard and the ma","ted.murphy@enron.com, david.port@enron.com",mike.jordan@enron.com,0.6,high,urgent/critical language (+0.24); reply/forward chain (-0.05); strongly negative/distressed sentiment (+0.15),ham,0.082,Work,-0.784,0.5,medium,False
beck-s/all_documents/2560.,Re: Barcelona,"---------------------- Forwarded by Ted Murphy/HOU/ECT on 02/22/2000 04:26 PM 
---------------------------


Steve W Young
02/21/2000 10:45 AM
To: David Port/Corp/Enron@ENRON
cc: David Weekes/LON/ECT@ECT, Tim Poullain-Patterson/LON/ECT@ECT, Robert 
Quick/LON/ECT@ECT, Fernley Dyson/LON/ECT@ECT (bcc: Ted Murphy/HOU/ECT)
Subject: Re: Barcelona  

D Weekes is working with Tim P-P to address the resulting questions and 
should have a briefing memo together for distribution tomorrow.  We will 
follow up to answer Rick's questions at that time.  The major 
issues/questions are still a bit fluid since this just surfaced but  
presently include the following:

Issues/Questions
Exposure - Spread sheet",sally.beck@enron.com,ted.murphy@enron.com,0.7,high,urgent/critical language (+0.24); action-required language (+0.07); reply/forward chain (-0.05); direct 1:1 email (+0.05); negative sentiment (+0.08),ham,0.1174,Work,-0.577,0.3,low,False
campbell-l/notes_inbox/568.,PJM Transmission - How Deals are Entered into Enpower,"Hey Guys,

We have been researching PJM transmission settlement and have found an 
inconsistency in how deals are settled in PJM and 
how they are getting into Enpower.

I would like to propose that any deal for transmission be entered into 
Enpower as documented below.  Please come to me if you 
have any questions.

Volume Management is attempted to set up a process to reconcile these volumes 
on a daily and monthly basis, so bear with us 
until the process is in place and everyone is up to speed.

Thanks,

Rebecca


PJM TRANSMISSION PROCEDURE

Every time an OASIS request is accepted in PJM a deal is entered into 
Enpower...  

 1)  with a demand volume equal to the amount reserved
 2)  dem","patrick.hanse@enron.com, larry.campbell@enron.com, lisa.burnett@enron.com",rebecca.grace@enron.com,0.4,medium,negative sentiment (+0.08),ham,0.1121,Work,-0.467,0.3,low,False
beck-s/_sent_mail/699.,=?ANSI_X3.4-1968?Q?Revised_presentation_with_?=,"Please print for me - Black & white okay - I can't seemt to get this printe=
d=20
from my printer.  Thanks. =20
---------------------- Forwarded by Sally Beck/HOU/ECT on 04/11/2001 07:19 =
PM=20
---------------------------
From: Fred Philipson/ENRON@enronXgate on 04/11/2001 06:03 PM
To: Sally Beck/HOU/ECT@ECT
cc: Fred Philipson/ENRON@enronXgate, Rahil Jafry/ENRON@enronXgate=20
Subject: Revised presentation with Andy=01,s comments - 04/11/01

Sally,

This includes most of the suggestions Andy made (all the word/format relate=
d=20
ones, at least).  The only one I have not made relates to our discussion=20
about adding a slide that outlines the history behind the Operations Pricin=
g=20
Desk a",patti.thompson@enron.com,sally.beck@enron.com,0.4,medium,question in subject (+0.04); direct 1:1 email (+0.05),ham,0.0903,Work,0.936,0.2,low,False
campbell-l/discussion_threads/1296.,SUPPLEMENTAL Weekend Outage Report for 4-20-01 through 4-23-01,"------------------------------------------------------------------------------
------------------------
W E E K E N D   S Y S T E M S   A V A I L A B I L I T Y

F O R

April 20, 2001 5:00pm through April 23, 2001 12:00am
------------------------------------------------------------------------------
------------------------
                    
SCHEDULED SYSTEM OUTAGES: 

ARDMORE DATA CENTER - FACILITY OPERATIONS: No Scheduled Outages.

AZURIX: No Scheduled Outages.

EB34 DATA CENTER - FACILITY OPERATIONS: No Scheduled Outages.

EDI SERVER: No Scheduled Outages.

ENRON NORTH AMERICAN LANS:      SEE ORIGINAL REPORT
 
FIELD SERVICES:  No Scheduled Outages.

INTERNET: No Scheduled Outages.

MESS",houston.report@enron.com,enron.announcements@enron.com,0.6,high,urgent/critical language (+0.24); direct 1:1 email (+0.05),ham,0.1076,Work,-0.112,0.2,low,False
bass-e/discussion_threads/650.,SUPPLEMENTAL Weekend Outage Report for 11-10-00,"------------------------------------------------------------------------------
------------------------
W E E K E N D   S Y S T E M S   A V A I L A B I L I T Y

F O R

November 10, 2000 5:00pm through November 13, 2000 12:00am
------------------------------------------------------------------------------
------------------------

SCHEDULED SYSTEM OUTAGES: 

ARDMORE DATA CENTER - FACILITY OPERATIONS: No Scheduled Outages.

AZURIX: No Scheduled Outages.

EB34 DATA CENTER - FACILITY OPERATIONS: No Scheduled Outages.

EDI SERVER: POSTPONED
Impact:  EDI
Time:  Sat 11/11/2000 at  11:00:00 PM CT thru Sun 11/12/2000 at  1:00:00 AM CT
 Sat 11/11/2000 at    9:00:00 PM PT thru Sat 11/11/2000 at 11:00:0",houston.report@enron.com,enron.announcements@enron.com,0.6,high,urgent/critical language (+0.24); direct 1:1 email (+0.05),ham,0.1148,Work,0.721,0.2,low,False
crandell-s/sent_items/3.,Balance of February NW Position,"I have done the following trades to wrap up the Enron Northwest position for the balance of February.

1.  Bought 200 MW Onpeak at the Mid-C from AEP for $20 (Expense of $1,024,000).
2.  Bought 118 MW Onpeak at the Mid-C from Avista for $20 (Expense of $604,160)
3.  Bought 132 MW Offpeak at the Mid-C from Avista for $18.75 (Expense of $495,000)
4.  Bought 200 MW Offpeak of the MC/COB spread from AEP for $0.50 (Expense of $20,000)
5.  Sold 125 MW Onpeak of the COB/MC spread to AEP for $1.0 (Revenue of $32,000)

So we need to send $1,012,000 to AEP and $1,099,160 to Avista (total of $2,111,160).","stephen.thome@enron.com, mo.elafandi@enron.com",sean.crandall@enron.com,0.5,medium,urgent/critical language (+0.24),ham,0.1223,Work,0.0,0.5,medium,True
beck-s/inbox/240.,Revised:  Vendor List (Preliminary),"FOREWAY TECHNOLOGIES should be added to the critical vendor list.  Nagesh Kavi is with Foreway Technologies, not ROMAC INTL DBA KFORCE.COM as indicated below.  
 
Thank you.
 
Carol Lapsley 
on behalf of Anthony Dayao
 
-----Original Message-----
From: Dayao, Anthony 
Sent: Wednesday, December 05, 2001 10:30 AM
To: Beck, Sally
Cc: Stubblefield, Wade
Subject: FW: Vendor List (Preliminary)
 
Sally,
 
Here's the list of companies that we need to pay post-bankruptcy so we can continue with our operations at EES.
Wade has asked for the same list.
 
--anthony
 
* SYNOVA - I have 2 contractors from this company (Todd Peek and Steve Cao) that
are critical to running RGS - Retail Gas system

* ROMAC ",sally.beck@enron.com,anthony.dayao@enron.com,0.7,high,urgent/critical language (+0.24); direct 1:1 email (+0.05); negative sentiment (+0.08),ham,0.1134,Work,-0.431,0.4,medium,False
baughman-d/personal/letters/22.,guests,"Hey bro,
Please look at the list and let me know about anyone I missed, I have Reid and Mark working on it as well. Mainly include people from highschool, work and college i may have missed, as I am typeing I just though of about 10 more. Let me know the date by tomorrow b/c I want to start planning asap for both so in case I get a job I will have most of it done. By the way I decided to take unemployment, cool huh? I will keep you updated on everything, please take some time and put peoples numbers next to their names, you need to beam me you shit and this would be fine then you don't have to type it down. 
Hey have you talked with the lady at Enron yet?
see you later,
T

Get your FREE down",don.baughman@enron.com,travieso74@hotmail.com,0.5,medium,urgent/critical language (+0.12); direct 1:1 email (+0.05),ham,0.1074,Personal,0.556,0.4,medium,True
bass-e/sent/873.,(no subject),"---------------------- Forwarded by Eric Bass/HOU/ECT on 02/25/2000 10:53 AM 
---------------------------


Daphneco64@aol.com on 02/25/2000 09:55:54 AM
To: Eric Bass/HOU/ECT@ECT
cc:  
Subject: (no subject)



Bright, articulate, attractive, charming, reserved but, most of all, she
admires and respects someone I love.  What a gal!  I'm glad you work for a
""for profit"" company!  Enjoyed the evening.  LU-M",shanna.husser@enron.com,eric.bass@enron.com,0.3,low,direct 1:1 email (+0.05),ham,0.0861,Personal,0.985,0.1,low,True
dasovich-j/all_documents/12602.,"Gary Ackerman Letter re ""Edison's Agony"" -- LA Times","Gary's letter responding to a series on ""poor Edison"" in the LA Times.  I 
reviewed it in advance -- looked good to me.

Sue Mara
Enron Corp.
Tel: (415) 782-7802
Fax:(415) 782-7854
----- Forwarded by Susan J Mara/NA/Enron on 05/16/2001 08:27 AM -----

	Gary Ackerman <foothillservices@mindspring.com>
	05/15/2001 11:36 PM
	Please respond to foothillservices
		 
		 To: letters@latimes.com
		 cc: 
		 Subject: Letter in re ""Edison's Agony""



To the Editor; 

The series of articles published last week by Ms. Cleeland called ""Edison's 
Agony"" continues your unbroken string
of balanced and informative reporting on the California energy crisis.  My 
group of merchant generators and power
marketers i","karen.denne@enron.com, mark.palmer@enron.com, jeff.dasovich@enron.com,  james.steffes@enron.com, richard.shapiro@enron.com",susan.mara@enron.com,0.6,high,urgent/critical language (+0.12); action-required language (+0.07); strongly negative/distressed sentiment (+0.15),ham,0.1129,Work,-0.791,0.2,low,False
bass-e/discussion_threads/978.,Great News from Ameritrade!,"Dear Eric Bass,

Great news! You now have even more reasons to open
another Ameritradec account.

HURRY - LIMITED TIME OFFER 25 FREE TRADES AND 2
ROUND-TRIP TICKETS.
Open an additional account by January 2, 2001, and
you'll get 25 commission-free Internet equity trades
in your first month and receive two round-trip
tickets to Hawaii, Mexico, or London when you
purchase a 7-night stay at a participating hotel.
You'll also get a phone card with 60 minutes of free
long distance.  Learn more today.http://redir.cq0.net/r/default.aspTIME IS=
=20
RUNNING OUT - BEAT THE END OF YEAR TAX RUSH!
You=01,re managing your other investments, why not your
IRA? It=01,s the perfect time to open your new IRA wi",ebass@enron.com,ameritrade_011407@ameritrade.customer-email.com,0.6,high,urgent/critical language (+0.24); 1 exclamation(s) in subject (+0.05); direct 1:1 email (+0.05),ham,0.3202,Other,0.981,0.1,low,False
bailey-s/deleted_items/257.,eHRonline Updates,"Some of you may have entered updates to your personal information in eHRonline from Friday, March 1 through Monday, March 4.  However, we experienced some problems with the HR system during this time, and it is likely that certain updates were lost.  If you made an update during this period, please return to eHRonline and review your information particularly for the following four categories:
Banking information for direct deposit
Tax W-4 information
Home address
Emergency contact

Note that the first three categories above are related to payroll.  We are processing payroll for March 15.  If updates are needed for your March 15 paycheck, please eMail your update and P # to ""HR Service Connec",domestic.dl-ga-enron@enron.com,announcements.enron@enron.com,0.6,high,urgent/critical language (+0.24); direct 1:1 email (+0.05),ham,0.1746,Other,0.459,0.5,medium,False
campbell-l/all_documents/1849.,BAWG Issue for May 24 BIC Meeting,"To: NYISO BIC,

Last month I produced a BAWG Status Report presentation for the April 24,
2001 BIC meeting but unfortunately was not able to give that presentation
""in-person"" because of a scheduling conflict with a sub-working group
meeting to discuss metering for the EDRP.  This status report is available
on the NYISO Web Site under April 24 BIC Meeting Materials and it is my
understanding that Garry Brown directed market participants to read that
presentation and contact Wes Yeomans or attend a BAWG meeting with
questions.

The last slide in that presentation did require action from the BIC
pertaining to direction on what to use for generation payments when the
NYISO orders a generator on",nyiso_tech_exchange@global2000.net,owner-nyiso_tech_exchange@lists.thebiz.net,0.4,medium,direct 1:1 email (+0.05); negative sentiment (+0.08),ham,0.0941,Work,-0.477,0.4,medium,True
cuilla-m/deleted_items/293.,[Footballguys] Update - Todd Bouman to Start,"Clipped from the article from Kevin Seifert, Star Tribune

entire article:  http://www.startribune.com/stories/510/915564.html

Vikings quarterback Todd Bouman, declaring that the injured thumb on 
his throwing hand is much better, said today he's ready to go Sunday 
against the Jacksonville Jaguars.

""I took all of the snaps today,'' said Bouman, who has moved up to 
startiang quarterback after Daunte Culpepper injured his knee. ""The 
thumb is a little sore, but I'll be ready to go on Sunday.""

Bouman continued: ""I've come a long way the last couple of days. With 
all of the treatment I have gotten, I can squeeze the ball and I can 
throw pretty much anything I want to throw, so I don't for",cheatsheets@yahoogroups.com,bryant@cheatsheets.net,0.5,medium,direct 1:1 email (+0.05); strongly negative/distressed sentiment (+0.15),ham,0.1166,Personal,-0.92,0.1,low,False
bass-e/notes_inbox/1.,[cheatsheets] #158 Week 16 Weather Notes,"Hi Folks,

Again this week our own Cheatsheets.net Meteorologist, Mike McVay from
WOWK - TV offers his expert insights on the weather conditions that may
affect your players this week.  It's early but here are some potential
situations to keep an eye on.

WASHINGTON @ PITTSBURGH:  Saturday will bring a chance of snow to
Pittsburgh.  Both teams will likely run the ball any way, but the weather
could reinforce the ground game in this one.

NEW ENGLAND @ BUFFALO:  A chance for snow showers in Buffalo this weekend.
No surprise here.  Both teams adapt to these conditions so I don't expect
any changes in offensive schemes, but Vinatieri and Christie might not be
great options in this one.

DETROIT",cheatsheets@egroups.com,bryant@cheatsheets.net,0.3,low,direct 1:1 email (+0.05),ham,0.097,Other,0.226,0.1,low,True
blair-l/meetings/840.,Larry needs to meet w/you Personal,"CALENDAR ENTRY:	APPOINTMENT

Description:
	Larry needs to meet w/you Personal

Date:		2/9/2001
Time:		9:00 AM - 9:30 AM (Central Standard Time)

Chairperson:	Outlook Migration Team

Detailed Description:",,outlook.team@enron.com,0.3,low,,ham,0.0893,Work,0.0,0.2,low,True
beck-s/discussion_threads/6.,CommodityLogic Exposure Tracker meeting,"Sally - 

I'd like to set up a meeting with you regarding CommodityLogic's credit 
exposure tracker.

We are displaying what we call the ""exposure tracker"" on our site, which will 
provide two benefits:  revenue enhancement by providing incentive to visit 
the site every day, and control mechanism to automatically turn off early- 
and pre-pay options if a counterparty exposure reaches unfavorable levels.  

Credit has expressed concern that our numbers will not be completely 
accurate.  We need your help in evaluating:

1) the accuracy of the numbers displayed
2) how to improve such accuracy if it is not sufficient, whether in credit or 
in the back office

I would like to meet with you, Les",sally.beck@enron.com,douglas.fuehne@enron.com,0.7,high,urgent/critical language (+0.24); action-required language (+0.07); direct 1:1 email (+0.05),ham,0.1211,Work,0.981,0.4,medium,False
beck-s/sent/377.,PRC Binders,"Just a reminder for Monday to get this for me.  Too bad they didn't deliver 
these!  Thanks.  --Sally 
---------------------- Forwarded by Sally Beck/HOU/ECT on 07/07/2000 07:24 PM 
---------------------------


Gwendolyn Williams@ENRON
07/07/2000 05:03 PM
To: 
cc:  (bcc: Sally Beck/HOU/ECT)
Subject: PRC Binders


	

Hello, my name is Gwendolyn Gray.  I am in the Associate/Analysts Human 
Resources Department.  Your PRC Binders are ready to be picked up and are 
located in EB 1197.  I will be in my location until 5:30 today and all day on 
Monday, July 10.  Thanks in advance.",patti.thompson@enron.com,sally.beck@enron.com,0.4,medium,action-required language (+0.07); direct 1:1 email (+0.05),ham,0.0618,Work,-0.202,0.3,low,False
corman-s/deleted_items/463.,Energy Derivatives/Electric Power Seminars - Houston,"<http://rs6.net/on.jsp?t=1010962859393.1010945480759&o=http://ccprod.roving.com/roving/images/p1x1.gif>
  <http://ccprod.roving.com/roving/images/letters/gray-corner-tl.gif>	 	  	 
 	  Energy Derivatives/Electric Power Seminars	  	 
 	 Houston (April) 	  	 
  <http://ccprod.roving.com/roving/images/letters/spacer.gif>	
 	 Successful people take the time needed to increase their value to the organization. 

For information on PGS Energy Training's upcoming seminars in downtown Houston (in April) please call 412-279-9298 or visit <http://www.pgsenergy.com/schedule.html>

Available seminars include: 

1) Fundamentals of Energy Futures, Options & Derivatives 
2) Fundamentals of the Electric Powe",scorman@enron.com,info@pmaconference.com,0.3,low,direct 1:1 email (+0.05),ham,0.1385,Other,0.99,0.2,low,True
arnold-j/deleted_items/41.,Welcome to the new ussoccerfan.com!,"U.S. Soccer Fans,
We've added lots of new features to ussoccerfan.com as part of our
recent redesign of the U.S. Soccer online community. In order to take
advantage of these new offerings, please visit
http://www.ussoccerfan.com/ and update your user preferences using the
registration form.

Here is an overview of some of the exciting new features:
* Wallpaper - Decorate your desktop with images from U.S. Soccer events.
Show off the pride you have in your National Teams.
* E-Postcards - ussoccerfan.com members can send e-postcards of the U.S.
National Teams to their friends and family.
* Special Promotions / Ticket Offers - As a member, you'll have
exclusive opportunities to buy tickets for ",allolduserstext@newsletter.ussoccer.com,webmaster@newsletter.ussoccer.com,0.4,medium,1 exclamation(s) in subject (+0.05); direct 1:1 email (+0.05),ham,0.268,Other,0.989,0.1,low,False
arnold-j/all_documents/554.,Re:,nope...your loss though,jennifer.burns@enron.com,john.arnold@enron.com,0.4,medium,reply/forward chain (-0.05); direct 1:1 email (+0.05); negative sentiment (+0.08),ham,0.183,Personal,-0.318,0.1,low,False
campbell-l/all_documents/1826.,eThink About It: 5/21/01,"Got a question about the Building Guy?  Ask Beth Stier!  Join Beth, owner of 
Innovision Communications and the brains behind the Building Guy, on eSpeak 
this Wednesday, May 23 at 10 a.m. Houston time.  Beth's company manages most 
of the video production for Enron; find out how!
Can't make the live event?  No worries.  Go to eSpeak (
http://ethink.enron.com/eSpeak/exec/default.asp) now and submit your 
question.  Beth will answer it during her event and you can read the 
transcript later.


What's new in the Thinkbank (
http://nahou-lnapp01.corp.enron.com/eThink/Thinkbank.nsf/HomePage?OpenPage) 
this week?  Check out the Idea Vault and the latest ideas:  lift peakers, 
password thumbprints",all.worldwide@enron.com,enron.announcements@enron.com,0.5,medium,urgent/critical language (+0.12); direct 1:1 email (+0.05),ham,0.1293,Other,0.821,0.2,low,False
blair-l/inbox/222.,New Years Day,"NNG had EDI problems this morning,  Evidently TMS ran out of disc space cau=
sing all of the files to get hung up in the HUB for the Final cycle and the=
 ID1 cycle. The help desk was paged at 7:35 a.m. to report the problem , To=
by responded, but was having trouble reaching the on call TMS. We did not g=
et a response until 8:55 a.m. from TMS , the EDI files were in the HUB for =
over two hours. Mary Draemer was very helpful and made follow up calls so w=
e could relay an estimated time frame to our customers when this problem wo=
uld be resolved. Monday 12/31/2001 we also experienced printer problems , w=
e were told that a print server was down, the Solution Center was redirecti=
ng prin","john.buchanan@enron.com, terry.kowalke@enron.com, lynn.blair@enron.com,  kathy.washington@enron.com, debra.scurlock@enron.com",chris.greaney@enron.com,0.6,high,urgent/critical language (+0.12); action-required language (+0.07); strongly negative/distressed sentiment (+0.15),ham,0.1518,Work,-0.755,0.4,medium,False
baughman-d/enron_power/vermont_yankee_nuke/9.,Vermont Yankee Pager Info Request.,"Don,

Below is the information that I need from Arch Wireless to have Enron up and
running on the pager system for Vermont Yankee.

Contact Properties:
Contact Name - I'm assuming that's going to be you.  If you are not going to
be holding the pager at all times then we may want to have a generic contact
name.
Pager ID/Pin:	8774946661 (Please verify if I need to use all 10 digits -
do I need hyphens?)
Carrier Name:
Phone Number:	This needs to be a 800 or 888 number.
Max Characters: ?
Service Type:	Alpha or Numeric
Baud Rate:	?
Settings:	?
We use AirSource Pro Software and the modem settings are as follows:

Gateway Telepath Modem
Commands:	AT&F&K0&N0E0X4

The modem commands are not carrier s",don.baughman@enron.com,bobbi.kilburn@vynpc.com,0.3,low,direct 1:1 email (+0.05),ham,0.1656,Work,0.968,0.4,medium,False
dasovich-j/all_documents/1118.,Re: Solution for SDG&E,"I think that we could put together a pretty close estimation.  When you say 
tenor, do you also want to try to estimate the balancing account as well or 
use the SDG&E estimates?  Also, what is your time frame?

TTT



	James D Steffes@EES
	09/06/2000 08:01 AM
		 
		 To: thane twiggs, jeff dasovich, harry kingerski
		 cc: 
		 Subject: Solution for SDG&E

Thane --

We now have enough information for the wholesale deal into SDG&E.  What I 
want is to mimic the legislation for R, Small C, and Street Lighting.  Can 
you put together the tenor and rates so we can match?

Jim


---------------------- Forwarded by James D Steffes/HOU/EES on 09/06/2000 
07:58 AM ---------------------------
From: Chr",james.steffes@enron.com,thane.twiggs@enron.com,0.3,low,reply/forward chain (-0.05); direct 1:1 email (+0.05),ham,0.0769,Work,0.829,0.3,low,True
arora-h/discussion_threads/19.,US fixed income,"Pushkar

I quickly plotted the short and the long curves and the following come out in 
your face.

1. Is this policy easing going to be a one shot ( a la 98 ) followed by a 
quick pick up in economic activity, or is this going to be a more deeper 
situation. That is the big one.  The curves vote for a small road-bump which 
will be rectified by a couple of eases over the next 6 months. Something the 
Fed can handle easily and quickly. This is most likely NOT going to happen - 
this is not a 98 and things are going to play out differently.  There are a 
number of other possibilities.

2. The current slow-down is two pronged - capital spending slowdown from 
businesses ( especially on IT with",pushkar.shahi@enron.com,harry.arora@enron.com,0.5,medium,urgent/critical language (+0.12); direct 1:1 email (+0.05),ham,0.1879,Other,0.345,0.3,low,False
beck-s/sent/150.,Mtg w/ Sally Beck,"Trena,

Per our earlier conversation, I have scheduled a meeting with you and Sally 
for 3:30 - 4:00 PM today (Wednesday, October 18) in her office at EB 3389.

Thanks,
Patti Thompson x39106
(Sally's Assistant)",trena.mcfarland@enron.com,patti.thompson@enron.com,0.3,low,direct 1:1 email (+0.05),ham,0.0527,Work,0.44,0.4,medium,False
badeer-r/discussion_threads/105.,Block Forward Financial Deals,"Sir,
 For the month of August, 2000, we will take 50% of our open Block Forward 
position financial instead of physical. We would like to make this change 
because we think the elimination of physical risk will benefit us 
commercially. Thus for bona fide commercial reasons, we will go financial 
with 50% of our open Block Forward position.

Bob Badeer

Manager
West Power Trading
Enron North America","rmills@calpx.com, mathompson@calpx.com, dabrabb@calpx.com",robert.badeer@enron.com,0.4,medium,strongly negative/distressed sentiment (+0.15),ham,0.1156,Work,-0.649,0.4,medium,True
cash-m/personal/18.,Outstanding Young Alumni Travel Value to Amsterdam from $895,"Dear Tulane Traveler,

http://www.ahitravel.com/tulane/results/yaa/

Here's the deal:  you fly to Amsterdam, in the Netherlands, then
are transported from the airport to a first-class hotel for
6 days/5 nights, for the bargain basement price of $895.*
You want more?  The evening of your arrival, there will be a
cocktail party at your hotel so you can meet the other young
Tulane travelers on the trip.  Upon your awakening, enjoy the use
of a knowledgeable local at the travel desk who can guide you to
either the insider's Amsterdam or the tourist bit.

In order to provide you with maximum flexibility, four different
departure dates will be offered for this trip: January 26 to
February 1, Febru",alumni@tulane.edu,alumni@tulane.edu,0.3,low,direct 1:1 email (+0.05),ham,0.3132,Other,0.982,0.1,low,True
campbell-l/north_crawar_remediation/4.,Re: TW N. Crawar Remediation,"it's possible that we could get pulled into the chevron matter but with our 
limited usage - i doubt it.  i would not look any further.  

Duke probably is required to facilitate the TW remediation but likely is not 
required to maintain the lease...roger - is it possible to contact Duke and 
find out what their plans are and if they intend to abandon - possibly get 
them to assign or sublease a portion of the site to us??? 


   
	
	
	From:  George Robinson                           11/01/2000 07:11 PM
	

To: Louis Soldano/ET&S/Enron
cc: Roger Westbrook/OTS/Enron@ENRON, Larry Campbell/ET&S/Enron@ENRON, Cutty 
Cunningham/OTS/Enron@Enron 

Subject: TW N. Crawar Remediation

Lou,

In advance o",george.robinson@enron.com,louis.soldano@enron.com,0.4,medium,reply/forward chain (-0.05); direct 1:1 email (+0.05); strongly negative/distressed sentiment (+0.15),ham,0.1304,Work,-0.902,0.3,low,False
campbell-l/discussion_threads/258.,Emission Reduction Credits (ERC's),"Ed,
As you are aware, we are currently looking for some ERC's to satisfy an
Authority To Construct (ATC) for a methanol storage tank at NCL. We are
looking for approximately 175 Lbs/Yr VOC credits to satisfy this ATC. While
I was looking for credits on the APCD web sight @ valleyair.org, I came
across a list of available VOC Credits that are being held by Aera Energy
for the NCL gas plant (please see credits below), I asked Mark Poe about
these credits and he has referred me to a Darryl Gunderson of Aera Energy.
Mark informed me that he is the one that handles all of the ERC's and would
be able to help me on this. I will contact Darryl on this issue ASAP and as
we talked earlier, I am going ",edward_attanasio@eott.com,scott_jones@eott.com,0.6,high,urgent/critical language (+0.24); direct 1:1 email (+0.05),ham,0.1602,Work,0.993,0.3,low,False
campbell-l/sent/153.,field visit of EOTT tanks,"In the final phase of developing and determining environmental compliance for 
the EOTT crude oil tanks in the Midland Region, I have planned a one day site 
visit on the following days to visit each team location to finalize the 
spreadsheet for EOTT crude oil tank environmental compliance:

Hobbs team  August 6 8:00 am

Lovington team  August 7 8:00 am

Jal team  August 8 8:00 am

Eunice team  August 9 8:00 am

I would appreciate one member from each team be available at the team office 
on the assigned day and time to discuss tank history and possibly visit each 
tank farm within the teams area of responsibility.  Your patience and 
assistance in finalizing this information will be greatl","noseff@enron.com, wade.jordon@enron.com, kay.woods@enron.com,  espinosa@eott.com",larry.campbell@enron.com,0.4,medium,negative sentiment (+0.08),ham,0.1407,Work,-0.528,0.4,medium,True
dasovich-j/all_documents/13294.,Re: California Lawmakers Eye Billing Businesses for Edison Rescue,"I think you're dead on.



	Karen Denne
	05/31/2001 08:01 PM
		
		 To: Jeff Dasovich/NA/Enron@Enron
		 cc: 
		 Subject: Re: California Lawmakers Eye Billing Businesses for Edison Rescue 
By Jason Leopold

I didn't talk to Jason on this one.  I'll check w/ Mark, but I doubt he would 
know what we gave to Hertzberg and the chamber.  It's odd that Jason said 
Enron ""executive"" since if he talks to me or Mark, he uses ""spokesman"" or 
uses our names... I think Davis's new hit men are really trying to paint us 
as the evil empire...",karen.denne@enron.com,jeff.dasovich@enron.com,0.4,medium,reply/forward chain (-0.05); direct 1:1 email (+0.05); strongly negative/distressed sentiment (+0.15),ham,0.0811,Work,-0.913,0.3,low,False
cuilla-m/discussion_threads/82.,Picture from Microsoft Picture It!,"Zooey,? This is one of  the better pictures taken by Sharon with my digital 
camera.? Hope you all  enjoy.? Will be mailing you hard copies of pictures 
and copy of VHS  video.? Love Dad. 
?
?
To view the picture, double-click the icon. If asked what  program to open it 
with, select your Internet browser. 

To learn more  about this program, please visit our Web site at 
http://pictureit.msn.com.

This  'Medium' picture is best for screen viewing. If you want to print a  
higher-quality print, please ask the sender to send pictures using the 
'Large'  setting.

If your picture looks blotchy, the color setting for your  monitor may be too 
low. Your monitor and display adapters determine the",zwharton@dawray.com,wndjmr@flash.net,0.4,medium,1 exclamation(s) in subject (+0.05); direct 1:1 email (+0.05),ham,0.2649,Personal,0.984,0.1,low,False
arnold-j/all_documents/443.,,"Had Carlos Franco just shot a 49 yesterday instead of a 70, you would have 
won.",john.lavorato@enron.com,john.arnold@enron.com,0.3,low,direct 1:1 email (+0.05),ham,0.1248,Personal,0.572,0.1,low,True
bass-e/notes_inbox/193.,Weekend Outage Report for 12-01-00 through 12-04-00,"------------------------------------------------------------------------------
------------------------
W E E K E N D   S Y S T E M S   A V A I L A B I L I T Y

F O R

December 01, 2000 5:00pm through December 04, 2000 12:00am
------------------------------------------------------------------------------
------------------------

SCHEDULED SYSTEM OUTAGES: 

ARDMORE DATA CENTER - FACILITY OPERATIONS: No Scheduled Outages.

AZURIX: No Scheduled Outages.

EB34 DATA CENTER - FACILITY OPERATIONS: No Scheduled Outages.

EDI SERVER: No Scheduled Outages.

ENRON NORTH AMERICAN LANS:  
Impact:  EES
Time:  Sat 12/2/2000 at  9:00:00 PM CT thru Sat 12/2/2000 at  9:30:00 PM CT
 Sat 12/2/2000 at  7:00:00 ",houston.report@enron.com,enron.announcements@enron.com,0.7,high,urgent/critical language (+0.24); direct 1:1 email (+0.05); strongly negative/distressed sentiment (+0.15),ham,0.1057,Work,-0.604,0.2,low,False
dasovich-j/all_documents/13201.,"CPUC v. El Paso, Day 11","All:

Attached is our memo describing Day 11.

Kimberly A. Curry
Bracewell & Patterson, L.L.P
2000 K Street, N.W.
Suite 500
(202) 828-7623 (phone)
(202) 857-2107 (fax)
kcurry@bracepatt.com

 - #143242 v1 - DAY 11 MEMO.doc","jeff.dasovich@enron.com, jsteffe@enron.com, jthome@enron.com,  llawner@enron.com, lyoho@enron.com, rebecca.w.cantrell@enron.com, skean@enron.com",kcurry@bracepatt.com,0.2,low,broadcast to 7 recipients (-0.12),ham,0.149,Work,0.0,0.3,low,True
cash-m/sent_items/510.,Dynegy Notice,"David,

Just a question as to whether Dynegy has been notified that we are amending the contracts of these guys to delete minimum or target bonus and replacing with performance bonus memo?  We may want to send a brief email confirming the discussions and their consent so that we have it for our files.

Thanks.

Michelle",david.oxley@enron.com,michelle.cash@enron.com,0.3,low,direct 1:1 email (+0.05),ham,0.129,Work,0.902,0.4,medium,False
bass-e/discussion_threads/792.,RE:,"Yep, I hit the site every day to check out the weather and snow reports.  I 
am excited because I haven't experienced real winter like conditions for 3 
years. 
Have you been skiing before?

-Eric





""Donnita Franklin"" <DFranklin@HanoverMeasurement.com> on 11/16/2000 10:28:36 
AM
Please respond to <DFranklin@HanoverMeasurement.com>
To: <Eric.Bass@enron.com>
cc:  
Subject: RE:


You're not excited about going, are you?  Are you hitting that site daily
now?

-----Original Message-----
From: Eric.Bass@enron.com [mailto:Eric.Bass@enron.com]
Sent: Wednesday, November 15, 2000 4:45 PM
To: shusser@enron.com; dfranklin@hanovermeasurement.com;
Jason.Bass2@COMPAQ.com; daphneco64@bigplanet.com;
lwbth",dfranklin@hanovermeasurement.com,eric.bass@enron.com,0.4,medium,action-required language (+0.07); reply/forward chain (-0.05); direct 1:1 email (+0.05),ham,0.1084,Personal,0.863,0.1,low,False
dasovich-j/all_documents/11009.,Re: Western Wholesale Activities - Gas & Power Conf. Call,"Here's a rough outline of EPMI comments to MSP.  I am sending now to aid our 
discussion on today's call.

Sue Mara and I recommend retaining an expert to assist on our comments.  I 
suggest that he/she address items 3., 4., and 6. on the list.

GAC






Ray Alvarez@ENRON
04/12/2001 06:25 AM
To: Marcia A Linton/NA/Enron@Enron
cc: Steve Walton/HOU/ECT@ECT, Susan J Mara/NA/Enron@ENRON, Alan 
Comnes/PDX/ECT@ECT, Leslie Lawner/NA/Enron@Enron, Rebecca W 
Cantrell/HOU/ECT@ECT, Donna Fulton/Corp/Enron@ENRON, Jeff 
Dasovich/NA/Enron@Enron, Christi L Nicolay/HOU/ECT@ECT, James D 
Steffes/NA/Enron@Enron 

Subject: Re: Western Wholesale Activities - Gas & Power Conf. Call  

Suggested agenda items for",ray.alvarez@enron.com,alan.comnes@enron.com,0.4,medium,action-required language (+0.07); reply/forward chain (-0.05); direct 1:1 email (+0.05),ham,0.104,Work,0.887,0.4,medium,True
badeer-r/all_documents/61.,CANCEL Warning Notice,"SYSTEM WARNING CANCELLATION [200000204]

Effective 08/24/2000 at 19:00 the California Independent System Operator
has terminated the ""Warning"" of the Electrical Emergency Plan.

The ""Warning""  has been in effect since Thu Aug 24 11:00:00 2000 PDT.



This message is from Market Operations  at the California ISO.

This notice cancels notice 200000203

Notice issued at: 08/24/2000 18:51",,awe@caiso.com,0.6,high,urgent/critical language (+0.12); strongly negative/distressed sentiment (+0.15),ham,0.1532,Work,-0.909,0.3,low,False
dasovich-j/all_documents/1410.,California and National Deregulation Articles,"The North American Electric Reliability Council (NERC)  asks House Speaker to 
act on electric reliability. NERC has written a letter to Speaker of the 
House Dennis Hastert urging his support for passage of legislation this 
congressional session to promote reliability of the electric power grid. 


Anger over pricey power in San Diego key to House race.  The soaring bills 
for electricity that have been showing up in the mail boxes of southern 
Californians are expected to influence the November ballot boxes in a tight 
race that pits Republican Representative Brian Bilbray against a Democratic 
challenger. 


N.H. Electric Deregulation Clears Last Major Hurdle. The three-year battle 
over","filuntz@aol.com, liz@luntz.com, nicholas.o'day@enron.com,  mike.dahlke@enron.com",gavin.dillingham@enron.com,0.5,medium,urgent/critical language (+0.24),ham,0.1302,Other,-0.01,0.2,low,False
cuilla-m/all_documents/30.,California on the Brink -- CERA Alert,"CERA Alert: Dcember 13, 2000 

Title: California on the Brink 
CERA Knowledge Areas: Western Energy, N. American Power, N. American Gas 

CALIFORNIA ON THE BRINK 
The California Stalemate 
California moved closer to the brink of an outage today as concerns over 
credit-worthiness of buyers brought the possibility that generators would 
avoid selling to the California market. While numerous factors have 
contributed to the high cost of power incurred by California's utilities, the 
root cause of the current crisis is a lack of new generation. The current 
credit crisis and its threat to supplies could spark state action to address 
the situation. The collective efforts of all market participa",,webmaster@cera.com,0.7,high,urgent/critical language (+0.24); strongly negative/distressed sentiment (+0.15),ham,0.1487,Other,-0.802,0.4,medium,False
blair-l/meetings/261.,Mobil Audit Mtg. to meet in Lynn's office attendees:  Harry Woodson,"CALENDAR ENTRY:	APPOINTMENT

Description:
	Mobil Audit Mtg. to meet in Lynn's office attendees:  Harry Woodson & Larry Berger

Date:		10/31/2000
Time:		1:30 PM - 2:30 PM (Central Standard Time)

Chairperson:	Outlook Migration Team

Detailed Description:",,outlook.team@enron.com,0.3,low,,ham,0.0726,Work,0.0,0.2,low,True
arnold-j/all_documents/808.,Re: today,"maybe a drink after work...




Caroline Abramo@ENRON
03/23/2001 07:29 AM
To: John Arnold/HOU/ECT@ECT
cc:  
Subject: today

can i grab you for a few minutes after the close to update you on fund stuff. 
also, if you do not have plans tonight.. jen fraser and i were thinking of 
having a little bbq (i am staying with her).. your presence is requested!!  
if not, we are up for a few drinks after work,...",caroline.abramo@enron.com,john.arnold@enron.com,0.3,low,reply/forward chain (-0.05); direct 1:1 email (+0.05),ham,0.1174,Personal,0.0,0.3,low,True
arnold-j/_sent_mail/808.,Re: O COME ALL YE FABULOUS!,"just called   they're on vacation for two weeks.......that sucks




""Jennifer White"" <jenwhite7@zdnetonebox.com> on 12/15/2000 12:46:59 PM
To: John.Arnold@enron.com
cc:  
Subject: Re: O COME ALL YE FABULOUS!


OK, you don't have to twist my arm.

5 more hours... I can't wait!
Jen

---- John.Arnold@enron.com wrote:
>
> hey:
> any interest in seeing cirque du soleil saturday?
>
>

___________________________________________________________________
To get your own FREE ZDNet Onebox - FREE voicemail, email, and fax,
all in one place - sign up today at http://www.zdnetonebox.com",jenwhite7@zdnetonebox.com,john.arnold@enron.com,0.3,low,1 exclamation(s) in subject (+0.05); reply/forward chain (-0.05); direct 1:1 email (+0.05),ham,0.1473,Personal,0.962,0.2,low,True
corman-s/inbox/archives/437.,"Kase Hedging Class, Early Bird 'til 3/11, Houston","<http://www.kaseco.com/images/kasecologo03.gif>	
Derivatives For
Energy Professionals 


Two Full Days, April 9 - 10, 2002
Early Bird Special Deadline is March 11th
Houston, TX

  
  <http://www.kaseco.com/images/flying_bird.gif>
Energy Consumers and Producers? 

Are you a consumer that hesitated to buy forward in 2000 or bought too soon last year?  Are you a producer who hedged too early in 2000 and did not hedge enough in early 2001?  Did you take undue credit risk because you did not know how to estimate exposure?  Are you comforting yourself with the fact that you did not hedge to make money?  Let's face it - you did not hedge to lose money either.  Kase's Derivatives for Energy Professi",scorman@enron.com,deanrogers@energyclasses.com,0.6,high,urgent/critical language (+0.24); direct 1:1 email (+0.05),ham,0.2114,Other,0.892,0.2,low,False
bass-e/sent/1156.,Class in Bluegrass,"damn . . .
are you going to take that
---------------------- Forwarded by Eric Bass/HOU/ECT on 02/12/2001 10:41 AM 
---------------------------
To: Brian Hoskins/Enron Communications@Enron Communications
cc: Eric Bass/HOU/ECT@ECT, Matthew Lenhart/HOU/ECT@ECT, Chad 
Landry/HOU/ECT@ECT, Luis Mena/NA/Enron@Enron, Bryan Hull/HOU/ECT@ECT 
Subject: Class in Bluegrass

Excerpt from an article on espn.com

Given Kentucky's decades-long legacy of cheating in both basketball and 
football,
                  ousting Mumme was a mandatory move. The school's image is 
too fragile to
                  countenance keeping a coach with major violations on his 
watch.

Enough said.",brian.hoskins@enron.com,eric.bass@enron.com,0.5,medium,direct 1:1 email (+0.05); strongly negative/distressed sentiment (+0.15),ham,0.0788,Personal,-0.866,0.1,low,False
cash-m/all_documents/450.,Re:,"Bill, I had asked Twanda to get a conference call with you and Dana Davis on 
Williams.  I hope that happened . . .   I would like to have a petition ready 
early next week.  It will be lawsuit only, not injunctive relief.

I believe Ajello will be finalized this week.  I sent our signed version to 
Reliant last week, and I hope to have it signed by Ajello soon.  Once that 
happens, we can dismiss.

Thanks.  Michelle





""Bill W. Ogden"" <bogden@ogwb.com> on 10/05/2000 03:42:23 PM
Please respond to <bogden@ogwb.com>
To: ""Michelle Cash"" <michelle.cash@enron.com>
cc:  
Subject: 


 Hi Michelle...

 Just a reminder: I've heard nothing further on either the Ajello settlement
or the new matter in",bogden@ogwb.com,michelle.cash@enron.com,0.6,high,urgent/critical language (+0.12); action-required language (+0.14); reply/forward chain (-0.05); direct 1:1 email (+0.05),ham,0.092,Work,0.946,0.4,medium,False
beck-s/discussion_threads/1191.,Invoice Processing,"As you are aware, the SAP Financial Systems will be implemented for the Enron 
Gas Pipeline Group, Enron North America and Enron Energy Services companies 
on July 1, 2000.  To effectively transfer the invoice processing from the 
legacy MSA system to the SAP system, the following dates should be followed:


June 23: Invoice processing on the MSA system will stop except for emergency 
payments, wire transfers and ACHs.

June 26: Invoice processing on the SAP system will begin for the GPG, ENA and 
EES companies.  Accounts Payables will input invoices into the SAP system 
starting on this date, but checks will not be printed until the first payment 
run is processed on July 5.

June 28: Last ","gas.operations@enron.com, ena.employees@enron.com",enron.announcements@enron.com,0.5,medium,urgent/critical language (+0.24),ham,0.1044,Work,0.913,0.5,medium,True
beck-s/white__stacey/2.,Re: Potential Gas System Exposure,"The mapping problem mentioned below is a power desk problem only.  The 
mapping problem is purely between the interface of the gas and power trading 
systems and does not affect the book if it is strictly a gas trader's gas 
book.  There was one instance when a gas trader's transactions were 
incorrectly bridged to a power trader's gas book through EOL.  The root of 
this problem was with the EOL bridge not the interface mapping.

The procedure to set up a gas book for power traders includes communication 
to IT regarding the appropriate interface mapping of the book.  If for some 
reason the mapping does not occur, the position will be mapped to a 'dummy' 
default desk.  We will be alerted ",tim.belden@enron.com,stacey.white@enron.com,0.7,high,urgent/critical language (+0.24); reply/forward chain (-0.05); direct 1:1 email (+0.05); strongly negative/distressed sentiment (+0.15),ham,0.0628,Work,-0.895,0.3,low,False
campbell-l/inbox/814.,NYISO: Market Participant User's Guide - Revised Version Posted,"vross@nyiso.com writes to the NYISO_TECH_EXCHANGE Discussion List:

Dear TIE List Subscribers,

Please note that a revised, BIC-approved Market Participant User's Guide
has been posted to our Web site here:
http://www.nyiso.com/services/documents/manuals/pdf/admin_manuals/mpug_6_2001.pdf

Other committee-approved manuals that have recently been posted to our Web
site include:
-- Communication Interface Manual (new)
-- Customer and Administrative Services Manual (revised)
-- Day Ahead Demand Response Program Manual (new)
-- Documentation and Publication Administration Manual (revised)
-- Emergency Demand Response Program Manual (new)
-- Emergency Operations Manual (revised)
-- Day Ahead Sched",market_relations@nyiso.com,vross@nyiso.com,0.6,high,urgent/critical language (+0.24); direct 1:1 email (+0.05),ham,0.1625,Other,0.202,0.2,low,False
dasovich-j/all_documents/11695.,Re: email,thank you.  nice job on the call today.,janel.guerrero@enron.com,jeff.dasovich@enron.com,0.3,low,reply/forward chain (-0.05); direct 1:1 email (+0.05),ham,0.1585,Personal,0.649,0.1,low,True
campbell-l/all_documents/731.,,"---------------------- Forwarded by Larry F Campbell/NA/Enron on 09/05/2000 
04:45 PM ---------------------------


Larry F Campbell
09/05/2000 04:30 PM
To: Keller Mayeaux/Corp/Enron@Enron
cc:  

Subject: 

http://www.vegasinsider.com/u/football/college/2000returnees.htm",keller.mayeaux@enron.com,larry.campbell@enron.com,0.3,low,direct 1:1 email (+0.05),ham,0.0712,Work,0.0,0.1,low,True
campbell-l/sent_items/19.,RE: NYISO 7/19,"i agree.


 -----Original Message-----
From: 	Jacobson, Michael  
Sent:	Thursday, July 26, 2001 9:59 AM
To:	Campbell, Larry F.; Cashion, Jim
Subject:	NYISO 7/19

Hey Larry,

I made some changes to 7-19...

695979.1 & 695995.1 - had extra hour (HE 23) - I zeroed this hour out (NYISO 5081505)
694766.1 - missing HE 11&12 per PJM & NYISO - I added these two hours in

Please check these changes and let me know if you do not agree with them.

Thanks,
Michael
x35098",michael.jacobson@enron.com,f..campbell@enron.com,0.3,low,reply/forward chain (-0.05); direct 1:1 email (+0.05),ham,0.0898,Work,0.69,0.2,low,True
beck-s/discussion_threads/1219.,"Files, Directories, etc. on S:\","All-

Please inform Esther Gerratt when you are setting up new files and 
directories on the S:\ relating to MG integration.  Currently, we have three 
folders (Mg, MG EOL, MG Pres).  

Thanks- Eric",ect.integration@enron.com,eric.gadd@enron.com,0.3,low,direct 1:1 email (+0.05),ham,0.1129,Work,0.637,0.3,low,True
beck-s/all_documents/2771.,Credit Policy with AEGIS,"What is the latest on this?  
---------------------- Forwarded by Sally Beck/HOU/ECT on 12/27/99 11:20 AM 
---------------------------


Shannon Bedrich@ENRON
12/20/99 09:13 AM
To: Sally Beck/HOU/ECT@ECT
cc:  
Subject: Credit Policy with AEGIS

Sally,
Cris asked me to follow up with you regarding the AEGIS insurance policy and 
Enron's reporting requirements which  we met about a couple of months ago.  
Below is a series of e-mail that talks about Enron's obligations as defined 
in the insurance policy.  Please let me know if I can be of assistance in 
pulling this information together.

Thanks,
Shannon Bedrich
X39172

---------------------- Forwarded by Shannon Bedrich/Corp/Enron on 12/19/9","lisa.cousino@enron.com, stephen.schwarz@enron.com",sally.beck@enron.com,0.4,medium,action-required language (+0.07),ham,0.0837,Work,0.967,0.4,medium,True
campbell-l/inbox/671.,Price Reservations 17 July 2001 Real-Time Market and 18 July 2001,"TKirchman@nyiso.com writes to the NYISO_TECH_EXCHANGE Discussion List:

The NYISO is reserving hours beginning 17:00 - 19:00 in the July 17,2001
Real-Time market as well as the following hours per ECA20010608B to verify
prices:

HQ:  00:00 - 02:00, 04:00, 07:00, 09:00 - 10:00, 12:00 - 16:00, 23:00
NE:  00:00 - 02:00, 04:00, 07:00, 09:00 - 10:00, 12:00, 23:00
OH:  00:00 - 02:00, 04:00, 07:00, 09:00 - 10:00, 12:00, 23:00
PJM: 00:00 - 02:00, 04:00, 07:00, 09:00 - 10:00, 12:00, 23:00

Prices in the July 18, 2001 Day-Ahead Market are correct.

This e-mail information is a copy of the official posting, which can be
found at the following address on our website:
http://mis.nyiso.com/public/htm/Oper","tie_list_server@nyiso.com, price_reservations@nyiso.com",tkirchman@nyiso.com,0.3,low,,ham,0.1524,Work,0.273,0.2,low,True
beck-s/all_documents/496.,FW: Gordon Heaney's Acceptance,"Max - Hi there, sounded like (from Jaime) you guys have had a busy week with 
various government officials.  I hope the result was good.

We all had a really helpful meeting here in Houston with those guys, and I 
just wanted to let you know that we have found a person to focus time on 
Mexico and work with Jaime and Agustin.  He is bi-lingual and very excited 
about the prospect.  We expect him to be proactive and help out quite a bit 
with setting up the new Mexico trading legal entity.   I have no doubt that 
this will fix most of the little issues that we discussed.  

We also assigned someone to come to Monterrey to set up Jaime and Agustin 
with system access where appropriate, and esp",max.yzaguirre@enron.com,beth.apollo@enron.com,0.3,low,reply/forward chain (-0.05); direct 1:1 email (+0.05),ham,0.0824,Work,0.991,0.3,low,True
campbell-l/notes_inbox/327.,"Alert Posted 10:00 AM November 20,2000: E-GAS Request Reminder","Alert Posted 10:00 AM November 20,2000: E-GAS Request Reminder
As discussed in the Winter Operations Meeting on Sept.29,2000, 
E-Gas(Emergency Gas) will not be offered this winter as a service from AGLC.  
Marketers and Poolers can receive gas via Peaking and IBSS nominations(daisy 
chain) from other marketers up to the 6 p.m. Same Day 2 nomination cycle.","dscott4@enron.com, lcampbel@enron.com",gascontrol@aglresources.com,0.6,high,urgent/critical language (+0.12); action-required language (+0.14),ham,0.1028,Work,0.527,0.4,medium,False
brawner-s/deleted_items/72.,Organizational Announcement,"As things begin to calm down somewhat after events of last week, we wanted to update all employees of certain organizational and personnel changes that have occurred recently.

Organizational Matters
The Creditors' Committee was formed last week by the United States Trustee.  This committee is comprised of 15 individuals representing various creditor groups including: banks, bondholders, insurance companies and employees.  The Creditors' Committee will be the key point of contact as we reorganize the company and emerge from Chapter 11.  Initially, they will send financial advisors to our offices to monitor any asset liquidations as well as review our cash flow projections.  Ultimately, they ",dl-ga-all_enron_worldwide4@enron.com,chairman.enron@enron.com,0.6,high,urgent/critical language (+0.24); direct 1:1 email (+0.05),ham,0.1147,Work,0.966,0.6,high,True
cuilla-m/deleted_items/396.,Great travel deals from $19; enjoy the holiday!,"<http://www.expedia.com/default.asp?rfrr=-1412>  
<http://www.expedia.com/daily/home/default.asp?rfrr=-1412>
<http://www.expedia.com/pub/Agent.dll?qscr=fltw&rfrr=-1412>
<http://expedia.cq0.net/r/default.asp?R=000089403000245d0&qscr=htin&rfrr
=-1412>
<http://www.expedia.com/pub/Agent.dll?qscr=spec&flag=f&rfrr=-1412>
<http://www.expedia.com/pub/Agent.dll?qscr=cmsh&rfrr=-1412>
<http://www.expedia.com/daily/cruise/default.asp?rfrr=-1412>
<http://www.expedia.com/daily/deals/default.asp?rfrr=-1412>
<http://www.expedia.com/daily/guides/default.asp?rfrr=-1412>
<http://maps.expedia.com/pub/Agent.dll?qscr=over&rfrr=-1412>
<http://www.expedia.com/pub/Agent.dll?qscr=bust&rfrr=-1412>  
<Http://www.expedi",mcuilla@ect.enron.com,expediatraveldeals_031352@expedia.customer-email.com,0.6,high,urgent/critical language (+0.24); 1 exclamation(s) in subject (+0.05); direct 1:1 email (+0.05),ham,0.1564,Other,0.963,0.1,low,False
buy-r/_sent_mail/15.,2000 Strategic Goals- RAC,"Mark- here is my response to your request. Call with questions.

Goal:
Total Foreign Exchange Exposure quantified and communicated to BOD.

Performance:
Project completed with final tranche of results reported to Finance Committee 
Dec 11. The notional exposure as well as impact on potential impact on 
earnings and CTA accounts have been quantified and reported to the BOD over 
the past year according to a schedule that has strictly adhered to. Also, a 
template and process has been established to be able to easily report changes 
in the future. Enron has never had a comprehensive review of FX exposure 
prior to this activity. As an aside, there has been a fair amount of hedging 
activity re",mark.lindsey@enron.com,rick.buy@enron.com,0.6,high,urgent/critical language (+0.24); direct 1:1 email (+0.05),ham,0.1196,Work,0.924,0.3,low,False
allen-p/_sent_mail/8.,California Update 5/4/01,"---------------------- Forwarded by Phillip K Allen/HOU/ECT on 05/07/2001 0=
6:54 AM ---------------------------
From:=09Kristin Walsh/ENRON@enronXgate on 05/04/2001 04:32 PM CDT
To:=09John J Lavorato/ENRON@enronXgate, Louise Kitchen/HOU/ECT@ECT
cc:=09Phillip K Allen/HOU/ECT@ECT, Tim Belden/ENRON@enronXgate, Jeff Dasovi=
ch/NA/Enron@Enron, Chris Gaskill/ENRON@enronXgate, Mike Grigsby/HOU/ECT@ECT=
, Tim Heizenrader/ENRON@enronXgate, Vince J Kaminski/HOU/ECT@ECT, Steven J =
Kean/NA/Enron@Enron, Rob Milnthorp/CAL/ECT@ECT, Kevin M Presto/HOU/ECT@ECT,=
 Claudio Ribeiro/ENRON@enronXgate, Richard Shapiro/NA/Enron@Enron, James D =
Steffes/NA/Enron@Enron, Mark Tawney/ENRON@enronXgate, Scott Tholan/EN",keith.holst@enron.com,phillip.allen@enron.com,0.7,high,urgent/critical language (+0.24); direct 1:1 email (+0.05); strongly negative/distressed sentiment (+0.15),ham,0.1026,Work,-0.827,0.4,medium,False
beck-s/inbox/753.,RE: Need Headcount Info Check ASAP,"sally,
 
this looks like this is just the IT piece - not sure the source of the info
 
anyway - here are my ops numbers - no changes from as discussed last week - list also shows the folks moved onto other groups earlier this month
 
34 pre and 17 post
 
b
 

 
Thanks.  --Sally 
 
PS:  Barry - where are your operations guys????

 -----Original Message-----
From: Pickering, Mark 
Sent: Tuesday, November 20, 2001 11:28 AM
To: Beck, Sally
Subject: FW: Headcount stats",sally.beck@enron.com,barry.pearce@enron.com,0.4,medium,urgent/critical language (+0.12); reply/forward chain (-0.05); direct 1:1 email (+0.05),ham,0.0697,Work,0.67,0.4,medium,True
dasovich-j/all_documents/140.,Cat Urine Odor Remover. PinkRock removes cat urine and pet odor.,"<<Cat Urine Odor Remover. PinkRock removes cat urine and pet odor. It is the 
best cat urine and pet odor remover available!.htm>>

 - Cat Urine Odor Remover. PinkRock removes cat urine and pet odor. It is the 
best cat urine and pet odor remover available!.htm","jeff.dasovich@enron.com, psellers@pacbell.net",nancy.sellers@robertmondavi.com,0.3,low,,ham,0.1637,Personal,0.875,0.1,low,True
cash-m/sent_items/357.,RE:,"Here are my comments.  Thanks.  Michelle

 -----Original Message-----
From: 	Deleon, Roberto  
Sent:	Tuesday, December 11, 2001 5:42 PM
To:	Cash, Michelle; Sullivan, Kriste
Subject:	

Please advise of any revisions

The Company has established this request process so officers and employees of the Company who have a legitimate business need can access H:drive and email files of [Cash, Michelle]   former employees.  The user's account will be active for 2 business days to allow the requestor sufficient time to  [Cash, Michelle]  copy, review, or examine pertinent files.  

If you encounter files/emails that are clearly personal [Cash, Michelle]  , you should not review them beyond determining ",roberto.deleon@enron.com,michelle.cash@enron.com,0.4,medium,action-required language (+0.07); reply/forward chain (-0.05); direct 1:1 email (+0.05),ham,0.1346,Work,0.813,0.2,low,False
bass-e/deleted_items/332.,CBS SPORTSLINE.COM FANTASY FOOTBALL NEWSLETTER,"<!--
Please use the web site's ""Contact Us"" link, located at the
bottom of every page, for any inquiries.


Welcome to another edition of the 2001 Fantasy Football 
Newsletter! The newsletter will arrive in your e-mail inbox 
at the end of every week, and will include news about the 
web site; tips on using all the features available; and 
answers to your player-related questions from the ""Gridiron 
Guru."" 


THANKSGIVING FOOTBALL

Remember that two NFL games will be played on Thursday: 
Packers vs. Lions at 12:30 PM ET and Broncos vs. Cowboys at 
4:05 PM ET. Fantasy 2001 players, if you have players from 
these four teams on your roster, they must have their final 
status (active or reserve",ebass@enron.com,noreply@ccomad3.uu.commissioner.com,0.4,medium,urgent/critical language (+0.12); bulk/automated/fyi language (-0.16); ALL CAPS subject (+0.08); direct 1:1 email (+0.05),ham,0.1493,Other,0.963,0.1,low,False
campbell-l/all_documents/389.,Weekly Environmental Activity Report-Roswell Area,"Hazardous waste fees were submitted to the state of Arizona.

Emissions fees were submitted to the state of New Mexico For C/S's 7,8,9, 
Atoka No. 3 and Bloomfield.

Submitted to the state of Texas an admisistraitve revision for the ""like for 
like"" replacement of an IC engine at Irion Co. No. 1 C/S.  To meet the 
requirements of 2 gms for NOx, a catalytic converter has been installed on 
the replacement unit.

Submitted to the state of New Mexico notification of a ""like for like"" 
replacement  of an I/C engine at Atoka No. 2 C/S.

A revised Title V application was submitted to Region VI, EPA for C/S No. 6, 
Laguna.

The emissions inventory for the TW Keystone C/S was submitted to the state ","rick.loveless@enron.com, mike.riedel@enron.com, scott.jones@enron.com,  john.steenberg@enron.com",larry.campbell@enron.com,0.3,low,,ham,0.1516,Work,0.827,0.3,low,True
badeer-r/all_documents/263.,CAISO Notification: Operations Procedure E-511 - Posting for Af,"Market Participants:

Please assure that this Notification is forwarded to your respective
Operating Departments for Review ---

Notification of Operating Procedure Update

* The following new or revised ISO Operating Procedures have been
implemented and are posted for reference on the ISO Website.
* Please find them at
http://www1.caiso.com/thegrid/operations/opsdoc/index.html under the
appropriate Operating Procedure section heading.


ISO Operating Procedure posted:  E-511 Emergency Load Reduction Program
Version: 1.0
Effective Date: 6/15/2000
Procedure Purpose: This Operating Procedure describes the Demand Relief
Program that has been implemented by the ISO on a trial basis for the Summe",marketparticipants@caiso.com,crcommunications@caiso.com,0.6,high,urgent/critical language (+0.24); direct 1:1 email (+0.05),ham,0.1489,Work,0.786,0.4,medium,False
badeer-r/all_documents/225.,Reports,"Sorry for the delay.  I was alone today.
r",robert.badeer@enron.com,rebecca.phillips@enron.com,0.4,medium,direct 1:1 email (+0.05); negative sentiment (+0.08),ham,0.147,Work,-0.557,0.2,low,False
corman-s/inbox/archives/164.,,I am going to VE for 2 hours CLE on Mon 2/25 at noon and 1 hour cle on Wed 2/27 at noon.  Call Karen Maye at 713-758-2954,shelley.corman@enron.com,l..nicolay@enron.com,0.3,low,direct 1:1 email (+0.05),ham,0.2083,Personal,0.0,0.2,low,True
badeer-r/notes_inbox/44.,Stage 1 Emergency,"STAGE 1 EMERGENCY NOTICE [200000208]

Effective 08/26/2000 at 16:00 the California Independent System Operator
has implemented Stage 1 of the Electrical Emergency Plan. The Plan has
been implemented for the following reasons:

Lack of resources

Stage 1 is expected to be in effect from HE 15
through HE 18.

Participating transmission owners are to notify the Utility Distribution
Companies within their operational areas.

Stage 1:    Operating reserves are less than minimum. Advise the Utility
            Distribution Company of potential power shortages and request
            the UDC to advise end-use customers to reduce demand to minimum
            requirements without disruption of emplo",,awe@caiso.com,0.7,high,urgent/critical language (+0.24); strongly negative/distressed sentiment (+0.15),ham,0.1235,Work,-0.891,0.7,high,True
bass-e/discussion_threads/1054.,SUPPLEMENTAL Weekend Outage Report for 12-01-00 through 12-04-00,"------------------------------------------------------------------------------
------------------------
W E E K E N D   S Y S T E M S   A V A I L A B I L I T Y

F O R

December 01, 2000 5:00pm through December 04, 2000 12:00am
------------------------------------------------------------------------------
------------------------

SCHEDULED SYSTEM OUTAGES: 

ARDMORE DATA CENTER - FACILITY OPERATIONS: No Scheduled Outages.

AZURIX: No Scheduled Outages.

EB34 DATA CENTER - FACILITY OPERATIONS: No Scheduled Outages.

EDI SERVER: No Scheduled Outages.

ENRON NORTH AMERICAN LANS:  SEE ORIGINAL REPORT
    
FIELD SERVICES:  No Scheduled Outages.

INTERNET: No Scheduled Outages.

LOTUS NOTES: No Sch",houston.report@enron.com,enron.announcements@enron.com,0.6,high,urgent/critical language (+0.24); direct 1:1 email (+0.05),ham,0.1033,Work,0.21,0.2,low,False
buy-r/_sent_mail/62.,Retail Credit,"Spoke with Ben Glisan re our conversation on retail credit and concluded that 
we should meet with some banks that specialize in this area. Can you prepare 
a brief presentation that would serve as a discussion document for such a 
meeting. The concept is that a deal flows into a website?? that is basically 
a checklist and the transaction is sized and scoped. If it met deal criteria 
and portfolio requirements, it would flow directly to an outside shop that 
would fund, bill, track etc. Enron could possibly keep a small interest in 
economics and of course a skim. 

Lets review presentation, then discuss with Ben/Andy and Janet D.  and 
proceed to banks. Ben is clearing idea with Delaney. W",michael.tribolet@enron.com,rick.buy@enron.com,0.3,low,direct 1:1 email (+0.05),ham,0.1164,Work,0.887,0.4,medium,False
beck-s/discussion_threads/3619.,Re: promotion,"Thanks for your nice note.  --Sally 


   
	
	
	From:  Doug Leach                           01/16/2001 08:10 AM
	

To: Sally Beck/HOU/ECT@ECT
cc:  
Subject: promotion

Congrats on a well deserved promotion.",doug.leach@enron.com,sally.beck@enron.com,0.3,low,reply/forward chain (-0.05); direct 1:1 email (+0.05),ham,0.0882,Work,0.881,0.1,low,True
cuilla-m/deleted_items/159.,,"My home is elevated much higher than the street, and even in the heaviest
rainy seasons I've never seen anything close to flooding in my neighborhood,
so how can I be in a flood zone?
Although every effort is taken to ensure the information on the Flood
Insurance Rate Map (FIRM) is as accurate as possible, it may be that your
structure was inadvertently included in the Special Flood Hazard Area
(SFHA). If your house is located on property that has a lowest adjacent
grade (lowest ground touching the structure) elevation at or above the base
(1-percent-annual-chance) flood elevation (BFE), you may wish to request a
Letter of Map Amendment (LOMA) in accordance with Part 70 of the National
Flood",martin.cuilla@enron.com,mcuilla@houston.rr.com,0.5,medium,direct 1:1 email (+0.05); strongly negative/distressed sentiment (+0.15),ham,0.2257,Work,-0.832,0.3,low,False
causholli-m/inbox/37.,Important Information Needed!!!!!!,"We are in need of the following information:


Emergency Contact Name:
Emergency Contact Phone:

Please update this information by going through eHRonline or email me with the information.


Your cooperation is appreciated !

Thanks,
Rebecca Torres
A/A Program
rebecca.torres@enron.com
713-853-6664
ECN 3537 A",monika.causholli@enron.com,rebecca.torres@enron.com,0.7,high,urgent/critical language (+0.24); 6 exclamation(s) in subject (+0.10); direct 1:1 email (+0.05),ham,0.1884,Work,0.741,0.3,low,False
campbell-l/discussion_threads/1147.,Switch to dedicated hosting with DellHost,"You received this e-mail because you registered on the E*TRADE Web site, or 
on one of our partners' sites. If you do not want to receive partner e-mail 
offers, or any E*TRADE marketing e-mail, you can change your preferences now. 
You are subscribed at: lcampbel@enron.com


?
[IMAGE]

[IMAGE]
E*TRADE Partner Offers?
Special Offers for Empowered Investors?

Dear larry,
?
Dell

Dell



Intel
Dellhost.com




Dedicated
Shared
Servers




[IMAGE]


[IMAGE]Enhanced
dedicated hosting
Starting at
$549/month.
[IMAGE]
[IMAGE]
[IMAGE]
[IMAGE]Shared
website hosting
Starting at
$17.95/month
[IMAGE]
[IMAGE]
[IMAGE]
[IMAGE]Dell(tm) PowerEdge(tm)
300 Servers
Starting at
only $999!




[IMAGE]


Pricing, ",lcampbel@enron.com,etradeservice@etrade.0mm.com,0.3,low,direct 1:1 email (+0.05),ham,0.2112,Other,0.936,0.1,low,True
brawner-s/discussion_threads/115.,RE: Apology,Thank you for your comments.,jeffrey.shankman@enron.com,sandra.brawner@enron.com,0.3,low,reply/forward chain (-0.05); direct 1:1 email (+0.05),ham,0.1308,Work,0.402,0.1,low,True
bass-e/sent/1318.,Re: New Years,"Hi Mom,

Ruth Chris would be nice.  I don't know anything anout Cafe Natalie.  Use 
your judgement.  

We are about to leave for SD.  So I will give you a call from there.  
Don't forget to cheer for the horns and . . .

Hook 'em!





""K. Bass"" <daphneco64@bigplanet.com> on 12/28/2000 01:18:52 PM
Please respond to ""K. Bass"" <daphneco64@bigplanet.com>
To: Eric.Bass@enron.com
cc:  
Subject: Re: New Years


Hi Eric,

I just got the only remaining reservations at RC's but they are at 5.  At
this point, I am sure that it will be next to impossible to get anything
else, anywhere else.  I have been trying to contact a new, local restaurant
near here but their line has been busy.  They do have a pr",daphneco64@bigplanet.com,eric.bass@enron.com,0.4,medium,action-required language (+0.07); reply/forward chain (-0.05); direct 1:1 email (+0.05),ham,0.0848,Personal,0.963,0.3,low,False
corman-s/deleted_items/51.,IMPORTANT-To All Domestic Employees who Participate in the Enron,"If you are a participant in the Enron Corp. Savings Plan, please read this very important message.

We understand that you are concerned about the timing of the move to a new Savings Plan administrator and the restricted access to your investment funds during the upcoming transition period scheduled to take place beginning at 3:00PM CST on October 26 and ending at 8:00AM CST on November 20.  

We have been working with Hewitt and Northern Trust since July.  We understand your concerns and are committed to making this transition period as short as possible without jeopardizing the reconciliation of both the Plan in total or your account in particular.  

Remember that the Enron Corp. Savings ",,no.address@enron.com,0.4,medium,urgent/critical language (+0.12),ham,0.1121,Other,0.598,0.5,medium,True
dasovich-j/all_documents/12629.,EBS GA Conference Call,"Due to travel plans for this coming Monday, I have rescheduled our Monday 
morning conference call to Tuesday, 5/22,  @11:00am (CST).  We will be in 
room EB4793.

Dial in number:  888/311-9051

Pass Code:  60396



Sue Nord, Sr. Director
Government Affairs
713 345-4196","barbara.hueter@enron.com, jeff.dasovich@enron.com, john.neslage@enron.com,  lara.leibman@enron.com, linda.robertson@enron.com, marchris.robinson@enron.com, margo.reyna@enron.com, mona.petrochko@enron.com, ricardo.charvel@enron.com, richard.shapiro@enron.com, scott.bolton@enron.com, stephen.burns@enron.com, susan.landwehr@enron.com, eric.benson@enron.com, allison.navin@enron.com, carmen.perez@enron.com, karen.huang@enron.com",carmen.perez@enron.com,0.1,low,bulk/automated/fyi language (-0.08); broadcast to 17 recipients (-0.12),ham,0.1213,Work,0.077,0.4,medium,False
allen-p/all_documents/73.,Re: Inquiry....,Put me down as a reviewer,dawn.kenne@enron.com,phillip.allen@enron.com,0.3,low,reply/forward chain (-0.05); direct 1:1 email (+0.05),ham,0.1472,Work,0.0,0.2,low,True
buy-r/inbox/71.,Action Requested:  Past Due Invoice for User: RICHARD BUY,"Alert!  
You are receiving this message because you have an unresolved invoice in your iPayit in-box that is past due.  It is critical that you login to iPayit and take immediate action to resolve this invoice. 

Remember, you play an important role in ensuring that we pay our vendors on time. 

Tip!:  You must login to the system to forward this invoice to another user. 

To launch iPayit, click on the link below:
http://iPayit.enron.com
Note:  Your iPayit User ID and Password are your eHRonline/SAP Personnel ID and Password.

First time iPayit user?  For training materials, click on the link below:
http://isc.enron.com/site/doclibrary/user/default.asp

Need help?
North America: ISC Call Ce",rick.buy@enron.com,ipayit@enron.com,0.6,high,urgent/critical language (+0.24); direct 1:1 email (+0.05),ham,0.2226,Work,0.876,0.5,medium,False
allen-p/discussion_threads/514.,CAISO demand reduction,"---------------------- Forwarded by Phillip K Allen/HOU/ECT on 04/10/2001 
05:50 PM ---------------------------
   
	Enron North America Corp.
	
	From:  Stephen Swain                           04/10/2001 11:58 AM
	

To: Phillip K Allen/HOU/ECT@ECT
cc: Tim Heizenrader/PDX/ECT@ECT, Tim Belden/HOU/ECT@ECT, Matt 
Motley/PDX/ECT@ECT, Michael M Driscoll/PDX/ECT@ECT, Chris 
Mallory/PDX/ECT@ECT, Jeff Richter/HOU/ECT@ECT, Robert Badeer/HOU/ECT@ECT, 
Sean Crandall/PDX/ECT@ECT, Mark Fischer/PDX/ECT@ECT, Bill Williams 
III/PDX/ECT@ECT, Diana Scholtes/HOU/ECT@ECT 
Subject: CAISO demand reduction

Phillip et al.,

I have been digging into the answer to your question re: demand reduction in 
the West.  You",mike.grigsby@enron.com,phillip.allen@enron.com,0.5,medium,direct 1:1 email (+0.05); strongly negative/distressed sentiment (+0.15),ham,0.11,Work,-0.75,0.3,low,False
campbell-l/inbox/990.,,"Do you need new leads for your business ?
 Do you need increased Internet Exposure ?

 Thousands join the Internet daily.... ever since 1995
 Have you reached the thousands of new internet users?

 Search Engines: work IF you're in the TOP 20 among thousands
 Classifieds:    work IF your ad is near the top among thousands


































































































































 Banner Ads:     work IF you use top engines for a lot of money

 ALL 3 require prospects TO FIND YOU FIRST among thousands.


 Did you know that there is a method of marketing that costs
 pennies but have the same effect as direct postal mail?

",lcampbel@enron.com,dloer95m@mailandnews.com,0.6,high,urgent/critical language (+0.24); direct 1:1 email (+0.05),ham,0.4008,Other,0.958,0.1,low,False
campbell-l/all_documents/1115.,SUPPLEMENTAL Weekend Outage Report for 12-01-00 through 12-04-00,"------------------------------------------------------------------------------
------------------------
W E E K E N D   S Y S T E M S   A V A I L A B I L I T Y

F O R

December 01, 2000 5:00pm through December 04, 2000 12:00am
------------------------------------------------------------------------------
------------------------

SCHEDULED SYSTEM OUTAGES: 

ARDMORE DATA CENTER - FACILITY OPERATIONS: No Scheduled Outages.

AZURIX: No Scheduled Outages.

EB34 DATA CENTER - FACILITY OPERATIONS: No Scheduled Outages.

EDI SERVER: No Scheduled Outages.

ENRON NORTH AMERICAN LANS:  SEE ORIGINAL REPORT
    
FIELD SERVICES:  No Scheduled Outages.

INTERNET: No Scheduled Outages.

LOTUS NOTES: No Sch",houston.report@enron.com,enron.announcements@enron.com,0.6,high,urgent/critical language (+0.24); direct 1:1 email (+0.05),ham,0.1033,Work,0.21,0.2,low,False
carson-m/_sent_mail/84.,RE: Baby Party/Shower,bring the kids.... but they can't have any booze!,dttowns@swbell.net,mike.carson@enron.com,0.3,low,reply/forward chain (-0.05); direct 1:1 email (+0.05),ham,0.1472,Personal,0.0,0.1,low,True
campbell-l/discussion_threads/1631.,Weekend Outage Report for 5-18-01 through 5-21-01,"------------------------------------------------------------------------------
------------------------
W E E K E N D   S Y S T E M S   A V A I L A B I L I T Y

F O R

May 18, 2001 5:00pm through May 21, 2001 12:00am
------------------------------------------------------------------------------
------------------------
                
SCHEDULED SYSTEM OUTAGES: 

ARDMORE DATA CENTER - FACILITY OPERATIONS: No Scheduled Outages.

AZURIX: No Scheduled Outages.

EB34 DATA CENTER - FACILITY OPERATIONS: No Scheduled Outages.

EDI SERVER: No Scheduled Outages.

ENRON CENTER SOUTH DATA CENTER - FACILITY OPERATIONS: No Scheduled Outages

ENRON NORTH AMERICAN LANS:  No Scheduled Outages.

FIELD SERVIC",houston.report@enron.com,enron.announcements@enron.com,0.7,high,urgent/critical language (+0.24); direct 1:1 email (+0.05); strongly negative/distressed sentiment (+0.15),ham,0.1212,Other,-0.604,0.2,low,False
campbell-l/inbox/447.,"NYISO - MIS OUTAGE - October 17, 2001","market_relations@nyiso.com writes to the NYISO_TECH_EXCHANGE Discussion List:

Dear Market Participants

On October 17, 2001, the NYISO web servers will be upgraded.  This will
require both software and hardware changes.  While these changes will be
transparent to the users, these changes will require that the MIS system
be unavailable for approximately 60 minutes.  The outage will begin at
approximately 11:35 AM.  Market Participants planning on submitting
HAM transactions or modifying Day Ahead bids should act accordingly.

The NYISO will minimize the duration of the outage as much as possible
as we recognize the inconvenience caused by system outages.  Ultimately,
these changes will resul",market_relations@nyiso.com,market_relations@nyiso.com,0.6,high,urgent/critical language (+0.24); direct 1:1 email (+0.05),ham,0.1156,Other,0.844,0.4,medium,False
arnold-j/discussion_threads/414.,Drift Meeting,"---------------------- Forwarded by John Arnold/HOU/ECT on 02/26/2001 08:31 
PM ---------------------------


Shirley Tijerina@ENRON
02/26/2001 09:53 AM
To: Wes Colwell/HOU/ECT@ECT, Vince J Kaminski/HOU/ECT@ECT, John 
Arnold/HOU/ECT@ECT, Gary Hickerson/HOU/ECT@ECT, Harry Arora/HOU/ECT, Joseph 
Deffner/HOU/ECT
cc: Anita DuPont/NA/Enron@ENRON, Ina Rangel/HOU/ECT@ECT, Judy 
Zoch/NA/Enron@ENRON, Barbara Lewis/HOU/ECT, Megan Angelos/NA/Enron 
Subject: Drift Meeting

The above mentioned meeting has been scheduled as requested on Wednesday, 
2/28 from 3:30 - 4:30pm in EB3321.

If you have any questions, please call me at X58113.

Thanks.",ina.rangel@enron.com,john.arnold@enron.com,0.3,low,direct 1:1 email (+0.05),ham,0.043,Work,0.637,0.3,low,True
bass-e/discussion_threads/752.,[cheatsheets] Griese Out Minimum of 3 weeks / Terrell Davis Limping,"Latest News on Denver QB Brian Griese:

http://www.usatoday.com/sports/nfl/broncos/wed.htm  Denver Broncos
quarterback Brian Griese, the AFC's top-rated passer, might be lost for the
regular season with a severely separated throwing shoulder.

''He'll be out a minimum of three weeks,'' Denver coach Mike Shanahan said
Tuesday.

The news stunned the Broncos, who watched Monday night as Griese shook off
the injury and led his team back into the AFC West race by knocking off
first-place Oakland 27-24.

Griese, already playing with cartilage damage in his right shoulder,
suffered a third-degree separation while being chased out of bounds in the
first quarter. Griese, whose first shoulder injury t",cheatsheets@egroups.com,bryant@cheatsheets.net,0.5,medium,direct 1:1 email (+0.05); strongly negative/distressed sentiment (+0.15),ham,0.0946,Other,-0.969,0.1,low,False
dasovich-j/all_documents/10134.,IEP FERC/ISO: Draft IEP FERC Cmts on Staff Report,"Attached in Word format are the draft IEP comments, due to be filed on the 
22nd, regarding the FERC Staff Report on market monitoring and market power 
mitigation.  This is my suggested approach, which is obviously subject to 
change per our discussion during the call tomorrow.

I would like to highlight that the draft characterizes the approach as a 
""circuit breaker"" during periods of highest demand and suggests that this is 
distinct from notions of market power abuse.  Other entities are arguing that 
during the highest demand, when it exceeds available supplies, all suppliers 
have and are ""exercising"" (as distinct from abusing?) market power.  The 
draft attempts to highlight the curr",kaplan@iepa.com,andybrwn@earthlink.net,0.6,high,urgent/critical language (+0.12); direct 1:1 email (+0.05); strongly negative/distressed sentiment (+0.15),ham,0.1194,Work,-0.7,0.4,medium,False
corman-s/sent_items/114.,FW: Thiis sale is curious in relation to Williams purchasing MOPS,"FYI

 -----Original Message-----
From: =09Holmes, Bradley =20
Sent:=09Thursday, October 11, 2001 1:58 PM
To:=09Corman, Shelley; Blair, Lynn; Bryant, Mike; Nacey, Sheila
Subject:=09Thiis sale is curious in relation to Williams purchasing MOPS

Enbridge to Acquire Williams' South Texas Natural Gas Gathering, Treating a=
nd Transmission Assets
CALGARY, Alberta--(BUSINESS WIRE)--Oct. 11, 2001--Enbridge Inc. (NASDAQ:ENB=
R <http://finance.yahoo.com/q?s=3Denbr&d=3Dt> - news </n/e/enbr.html>; TSE:=
ENB. <http://finance.yahoo.com/q?s=3Denb.to&d=3Dt> - news </n/ca/e/enb.html=
>) today announced that it is purchasing natural gas gathering, treating an=
d transmission assets in south Texas from a unit ",bob.burleson@enron.com,shelley.corman@enron.com,0.2,low,bulk/automated/fyi language (-0.08); reply/forward chain (-0.05); direct 1:1 email (+0.05),ham,0.1139,Work,0.972,0.2,low,True
buy-r/_sent_mail/91.,General Alarm---Enron Metals Recycling,"A ""Doorstep"" inspection of this business was performed in accordance with our 
procedures and apparently this business is a disaster!!! We need immediate 
action on this up to and including shutting it down. This was the worst we 
have seen at Enron and I don't even want to put in this email what I heard 
was going on there. 

We need a coordinated solution here asap to avoid a real disaster, if there 
isn't one already. I'll speak with Rick Causey here about what immediate 
action we should take but the more you guys can dig into this the better. 
More to come.

Rick","john.sherriff@enron.com, michael.brown@enron.com, ted.murphy@enron.com,  fernley.dyson@enron.com",rick.buy@enron.com,0.6,high,urgent/critical language (+0.24); negative sentiment (+0.08),ham,0.1303,Personal,-0.577,0.8,high,True
campbell-l/_sent_mail/97.,Etown imbalance,"---------------------- Forwarded by Larry F Campbell/NA/Enron on 09/11/2000 
04:15 PM ---------------------------


""Dyer, Thomas"" <TDyer@spragueenergy.com> on 09/11/2000 01:22:02 PM
To: amorris@fpl.com, antonl@aurora-gas.com, arcadiaBHG@aol.com, 
awinans@njresources.com, c.sunser@worldnet.att.net, 
cbangle@reliantenergy.com, cdonohue@worldnet.att.net, chalferty@hesco.org, 
chris_prejean@perrygas.com, crice@nge.com, crice@xenergy.com, 
cruikshankk@conedsolutions.com, cxcoulter@duke-energy.com, Dan Diehl 
<ddiehl@NUI.com>, danchakr@nmenergy.com, ddees@pcenergy.com, 
dfields929@aol.com, dkahl@scana.com, dsmereck@txuenergy.com, 
dsweigart@sithe.com, dtierney@njng.com, end.nat@cwix.com, 
eschuha",spendegr@enron.com,larry.campbell@enron.com,0.3,low,direct 1:1 email (+0.05),ham,0.0921,Work,0.0,0.3,low,True
arnold-j/sent/152.,small ventures usa,"Russell:
I think I should give you a little background on small ventures.  Bill 
Perkins and I have a strong personal and professional relationship.  He is an 
extremely creative individual.  Whalley actually commented on him today as 
someone ""who thinks outside the box"".  Bill actually sat in a bar four years 
and said the next tradeable market would be bandwidth.  He has been 
successful in the gas business when he has had someone to filter his ideas.  
As such he provides an informal consulting role to Enron.  He throws out 
ideas and, every once in a while, he comes up with a great one.  He pointed 
out an anomalous pricing occurence in the options market, a market I normally 
don't fol",russell.diamond@enron.com,john.arnold@enron.com,0.6,high,urgent/critical language (+0.24); direct 1:1 email (+0.05),ham,0.1651,Work,0.982,0.3,low,False
arnold-j/sent_items/34.,RE: in,"newport??




""Eva Pao"" <epao@mba2002.hbs.edu> on 05/09/2001 05:06:50 PM
Please respond to <epao@mba2002.hbs.edu>
To:	<John.Arnold@enron.com>
cc:	 
Subject:	RE: in


i'll call

-----Original Message-----
From: John.Arnold@enron.com [mailto:John.Arnold@enron.com]
Sent: Sunday, April 29, 2001 8:15 PM
To: epao@mba2002.hbs.edu
Subject:


pookie:
check this out:
www.sailmainecoast.com/index.html",epao@mba2002.hbs.edu,john.arnold@enron.com,0.4,medium,action-required language (+0.07); reply/forward chain (-0.05); direct 1:1 email (+0.05),ham,0.0996,Personal,0.607,0.1,low,False
causholli-m/sent_items/34.,FW: Monika.ppt,"-----Original Message-----
From: 	Reed, Andrea V.  
Sent:	Thursday, October 18, 2001 10:17 AM
To:	Causholli, Monika
Subject:	Monika.ppt",r..conner@enron.com,monika.causholli@enron.com,0.3,low,reply/forward chain (-0.05); direct 1:1 email (+0.05),ham,0.0705,Work,0.318,0.1,low,True
baughman-d/power/24_hour/103.,MAIN Winter 2000-2001 Transmission Assesment,"Please see attached PDF file containing the MAIN Winter 2000-2001 
Transmission Assesment.  Note also the attached summary of import, exports, 
and bases between various interfaces.  Note:  The PJM/ECAR, ECAR/TVA, 
TVA/ENT, Ent/SOCO interfaces have seen the sharpest decreases in 
import/export capability from last year to this year.


To: Ricardo Perez/NA/Enron@Enron, Grace Kim/NA/Enron@Enron, Rika 
Imai/NA/Enron@Enron, Eric Saibi/Corp/Enron@ENRON, Peter 
Makkai/NA/Enron@Enron, Christopher Watts/NA/Enron@Enron, George 
Hopley/HOU/ECT@ect, Paul D Thomas/NA/Enron@Enron, Gautam Gupta/HOU/ECT@ECT, 
Narsimha Misra/NA/Enron@Enron
cc: Kevin M Presto/HOU/ECT@ECT, Rogers Herndon/HOU/ECT@ect, Mark Dan","richard.hrabal@enron.com, cyril.price@enron.com, john.kinser@enron.com,  kayne.coulter@enron.com, rudy.acevedo@enron.com, don.baughman@enron.com, lawrence.clayton@enron.com, joe.errigo@enron.com, juan.hernandez@enron.com, wayne.herndon@enron.com, dean.laurent@enron.com, keller.mayeaux@enron.com, doug.miller@enron.com, chad.starnes@enron.com, joe.stepenovitch@enron.com, greg.trefz@enron.com, jay.wills@enron.com, miguel.garcia@enron.com, mitch.robinson@enron.com, christopher.watts@enron.com",christopher.watts@enron.com,0.2,low,broadcast to 20 recipients (-0.12),ham,0.1059,Work,0.957,0.3,low,True
beck-s/sent/690.,Mike's got a new daughter!,"Thought you'd like to know.  --Sally 
---------------------- Forwarded by Sally Beck/HOU/ECT on 04/20/2001 10:12 AM 
---------------------------


Teresa J Wood
04/20/2001 07:58 AM
To: Enron London - European Trading Support, Fernley Dyson/LON/ECT@ECT, 
Richard Sage/LON/ECT@ECT, Steve Whitaker/LON/ECT@ECT, Naomi 
Connell/LON/ECT@ECT, Melissa Allen/LON/ECT@ECT, Patti Thompson/HOU/ECT@ECT, 
Sally Beck/HOU/ECT@ECT, Nicole Scott/LON/ECT@ECT
cc:  
Subject: Mike's got a new daughter!

BABY ALERT!

Mike and Gill Jordan have a new baby daughter called Emma who was born at 
about 11am today.
She weighs 7 pounds 8 oz and they are all well and happy.

Well done to Gill - and Mike of course for your par",brent.price@enron.com,sally.beck@enron.com,0.4,medium,1 exclamation(s) in subject (+0.05); direct 1:1 email (+0.05),ham,0.0703,Other,0.972,0.2,low,False
bass-e/notes_inbox/383.,[cheatsheets] #131 Week 12 Passing Game Matchups,"Hi  Folks,

Breaking this into 2 parts  tonight so it's not such a huge email.? I'll ha=
ve=20
the Passing Game  Matchups in this one and the Rushing Game Matchups  will=
=20
follow.? Good luck this week!

Joe

?



Matchups to Avoid  and Exploit.?=20

Passing Game  Matchups.?? Here's how I see the matchups this  week.? Please=
=20
note, see the  cheatsheet online http://www.cheatsheets.net/week12sheet.htm=
?=20
for exactly  where I rank playersand to determine who to start.? Just=20
because  one matchup may be more favorable than another, that doesn't=20
necessarily mean  I'd start the player with the best matchup.? The matchup=
=20
info is meant to be just one  more tool in your box when i",cheatsheets@egroups.com,bryant@cheatsheets.net,0.3,low,direct 1:1 email (+0.05),ham,0.1183,Personal,0.972,0.1,low,True
buy-r/all_documents/250.,"DASH FOR RIOGEN MERCHANT (AKA ""ELECTROBOLT"")","fyi, please respond, tx rick
---------------------- Forwarded by Rick Buy/HOU/ECT on 12/19/2000 10:26 AM 
---------------------------


Larry L Izzo@ENRON_DEVELOPMENT
12/19/2000 10:04 AM
To: Rick Buy/HOU/ECT@ECT
cc: Richard Leibert/HOU/EES@EES 
Subject: DASH FOR RIOGEN MERCHANT (AKA ""ELECTROBOLT"")

Rick, I was provided a copy of the DASH at 6:30 PM last evening and asked to 
sign off soonest.  My comments follow:

Cost:  the DASH is incorrect.  EECC has provided both a cost - plus price and 
a guaranteed price.
EECC has provided a NEPCO-guaranted price of $215MM.
EECC has indicated that it's estimate of actual costs is most likely $205MM.  
We indicated this cost estimate was somewhat conser","david.gorte@enron.com, chip.schneider@enron.com",rick.buy@enron.com,0.3,low,action-required language (+0.07); bulk/automated/fyi language (-0.08),ham,0.1063,Work,0.809,0.5,medium,False
bass-e/all_documents/1839.,Re: Congrats,"hey thanks.  lsu has a lot to look fwd to next season with the studs you 
recruited.  what did you think of mack?
i got the check but signed it over to paul lucci for another gambling debt - 
he said he hasn't cashed it yet but will by the end of the week.

eric




Chad Landry
02/12/2001 09:57 AM
To: Eric Bass/HOU/ECT@ECT
cc:  
Subject: Congrats

on a good recruiting class this year.  I met Mack Brown at a dinner honoring 
Rick Perry last week.  Did you get the check I sent you???  If so, did you 
deposit it???  Just trying to get my finances in order.

CKL",chad.landry@enron.com,eric.bass@enron.com,0.3,low,reply/forward chain (-0.05); direct 1:1 email (+0.05),ham,0.0867,Personal,0.941,0.1,low,True
allen-p/sent/515.,,"Lucy,

Why did so many tenants not pay this week?

#12 95
#21 240
#27 120
#28 260
#33 260

Total 975

It seems these apartments just missed rent.  What is up?

Other questions:

#9-Why didn't they pay anything?  By my records, they still owe $40 plus rent 
should have been due on 12/12 of $220.

#3-Why did they short pay?",stagecoachmama@hotmail.com,phillip.allen@enron.com,0.4,medium,direct 1:1 email (+0.05); negative sentiment (+0.08),ham,0.1464,Personal,-0.453,0.4,medium,True
dasovich-j/all_documents/12702.,NEWS:  Governor's Press Conference on President Bush's Energy Plan,"*  from Govt Affairs


> Governor Gray Davis held a well-attended press conference at the Capitol
> today to discuss his reaction to President Bush's energy plan.  In reading
> his prepared statements, Davis spoke as if directly to President Bush and
> FERC.  Davis later answered questions from reporters.
> 
> The Governor began the press conference by saying he commended the
> President for ""facing up to America's energy crisis.""  However, he added,
> ""I fault the President for not providing immediate relief for
> California...[which is] in a war with price-gouging energy companies--many
> of them are in Texas.""  Davis said that the President needs to be ""more
> creative"" in his solutions t",ca.team@enron.com,jennifer.rudolph@enron.com,0.6,high,urgent/critical language (+0.24); direct 1:1 email (+0.05),ham,0.13,Work,0.896,0.3,low,False
brawner-s/_sent_mail/109.,Fw: Fw: TEXAS Remedy for Choking],"---------------------- Forwarded by Sandra F Brawner/HOU/ECT on 03/20/2001 
03:54 PM ---------------------------


""Pamela Anderson"" <pama9@flash.net> on 03/11/2001 09:14:06 PM
To: ""Sandra Brawner"" <Sandra.F.Brawner@enron.com>
cc:  
Subject: Fw: Fw: TEXAS Remedy for Choking]



Return-Path: <pdwells@scottsboro.org>
Received: from  rly-zc05.mx.aol.com (rly-zc05.mail.aol.com [172.31.33.5]) by 
air-zc05.mail.aol.com (v77_r1.21) with ESMTP; Sat, 03 Mar 2001 12:06:54 -0500
Received: from  mail1.scottsboro.org (kirk.scottsboro.org [12.21.132.15]) by 
rly-zc05.mx.aol.com (v77_r1.21) with ESMTP; Sat, 03 Mar 2001 12:06:29 -0500
Received: from Default (nat3com.scottsboro.org [12.21.132.29]) by 
mail1.",jons@amerexenergy.com,sandra.brawner@enron.com,0.6,high,urgent/critical language (+0.12); reply/forward chain (-0.05); direct 1:1 email (+0.05); strongly negative/distressed sentiment (+0.15),ham,0.2608,Other,-0.758,0.1,low,False
arora-h/inbox/85.,Gas Indices,<HTML>                                                                                                                                                                                                                                                                                                                                                                                                                                                                                                                                                                                                                                                                                                                      ,gasindex@list.intcx.com,feedback@intcx.com,0.3,low,direct 1:1 email (+0.05),ham,0.281,Other,0.0,0.2,low,True
badeer-r/discussion_threads/245.,COMPUTER VIRUS,"The California ISO has identified a virus in our computer system. Please do
NOT open the email named LIFE STAGES TEXT, FUNNY TEXT, or JOKES from any
California ISO source. This is a Virus, do not open the message! This
message may have been forwarded to all ISO Market Participants. Deleting the
message without opening will prevent the virus from access to your system.



Don Fuller
Director, Client Relations
California ISO
916-608-7055
dfuller@caiso.com",20participants@caiso.com,shapp@caiso.com,0.4,medium,ALL CAPS subject (+0.08); direct 1:1 email (+0.05),ham,0.1744,Work,0.835,0.6,high,False
dasovich-j/all_documents/13024.,Outage Coordination,"PLEASE FORWARD TO THE PERSON IN CHARGE OF YOUR OUTAGE CO-ORDINATION

To Outage Coordinators :

Effective June 8 2001, in accordance with Executive Order D-23-01, the ISO
will be implementing the Interim SLIC Outage Web Page (
https://slic.caiso.com ).   This will be the primary means of reporting
planned outages to the ISO. After June 8, 2001, the current fax, telephone
and e-mail method of reporting will still be available for emergency use
only.

The updated SLIC users manual (with screen shots) is now available on our
website at the following URL
<http://www.caiso.com/docs/2001/03/29/2001032906410829431.html>.


The XML Upload/ Download Specification will be available and posted to the
we",lgoldseth@svmg.org,lgoldseth@svmg.org,0.6,high,urgent/critical language (+0.24); direct 1:1 email (+0.05),ham,0.1806,Other,0.703,0.4,medium,False
campbell-l/all_documents/1044.,Our holiday gift to you!,"Dear Larry Caempbell,

This holiday season, 1-800-FLOWERS.COM would like to extend a special holiday 
offer to you for being a valued customer.  This offer is only available for a 
limited time only, so please act now!

Click here to view catalog:
http://www.s2u2.com/content.asp?wci=version&wnd=0&status_id=23274437


Happy Holidays,
Your Friends at 1-800-FLOWERS.COM",lcampbel@enron.com,1800flowers.23274437@s2u2.com,0.4,medium,1 exclamation(s) in subject (+0.05); direct 1:1 email (+0.05),ham,0.1696,Other,0.986,0.1,low,False
brawner-s/sent_items/15.,Re: I don't know Brad Horn!!!!!!!!!!!!!!!,"Hi Ragan,

I am sure this is a joke , but I dont get it..  Please explain - 
ANd I am doing fine - I am tired these days  ( that age thing , you know).  How are things with you?  Enjoying the trading side again,n or are you missing the brokering side?  Thanks for the note- keep in touch -",ragan.bond@enron.com,sandra.brawner@enron.com,0.4,medium,15 exclamation(s) in subject (+0.10); reply/forward chain (-0.05); direct 1:1 email (+0.05),ham,0.0927,Personal,0.746,0.2,low,False
dasovich-j/all_documents/11887.,PIBA Energy Conference,"Dear SVMG Member -

One of our business organization partners, PIBA, will be conducting its own
Energy Conference this Thursday, May 3.  While we will be holding an Energy
Summit on Friday at Synopsys, I want to continue to keep you apprised of all
opportunities to provide tools to get through this crisis.  So, especially
for anyone who cannot attend SVMG's Summit on Friday, please note the
details below for PIBAS's summit.

Best Wishes,

Carl


On May 3, 2001 the PIBA Environmental Product Strategies Committee and the
Environmental Action Committee are hosting a joint meeting from 8:00am-12pm
- Hewlett Packard, 3215 Porter Drive, Palo Alto, Bldg. 15, ""Insead"" Room.
Directions available at P",cguardino@svmg.org,cguardino@svmg.org,0.6,high,urgent/critical language (+0.24); direct 1:1 email (+0.05),ham,0.1181,Other,0.807,0.4,medium,False
campbell-l/discussion_threads/16.,N.O.V.,"The following is a description and explanation of the violation that occurred 
at the La PLata compressor station.",larry.campbell@enron.com,team.san-juan-laplata@enron.com,0.5,medium,ALL CAPS subject (+0.08); direct 1:1 email (+0.05); negative sentiment (+0.08),ham,0.1231,Work,-0.494,0.4,medium,True
bass-e/sent_items/210.,FW: Inside FERC monthly survey reminder with Excel form attached,"-----Original Message-----
From: =09Martin, Thomas A. =20
Sent:=09Tuesday, October 30, 2001 12:26 PM
To:=09Bass, Eric
Subject:=09FW: Inside FERC monthly survey reminder with Excel form attached



 -----Original Message-----
From: =09""mhenergy"" <mhenergy@yahoo.com>@ENRON =20
Sent:=09Tuesday, October 30, 2001 10:14 AM
To:=09kelley_doolan@platts.com; mhenergy@yahoo.com
Subject:=09Inside FERC monthly survey reminder with Excel form attached

Hello from Inside FERC,

(Sorry for the double send.  This version has the price form attached)

Tomorrow (Wednesday) is the last business day of October, and it's the fina=
l
deadline for Inside FERC's Gas Market Report's November 2001 bidweek
spot-price s",bryan.hull@enron.com,eric.bass@enron.com,0.6,high,urgent/critical language (+0.12); action-required language (+0.14); reply/forward chain (-0.05); direct 1:1 email (+0.05),ham,0.1165,Work,0.981,0.4,medium,False
cash-m/deleted_items/91.,Employment,"Amarjit, based on the e-mailed information below, we are resending Enron's offer of employment.  You had committed to start work on Wednesday, October 24th and you have indicated that you will not be able to report to work.  When you return to the United States you are welcome to reapply for a position with Enron.  Thanks, Mark Broadfoot

-----Original Message-----
From: Amarjit Singh [mailto:amarjitmult@hotmail.com]
Sent: Sunday, October 21, 2001 11:28 PM
To: Wells, Malcolm
Subject: Apology


Hi Malcolm,

      Please accept my sincere apology for not being able to join Enron
right now as I had an unavoidable emergency at home that has forced me to
come to India over the weekend.My stay her",amarjitmult@hotmail.com,mark.broadfoot@enron.com,0.6,high,urgent/critical language (+0.24); direct 1:1 email (+0.05),ham,0.195,Work,0.987,0.4,medium,False
baughman-d/deleted_items/135.,"OpinionJournal - Best of the Web Today - January 22, 2002","From http://OpinionJournal.com

Best of the Web Today - January 22, 2002
By JAMES TARANTO
Whitewashing Ramsey Clark  http://www.cnn.com/2002/LAW/01/21/attacks.detention.ap/index.html

LBJ attorney general-cum-lunatic Ramsey Clark is pursuing a frivolous lawsuit on behalf of the terrorist prisoners at Guantanamo Bay Naval Base. The case--which demands that a federal judge in Los Angeles assert his jurisdiction over Gitmo, which is in Cuba--isn't worthy of comment.

What we're wondering, though, is why do the media--this CNN report is just one example--invariably refer to Clark as a ""civil rights advocate""? He is nothing of the sort. As we  documented last October  http://opinionjournal.com/be",don.baughman@enron.com,opinionjournal@wsj.com,0.6,high,urgent/critical language (+0.12); direct 1:1 email (+0.05); strongly negative/distressed sentiment (+0.15),ham,0.179,Other,-0.977,0.2,low,False
cash-m/sent/230.,Draft of Options,"Twadna, would you please print and then file Ecogas (not due diligence file) 
for me.  Thanks a lot.  Michelle

----- Forwarded by Michelle Cash/HOU/ECT on 06/17/2000 08:35 AM -----

	Randal Maffett
	05/12/2000 02:36 PM
		 
		 To: Julia Murray/HOU/ECT@ECT, Dan Lyons/HOU/ECT@ECT, Michelle 
Cash/HOU/ECT@ECT, rstephens@bracepatt.com
		 cc: 
		 Subject: Draft of Options


	


Attached is my draft of what we discussed.  I'm trying to get w/ 
Bowen/Donahue to discuss ASAP and will keep you posted accordingly.  Let me 
know ASAP if you have any comments, edits, etc...

Thanks for all your help today and thru all the other issues, etc...  It's 
been invaluable and I sincerely appreciate your patienc",twanda.sweet@enron.com,michelle.cash@enron.com,0.6,high,urgent/critical language (+0.24); direct 1:1 email (+0.05),ham,0.0699,Work,0.944,0.4,medium,False
buy-r/sent_items/173.,General Alarm---Enron Metals Recycling,"A ""Doorstep"" inspection of this business was performed in accordance with our procedures and apparently this business is a disaster!!! We need immediate action on this up to and including shutting it down. This was the worst we have seen at Enron and I don't even want to put in this email what I heard was going on there. 

We need a coordinated solution here asap to avoid a real disaster, if there isn't one already. I'll speak with Rick Causey here about what immediate action we should take but the more you guys can dig into this the better. More to come.

Rick","john.sherriff@enron.com, michael.brown@enron.com, ted.murphy@enron.com,  fernley.dyson@enron.com",rick.buy@enron.com,0.6,high,urgent/critical language (+0.24); negative sentiment (+0.08),ham,0.1303,Personal,-0.577,0.8,high,True
campbell-l/inbox/531.,"NYISO Software Release Update for October 16 and October 17, 2001","market_relations@nyiso.com writes to the NYISO_TECH_EXCHANGE Discussion List:

Dear Market Participants,

Due to the outage of the NYISO website today (October 16, 2001), the
following
changes originally scheduled for implementation today have been rescheduled
for
October 30, 2001.

1) Deployment of BEA's WebLogic application server.

2) Data postings for real-time internal transmission flows and limits.

3) Transmission line scheduled and actual outages.

In addition, the MIS outage scheduled for October 17, 2001 at 11:35 AM
has also been cancelled.  This outage will be rescheduled.

The NYISO apologizes for any inconvenience that this unscheduled outage
has caused and we are working to bri",market_relations@nyiso.com,market_relations@nyiso.com,0.4,medium,urgent/critical language (+0.24); bulk/automated/fyi language (-0.16); direct 1:1 email (+0.05),ham,0.1176,Work,0.44,0.2,low,False
bass-e/all_documents/1484.,5 x 24 transactions,"FYI.  There might be some back office issues with this.  
---------------------- Forwarded by Eric Bass/HOU/ECT on 03/20/2000 07:57 AM 
---------------------------


Dale Neuner on 03/16/2000 04:25:45 PM
To: Eric Bass/HOU/ECT@ECT
cc:  
Subject: 5 x 24 transactions

My peice of this, the language component, is easy to do. The trouble comes in 
with logistics. We need to check with the Sitara Group to see if this is 
feasible. In the OTC world it's a lay-up because you can enter the different 
legs into the system and skip the weekends. The issue re: doing this on EOL 
is the ability of the system NOT TO NOMINATE on certain dates.

Scott Mills is out on vacation until Monday and he's the man I",edward.gottlob@enron.com,eric.bass@enron.com,0.3,low,action-required language (+0.07); bulk/automated/fyi language (-0.08); direct 1:1 email (+0.05),ham,0.061,Work,0.73,0.3,low,True
causholli-m/sent_items/71.,Asian hardwoods prices,"Dirk,

Attached is a spreadsheet that contains hardwood prices delivered to Japan, China, and S. Korea and where th origin of the pulp is. 

Hope this is what you were looking for
Monika",dirk.dimitry@enron.com,monika.causholli@enron.com,0.3,low,direct 1:1 email (+0.05),ham,0.1313,Work,0.44,0.2,low,True
allen-p/all_documents/315.,Re: History of  Lime and Cement,"'Arry (calxa@aol.com), Lime Ex-splurt Extraordinaire, wrote:

[snipped]

>I highly recommend David Moore's book ""The Roman Pantheon""
>very thorough research into the uses and development of Roman Cement....lime
>and clay/pozzolonic ash; the making and uses of lime in building.

>I find it almost impossible to put down

Why am I not surprised ?

I suspect that if someone were to build a town called Lime, make
everything in the town out of lime, provide only foods that have
some connection to lime and then bury the Limeys in lime when
they're dead, 'Arry would move to that town in a flash and think
that he had arrived in Paradise on Earth.

According to my v-a-a-a-ast network of spies, sneaks ",calxa@aol.com,rob_tom@freenet.carleton.ca,0.4,medium,reply/forward chain (-0.05); direct 1:1 email (+0.05); strongly negative/distressed sentiment (+0.15),ham,0.142,Personal,-0.714,0.1,low,False
bass-e/deleted_items/246.,Commissioner.COM E-Reports for The Perfect League 12/26/01,"<!doctype html public ""-//w3c//dtd html 4.0 transitional//en""><html><HEAD>
<!--


You are receiving these e-reports because you have signed up for
CBS SportsLine.com Fantasy Football.  The default format for these
reports is HTML, however if you are reading this text your
mail reader is not displaying it as HTML.  To change to
text mode, or to customize, reschedule, or turn off these
reports please to to the URL below:

http://football294.fantasy.sportsline.com/mp/options-ereports?league=kourn&owner=53402





-->

<BASE HREF=""http://football294.fantasy.sportsline.com/mp/"">
</HEAD><BODY TEXT=""#00000"" ALINK=""#ffff00"" LINK=""#0000ff"" VLINK=""#0000ff"" BGCOLOR=#000099><CENTER><TABLE BORDER=0 WIDTH",ebass@enron.com,noreply@ccomad3.uu.commissioner.com,0.1,low,urgent/critical language (+0.12); direct 1:1 email (+0.05); classified as spam (conf=0.74) — priority suppressed (-0.40),spam,0.7384,Other,0.947,0.1,low,True
campbell-l/inbox/780.,ClickAtHome Announces 4 NEW Internet Service Providers!!,"You asked for it, and we delivered!  ClickAtHome announces the addition of 4 new Internet Service Providers!

Introducing:  Sprint Broadband Direct, a new high-speed Internet solution based on an innovative technology called ""fixed wireless"", is now available for eligible Enron employees in 13 cities nationwide!
	Houston employees:  Sprint Broadband Direct will be in the Enron Building Lobby on Tuesday, July 31 and Wednesday, August 1 from 10am-2pm.  Get your questions answered regarding special ClickAtHome pricing, service, availability, or anything else!  ClickAtHome Reps will also be there to answer any program questions you may have.

For the North Houston area, Cox Cable and Charter Cab",,no.address@enron.com,0.4,medium,2 exclamation(s) in subject (+0.10),ham,0.169,Other,0.964,0.2,low,False
campbell-l/rocky_mountain_elk_foundation/2.,Re: FW: Rocky Mountain Elk Foundation contact,"Ivan,  the reason that you're having such a hard time making contact, is 
because the Foundation is going through some changes in their management. 
They are having a big pow-wow  this week to get things straightened out.  The 
new CEO will be a person named Ron Marcoux, and I  will be speaking with him 
next week.  In the interim, I have been working out some issues with the New 
Mexico/Texas Director and am scheduled  to meet with the Arizona Director in 
a couple of weeks.  Its pretty exciting to see the support from others in 
Enron.  Based upon initial contacts with the Missoula headquarters and 
regional directors, habitat conservation efforts are where the Foundation is 
placing a lar",ivan.hamilton.enronxgate@enron.com,larry.campbell@enron.com,0.3,low,reply/forward chain (-0.05); direct 1:1 email (+0.05),ham,0.0805,Work,0.971,0.3,low,True
arnold-j/notes_inbox/74.,Free Shipping for Your Amazoniversary,"[IMAGE]

[IMAGE]






?

Dear  Amazon Customer, 

What's  an  Amazoniversary?  Three years ago this month, you placed your very 
first order (using this  e-mail address) with Amazon.com. To remind you how 
much there is to  experience here, we're offering you free shipping (up to 
$10) on your next  order of $50 or  more.  

So  celebrate any way you like: with a bestselling  book,  a new  DVD  
release, or a  CD  player--it's up to you. But be sure to take advantage of 
this exclusive  free shipping offer before May 31. (See details below.)

We look  forward to all your Amazoniversaries to  come!   

  Sincerely, 

[IMAGE]

David  Risher 
Senior VP and Amazon Customer of Five Years (and Co",jarnold@ect.enron.com,thanks@amazon.com,0.5,medium,urgent/critical language (+0.12); direct 1:1 email (+0.05),ham,0.3321,Other,0.995,0.1,low,False
carson-m/all_documents/178.,New Cell Phone Number,"hello all...just to let you know, my cell phone number
has changed.

The new number is:
305-923-5687

Take care,

matt

__________________________________________________
Do You Yahoo!?
Yahoo! Shopping - Thousands of Stores. Millions of Products.
http://shopping.yahoo.com/","villanuevar@broncos.nfl.com, rebeccam@pocketmail.com, steveservais@yahoo.com,  sharitellman@yahoo.com, bterranova@lcclark.com, kevinvanemburgh@hotmail.com, bill_poteet@nmss.com, chjohnson98@hotmail.com, ksu93@aol.com, kristin.lane@nytmg.com, kittynyt@aol.com, james.mairet@kwikset.com, jaymar@ckhnet.com, blair.goering@janus.com, captbigpapa@yahoo.com, jhess75671@aol.com, mchoppe@worldnet.att.net, libbster007@hotmail.com, mike.carson@enron.com, conard789@hotmail.com, cdownard@vailresorts.com, jason.baxendale@umb.com, m_bek@hotmail.com, margaret.bek@pepperdine.edu, charlie.besch@graphic-tech.com, jon_besch@yahoo.com, mbower@bellatlantic.net",m_besch@yahoo.com,0.2,low,broadcast to 27 recipients (-0.12),ham,0.1845,Personal,0.689,0.1,low,True
buy-r/notes_inbox/27.,Windows 2000 Migration (Electronic Email Notice),"Everyone,  - PLEASE DO NOT ERASE THE EMAIL --PLEASE RESPOND!!!!

Project Gem is approaching and Enron is going global with Windows 2000 
Migration.  They are trying to assist RAC in implementing the Migration in a 
successful fashion.  To do this, they have requested an inventory of each 
computer within RAC.   The Network managers have created a simplier and 
easier way to do this.   Each Group within RAC will have a Contact Person to 
work closely with them.  His name is Lee Steele.

Lee Steele, Manager of Enron Networks will be sending each of us an email 
regarding the Windows 2000 Migration.  He would like an inventory of each 
employees' computer applications.  On the said email that e",lee.steele@enron.com,dorothy.youngblood@enron.com,0.4,medium,action-required language (+0.07); direct 1:1 email (+0.05),ham,0.0967,Work,0.98,0.4,medium,True
baughman-d/deleted_items/355.,Happy Holidays from HighSchoolAlumni.com!,"[IMAGE]  Dear Don:   Heading back home for the holidays? Wouldn't it be cool to get  together  with your old crew from high school while you're in town?    HighSchoolAlumni wants to help AND save you some cash.  In honor of the holiday season,  we are extending a HOME FOR THE HOLIDAYS special offer  to our valued members.    Subscribe to AlumniAccess between now and December 31, 2001 and get  one year of AlumniAccess  for just $9.98  - That's a 33% savings off of the normal price of $14.95!     UPGRADE NOW!     AlumniAccess is the best way to get back in touch with your old buddies, show  everyone how awesome your life is, or plan to hook up with the crew when you get back into town.     So,",dbaughm@ect.enron.com,info@highschoolalumni.com,0.4,medium,1 exclamation(s) in subject (+0.05); direct 1:1 email (+0.05),ham,0.2055,Other,0.991,0.1,low,False
campbell-l/notes_inbox/44.,Diamond Source of Virginia - It's Been 2 Months,"Hi Larry,

Since it's been two months since we have heard from you we wanted to check 
back with you and see if there is anything we can do to help you with your 
diamond buying decision? Our goal is to help you make an informed decision 
that you will be happy with for years to come.  Remember, since we don't own 
these stones, we are your personal diamonds consultants who will work to find 
the very best diamond for you at a great price.

Since you have not responded to any of our emails these past 8 weeks, we 
assume you are no longer shopping for a diamond and will remove your name 
from our active customer list.  We hope that if you are still shopping you 
will contact us so we can help",lcampbel@enron.com,denny@dsourceva.com,0.3,low,direct 1:1 email (+0.05),ham,0.2961,Other,0.992,0.1,low,True
campbell-l/all_documents/1079.,Weekend Outage Report for 12-01-00 through 12-04-00,"------------------------------------------------------------------------------
------------------------
W E E K E N D   S Y S T E M S   A V A I L A B I L I T Y

F O R

December 01, 2000 5:00pm through December 04, 2000 12:00am
------------------------------------------------------------------------------
------------------------

SCHEDULED SYSTEM OUTAGES: 

ARDMORE DATA CENTER - FACILITY OPERATIONS: No Scheduled Outages.

AZURIX: No Scheduled Outages.

EB34 DATA CENTER - FACILITY OPERATIONS: No Scheduled Outages.

EDI SERVER: No Scheduled Outages.

ENRON NORTH AMERICAN LANS:  
Impact:  EES
Time:  Sat 12/2/2000 at  9:00:00 PM CT thru Sat 12/2/2000 at  9:30:00 PM CT
 Sat 12/2/2000 at  7:00:00 ",houston.report@enron.com,enron.announcements@enron.com,0.7,high,urgent/critical language (+0.24); direct 1:1 email (+0.05); strongly negative/distressed sentiment (+0.15),ham,0.1057,Work,-0.604,0.2,low,False
arnold-j/sent/687.,Re: h/j/k,"it's one of those theoretically great trades, but those don't always work.  
Still, I'll put it on and win 7 times out of 10.  just so hard for the market 
to rally the backwardation is so weak. can easily see h going under if no 
weather appears. 




slafontaine@globalp.com on 02/12/2001 09:41:04 AM
To: jarnold@enron.com
cc:  
Subject: h/j/k



 wish i had let you buy all of them-cash supriingly weak to me. so i bailed on
the postion lost about 7 cts-not a disaster but a disappointment.
flat px looks like a pig here depite my not being overly bearish the
fundamentals. we hold or they take it down more??",slafontaine@globalp.com,john.arnold@enron.com,0.6,high,urgent/critical language (+0.12); reply/forward chain (-0.05); direct 1:1 email (+0.05); strongly negative/distressed sentiment (+0.15),ham,0.1596,Personal,-0.887,0.3,low,False
campbell-l/inbox/502.,Supplemental Weekend Outage Report for 10-12-01 through 10-14-01,"------------------------------------------------------------------------------------------------------
W E E K E N D   S Y S T E M S   A V A I L A B I L I T Y

F O R

October 12, 2001 5:00pm through October 15, 2001 12:00am
------------------------------------------------------------------------------------------------------

SCHEDULED SYSTEM OUTAGES: 

ARDMORE DATA CENTER - FACILITY OPERATIONS: No Scheduled Outages.

AZURIX: No Scheduled Outages.

EB34 DATA CENTER - FACILITY OPERATIONS: No Scheduled Outages.

EDI SERVER: No Scheduled Outages.

EES:     

Impact:  EES
Time:  Sat 10/13/2001 at  2:00:00 PM thru Sat 10/13/2001 at  5:00:00 PM
Outage:  Netfinity upgrade on EES Lotus Notes - Serve",,no.address@enron.com,0.7,high,urgent/critical language (+0.24); strongly negative/distressed sentiment (+0.15),ham,0.1038,Work,-0.608,0.2,low,False
buy-r/inbox/68.,Enron mess,The more I read and hear you should be ashamed.,rick.buy@enron.com,doug.leach@enron.com,0.5,medium,direct 1:1 email (+0.05); strongly negative/distressed sentiment (+0.15),ham,0.0948,Personal,-0.681,0.3,low,False
allen-p/all_documents/351.,Re: Are you trying to be funny?,"What did mary write?  Stage misses you?  I sent 2 emails.

Maybe mary is stalking gary",patti99@hotmail.com,phillip.allen@enron.com,0.3,low,reply/forward chain (-0.05); question in subject (+0.04); direct 1:1 email (+0.05),ham,0.1092,Personal,0.369,0.1,low,True
cash-m/all_documents/740.,12-Month Direct Comp Profile,"Twanda, would you please print for my review?  Thanks.  MHC

---------------------- Forwarded by Michelle Cash/HOU/ECT on 05/04/2000 11:01 
PM ---------------------------


Kari Oquinn
05/04/2000 03:53 PM
To: Chris Tull/HOU/ECT@ECT, Pam Butler/HR/Corp/Enron@ENRON, Michelle 
Cash/HOU/ECT@ECT
cc: Robert Jones/Corp/Enron@ENRON 
Subject: 12-Month Direct Comp Profile

Attached is a 12-Month Direct Compensation Profile document which we have 
asked Chris Tull to program (final programs need to be completed by 8/30/00).

Michelle:  We'd appreciate it if you will review the document and write the 
appropriate legal disclaimer that should be placed on the bottom of the 
document.

Chris:  The documen",twanda.sweet@enron.com,michelle.cash@enron.com,0.3,low,direct 1:1 email (+0.05),ham,0.0956,Work,0.816,0.4,medium,False
cash-m/inbox/328.,WARN Act Guide to Advance Notice of Closings & Layoffs,"[IMAGE]
 [IMAGE] [IMAGE]      [IMAGE]   Sponsored  by          [IMAGE]        WARN =
Act exceptions to 60-day notice are:  (1) Faltering company.  This exceptio=
n, to be narrowly construed, covers situations where a company has sought n=
ew capital, or business in order to stay open and where giving notice would=
 ruin the opportunity to get the new capital or business and applies only t=
o plant closings; (2) Unforeseeable business circumstances.  This exception=
 applies to closings and layoffs that are caused by business circumstances =
that were not reasonably foreseeable at the time notice would otherwise hav=
e been required; and (3) Natural disaster.  This applies where a closing or=","sharon.butcher@enron.com, michelle.cash@enron.com",felecia.acevedo@enron.com,0.5,medium,urgent/critical language (+0.24),ham,0.2131,Other,-0.21,0.4,medium,True
buy-r/inbox/934.,Update  from the Wizard,"Project OZ
 
The deal team is proceeding post-haste to draft a definitive term sheet.
 
Bjorn - you're correct - term is now 8 years likely to be 10
 
$40 million working capital facility - advance rate will exceed market - i.e. a portion of this is really equity
 
crack spreads - will be widened (still fine tuning)
 
Minimum investment case  - Morgan Stanley bridge, refinery cash flow to supply capex for Tier 2 upgrades, current volumes
 
After closing, to continue investigating expansion (max capex case) with [option] to hedge larger volumes ( ?- what if we don't agree with expansion plans)
 
RAC draft DASH with deal team's comments expected back this afternoon - will circulate
 
promised ","mark.bonney@enron.com, bjorn.hagelmann@enron.com, don.rollins@enron.com,  e-mail <.tom@enron.com>, raul.yzquierdo@enron.com",bradford.larson@enron.com,0.4,medium,urgent/critical language (+0.12),ham,0.1101,Work,0.647,0.4,medium,True
badeer-r/discussion_threads/275.,CAISO Notice - Comprehensive Market Redesign - Template for Comme,"Market Participants:

  The ISO has posted on its web site a template for your use
in submitting your final comments on the ISO's Congestion Management Reform
Recommendation that is part of its Comprehensive Market Redesign.  The
template is posted at http://www.caiso.com/clientserv/congestionreform.html
<http://www.caiso.com/clientserv/congestionreform.html> .  Final comments
are due to bwoertz@caiso.com <mailto:bwoertz@caiso.com>  by 5:00 p.m. PDT on
Thursday, August 31.  We will include a summary of all comments received to
the ISO Governing Board as part of the CMR Recommendation for their
approval.

  Please note that the template asks you to identify the name
of  the person submitting ",20participants@caiso.com,bwoertz@caiso.com,0.3,low,direct 1:1 email (+0.05),ham,0.1412,Work,0.926,0.5,medium,False
dasovich-j/all_documents/11650.,CA Disclosure,"One minor edit---it's the PX, not the ISO, that's taken itself into voluntary 
bankruptcy.  See redline version attached.  

Only other comment:  I'm not sure that, technically/contractually, we entered 
into transactions with the PX (in the same way that I don't think that folks 
enter into transactions with NYMEX).  (See opening line of last paragraph.)  

We have exposure to thePX based on our commercial activity that took place 
through the PX, and that exposure depends on how the PX /FERC decide 
particular issues.  In short, we have transactions with the utilities, and 
exposure to the PX based on transactions that we entered into with other 
counter parties via the PX market mechanism",richard.shapiro@enron.com,jeff.dasovich@enron.com,0.6,high,urgent/critical language (+0.24); direct 1:1 email (+0.05),ham,0.1099,Work,0.933,0.4,medium,False
cash-m/general_research/18.,EEOC Charge Increases,"In case you haven't had a chance to review this memo from the EEAC, to summarize; it would appear that other employers are experiencing an increase in their EEOC-related activity.  Attached is the memo from EEAC outlining the increase.
 
Regards,
Sandra","michelle.cash@enron.com, a..hope@enron.com, rick.johnson@enron.com,  bonne.castellano@enron.com",sandra.lighthill@enron.com,0.3,low,,ham,0.1409,Work,0.433,0.3,low,True
blair-l/sent_items/423.,Re: Revised PopUp Instructions,"terry, are these instructions on the Intranet where we have critical and no=
n critical
procedures?  If not, can we put them out there?  Thanks. Lynn




Terry Kowalke
06/14/2001 03:25 PM
To:=09Larry Berger/ET&S/Enron@ENRON, John Buchanan/ET&S/Enron@ENRON, Raetta=
 Zadow/ET&S/Enron@ENRON, Jean Blair/ET&S/Enron@ENRON, Randy Bryan/ET&S/Enro=
n@ENRON, James Carr/ET&S/Enron@ENRON, Jodie Floyd/ET&S/Enron@ENRON, Shirley=
 Walden/ET&S/Enron@ENRON, Katherine Perry/ET&S/Enron@ENRON, Tracy Minter/ET=
&S/Enron@Enron, William Aldinger/FGT/Enron@ENRON, Karen Clapper/FGT/Enron@E=
NRON, Marion Collins/FGT/Enron@ENRON, Galen Coon/FGT/Enron@ENRON, Tim Coope=
r/FGT/Enron@ENRON, Laura Giambrone/FGT/Enron@ENRON",terry.kowalke@enron.com,lynn.blair@enron.com,0.5,medium,urgent/critical language (+0.24); reply/forward chain (-0.05); direct 1:1 email (+0.05),ham,0.0856,Work,-0.264,0.3,low,False
buy-r/inbox/893.,Our Response to the U.S. Tragedy,"The tragedy of Tuesday, September 11 will serve as an unforgettable reminder to people all over the world of what is truly important and of life's fragility.  My heartfelt sympathies go out to the families and friends of all the people whose lives were taken in this senseless and horrific attack.  I ask that all of you keep our deceased colleague Nick Humber and his family in your thoughts and prayers.  Tragically, Nick, a director with Enron Wind, was on one of the planes hijacked on Tuesday.
To help with relief efforts in New York and Washington, D.C., Enron will make a total contribution of $1 million dollars to be split equally between the American Red Cross and the New York Firefighters",,40enron@enron.com,0.6,high,urgent/critical language (+0.24); action-required language (+0.07),ham,0.184,Other,0.939,0.5,medium,False
campbell-l/notes_inbox/436.,"""Datek Margin Call / 11/08/2000""","Dear Mr. LARRY CAMPBELL:

The equity in your Datek Online trading account has fallen below our
margin maintenance requirements.  This results in a 'margin
maintenance call' that requires you to either make an immediate
payment or to close out some of your portfolio.  If your account
is not restored to its required equity by three business days from today,
portions of your portfolio may be liquidated.  Furthermore,
Datek Online reserves the right to take action at ANY time
with or without notice if market conditions warrant.

Your current margin call is as follows:

Userid =CAMPB54792
$1836.61

When funding your account, we strongly recommend that you send any payments by
overnight delivery. ",lcampbel@enron.com,mailbot@datek.com,0.6,high,urgent/critical language (+0.24); direct 1:1 email (+0.05),ham,0.2641,Other,0.959,0.7,high,True
cash-m/personal/2.,Our Response to the U.S. Tragedy,"The tragedy of Tuesday, September 11 will serve as an unforgettable reminder to people all over the world of what is truly important and of life's fragility.  My heartfelt sympathies go out to the families and friends of all the people whose lives were taken in this senseless and horrific attack.  I ask that all of you keep our deceased colleague Nick Humber and his family in your thoughts and prayers.  Tragically, Nick, a director with Enron Wind, was on one of the planes hijacked on Tuesday.
To help with relief efforts in New York and Washington, D.C., Enron will make a total contribution of $1 million dollars to be split equally between the American Red Cross and the New York Firefighters",,40enron@enron.com,0.6,high,urgent/critical language (+0.24); action-required language (+0.07),ham,0.184,Other,0.939,0.5,medium,False
allen-p/_sent_mail/389.,Re: Presentation to Trading Track A&A,"The topic will the the western natural gas market.  I may have overhead 
slides.  I will bring handouts.",karen.buckley@enron.com,phillip.allen@enron.com,0.3,low,reply/forward chain (-0.05); direct 1:1 email (+0.05),ham,0.1154,Work,0.361,0.3,low,True
cash-m/all_documents/65.,Re: Oxley,"Thank you!!  Michelle





FMackin@aol.com on 12/06/2000 05:17:24 PM
To: Michelle.Cash@enron.com
cc:  
Subject: Oxley


Michelle,

Attached is the document I sent you in Feb, 2000 regarding the waiver for
Oxley.

It is a single document and you don't have to unzip it.


Pat

 - Waiver Benefits1.doc",fmackin@aol.com,michelle.cash@enron.com,0.3,low,reply/forward chain (-0.05); direct 1:1 email (+0.05),ham,0.0863,Work,0.474,0.2,low,True
campbell-l/discussion_threads/892.,Fwd: Fw: Dr. Suess in Florida,"> >Can we count them with our nose?
> >Can we count them with our toes?
> >Should we count them with a band?
> >Should we count them all by hand?
> >If I do not like the count,
> >I will simply throw them out.
> >
> >I will not let this vote count stand.
> >I do not like them, AL GORE I am.
> >Can we change these numbers here?
> >Can we change them, calm my fears?
> >What do you mean, Dubya has won?
> >This is not fair, this is not fun.
> >Let's count them upside down this time.
> >Let's count until the state is mine.
> >
> >I will not let this VOTE count stand.
> >I do not like it, AL GORE I am.
> >I'm really ticked, I'm in a snit.
> >You have not heard the last of it.
> >I'll count the bal","ansalon@houston.rr.com, bryan.tran@alcoa.com, dudley@ceimail.com,  s_trevino25@hotmail.com, erin@tisd.net, sarag@houston.rr.com, sahar3@hotmail.com, julsvu@hotmail.com, mqdo@yahoo.com, knowledgemanknowledge@hotmail.com, sarahmyu@hotmail.com, yent@palacios.k12.tx.us, tpoint@ykc.com, dsanchez@azurix.com, lomani26@cs.com, vusta@aol.com, lcampbel@enron.com, bobaymon@aol.com, kimv@palacios.k12.tx.us, sy@telescan.com, yellonero@aol.com, grace0706@yahoo.com, mluu219@hotmail.com, pon_v@email.msn.com",chi325@hotmail.com,0.3,low,reply/forward chain (-0.05); broadcast to 24 recipients (-0.12); strongly negative/distressed sentiment (+0.15),ham,0.1269,Personal,-0.849,0.1,low,True
beck-s/all_documents/1059.,Re: ERMS/TAGG floor support,"Thanks for setting this up and for copying me on the schedule.  Hopefully, 
this will be fruitful for everyone.   And maybe unnecessary at some point in 
time!  Thanks.  -Sally 


To: Sally Beck/HOU/ECT@ECT
cc: Jeffrey C Gossett/HOU/ECT@ECT, Scott Earnest/HOU/ECT@ECT, Stephen 
Stock/HOU/ECT@ECT 
Subject: Re: ERMS/TAGG floor support  

We are starting the 4-weeks floor support today, 11/2. The time coverage is 
1:00 p.m. to 8:00 p.m. Please see below for the schedule.



Thanks

Zhiyong


   
	Enron North America Corp.
	
	From:  Sally Beck                           10/27/2000 01:34 PM
	

To: Zhiyong Wei/HOU/ECT@ECT
cc: Jeffrey C Gossett/HOU/ECT@ECT, Scott Earnest/HOU/ECT@ECT, Stephen 
Stock/H",zhiyong.wei@enron.com,sally.beck@enron.com,0.4,medium,urgent/critical language (+0.12); reply/forward chain (-0.05); direct 1:1 email (+0.05),ham,0.0794,Work,0.962,0.3,low,False
arnold-j/_sent_mail/217.,Re: Job Opportunities from IDRC,"take me off your mailing list




JobOpps@idrc.org on 09/05/2000 01:57:01 PM
To: jarnold@ei.enron.com
cc:  
Subject: Job Opportunities from IDRC



IDRC Job Opportunity Posting

DATE RECEIVED: September 05, 2000

POSITION: Real Estate Manager
COMPANY: Sony Corporation of America
LOCATION: New York City NY, USA

For complete details go to: 
http://site.conway.com/jobopps/jobdetail.cfm?ID=82
To see all job postings go to: http://site.conway.com/jobopps/jobresult.cfm",jobopps@idrc.org,john.arnold@enron.com,0.3,low,reply/forward chain (-0.05); direct 1:1 email (+0.05),ham,0.1608,Work,0.791,0.1,low,True
beck-s/inbox/688.,SAP System Outage,"System Outage Notification

Outage Description:

All SAP systems (including Prod Interface, all EBP systems, iPayit, iBuyit, and FTP servers) will be shutdown in order to upgrade our storage hardware. This maintenance is required to ensure that sufficient storage is available for the SAP Production systems.

 

Date & Time of Outage: 

Outage Commences: November 16, 2001 @ 8:00pm CST

Outage Ends: November 19, 2001 @ 2:00am CST

 

Contacts:



Contact:

Contact Information:

ISC Customer Care 

713-345-4727

 Gary Sentiff	  713-857-2161",users.dl-enron@enron.com,notification.isc@enron.com,0.6,high,urgent/critical language (+0.24); direct 1:1 email (+0.05),ham,0.1252,Other,0.7,0.4,medium,False
dasovich-j/all_documents/12794.,IEP News 5/21,"Today's IEP news...

Thanks,
Jean

Calif Controller To Release Power Supply Contract Details - Dow Jones [PRESS 
CONFERENCE today at 11AM PST @ Controllers office, 300 Capitol Mall]

CBS News Transcripts, CBS MORNING NEWS (6:30 AM ET), May 18, 2001, Friday,
????386 words, CALIFORNIA GOVERNOR THREATENS TO TAKE MATTERS INTO HIS OWN 
HANDS
????IF THE GOVERNMENT OFFERS NO RELIEF FOR THE STATE'S ENERGY CRISIS, JULIE 
CHEN
????, BILL WHITAKER [Smutny interviewed on behalf of IEP]
 
National Public Radio (NPR), MORNING EDITION (10:00 AM ET), May 18, 2001,
????Friday, 619 words, CALIFORNIA'S POWER PLAN, ALEX CHADWICK, ELAINE KORRY ?
??????[Smutny interviewed on behalf of IEP]
 
CBS News Transcripts,","abb@eslawfirm.com, andybrwn@earthlink.net, cabaker@duke-energy.com,  rescalante@riobravo-gm.com, rbw@mrwassoc.com, curtis_l_kebler@reliantenergy.com, dean.nistetter@dynegy.com, dkk@eslawfirm.com, gtbl@dynegy.com, smutny@iepa.com, jeff.dasovich@enron.com, joer@calpine.com, john.g.larrea@williams.com, jmball@ns.net, kgough@calpine.com, kent.palmerton@williams.com, lale@dynegy.com, mmoretti@mccabeandcompany.net, mwilson@pstrategies.com, rmcnally@mcnallytemple.com, nam.nguyen@powersrc.com, knorton@mcnallytemple.com, paula.hall-collins@williams.com, jackp@calpine.com, rwhyde@duke-energy.com, roger.pelote@williams.com, stephanie-newell@reliantenergy.com, smara@enron.com, tross@mcnallytemple.com, tcwillia@duke-energy.com, alex.sugaoka@uaecorp.com, william_carlson@wastemanagement.com, billw@calpine.com, bellery@spi-ind.com, bob.gates@enron.com, cody.carter@williams.com, curt.hatton@gen.pge.com, david.parquet@enron.com, dean_gosselin@fpl.com, fernley.doug@epenergy.com, dnelsen@gwfpower.com, ed.tomeo@uaecorp.com, eileenk@calpine.com, eric.eisenman@gen.pge.com, frank.derosa@gen.pge.com, frazier_blaylock@ogden-energy.com, hap_boyd@enron.com, jack.hawks@gen.pge.com, elliottsa@earthlink.net, jgreco@caithnessenergy.com, jweisgall@aol.com, ccastillo@riobravo-gm.com, kellyl@enxco.com, khoffman@caithnessenergy.com, kfickett@usgen.com, lynn.a.lednicky@dynegy.com, marty_mcfadden@ogden-energy.com, paula_soos@ogden-energy.com, rjhickok@duke-energy.com, rskoebbe@powerworksinc.com, rllamkin@seiworldwide.com, ain@worldnet.att.net, siliff@riobravo-gm.com, steve_ponder@fpl.com, twetzel@thermoecotek.com, wfhall2@duke-energy.com, trusso@mcnallytemple.com, sadlersa@earthlink.net, mstultz@epsa.org, rtemple@mcnallytemple.com, tracy.fairchild@edelman.com, megan.beiser@edelman.com, deborah.fiorito@dynegy.com, lchurch@epsa.org, kaplan@iepa.com, tcwillia@duke-energy.com, rwhyde@duke-energy.com, tmcmorrow@manatt.com, suzy.l.rodriguez@dynegy.com, ppitts@wiredworld1.com, mnobili@cal-lobby.com, sscsus@aol.com, kvellandi@pstrategies.com",jmunoz@mcnallytemple.com,0.6,high,urgent/critical language (+0.24); broadcast to 83 recipients (-0.12); strongly negative/distressed sentiment (+0.15),ham,0.1036,Work,-0.962,0.2,low,False
arnold-j/sent/327.,,"Hello,
Bill Perkins of Small Ventures USA is having a party this Saturday at the 
Mercantile bar downtown.  He has rented out the place, has a band, open 
bar...  usually pretty fun.  He asked me to give both of you an invite in 
appreciation of the work you've done for him.   If you have interest, ccmail 
me with whether you need one or two invites each.
John","russell.diamond@enron.com, gregory.carraway@enron.com",john.arnold@enron.com,0.3,low,,ham,0.115,Personal,0.944,0.3,low,True
allen-p/deleted_items/25.,Market Insight: Restraints Will Be Overcome,"[IMAGE]  Market  Insight for December 24, 2001  From    [IMAGE]    The  Gl=
obal Online Financial Services Firm  Please  note, the Market Insight will =
not be published next week. Have a safe and happy holiday season!     Deadl=
ine for Converting to a Roth IRA  December 31, 2001 is your deadline for co=
nverting a Traditional  IRA to a Roth IRA. You should consult with a tax pr=
ofessional  or accountant to help you determine if a conversion is advantag=
eous  for you. For assistance, please call 1-800-934-4448, press  4 then 4 =
to speak with a Retirement Plans Specialist.  Restraints  Will Be Overcome =
 We see an  irregular upward trend in the market.  Stocks  face some formid=
able hur",pallen@enron.com,eservices@tdwaterhouse.com,0.6,high,urgent/critical language (+0.12); direct 1:1 email (+0.05); strongly negative/distressed sentiment (+0.15),ham,0.1985,Other,-0.871,0.4,medium,False
campbell-l/inbox/1048.,You WON'T Be Dissapointed!                         27023,"Untitled Document
DirectMeds.....................Your Online Pharmacy Source 
 [IMAGE]    	 VIAGRA Helping millions of men feel youthful again.  VISIT US HERE   If you are looking to enhance your sexual performance or address other health issues....  Visit us online today!                       24 Hour Delivery                                             Lowest Prices   Discreetly available online at the lowest prices       Because good health should be available to everyone 	
	Over 22 products available including:   Xenical - Propecia - Claritin - Allegra- Celebrex - Renova - Zyban - Vioxx - Prozac - Valtrex  AND MUCH MORE....... 	


 We strongly oppose the use of SPAM email and do not want",undisclosed.recipients@mailman.enron.com,szep820pi@flashmail.com,0.4,medium,1 exclamation(s) in subject (+0.05); direct 1:1 email (+0.05),ham,0.3779,Other,0.685,0.1,low,False
bailey-s/inbox/4.,FW: assignment,"PCS Nitrogen would like to assign their positions with Enron over to Bank of America.  The structure of the deal would be for B of A to step in between Enron and PCS.  Currently, PCS is out of the money to Enron.  This trade would lower B of A's exposure to Enron.    I would like to give an answer to PCS today.  Could you please review and let me know how we proceed o n this assignment.


Thanks,
Craig
-----Original Message-----
From: ASHill@potashcorp.com [mailto:ASHill@potashcorp.com]
Sent: Tuesday, November 20, 2001 4:06 PM
To: Breslau, Craig
Subject: assignment



Craig,
Attached is a sample assignment agreement sent to us by Bank of America.
It was one they had used with another deal, a","susan.bailey@enron.com, credit <.williams@enron.com>,  legal <.taylor@enron.com>",craig.breslau@enron.com,0.4,medium,urgent/critical language (+0.12); reply/forward chain (-0.05),ham,0.0872,Work,0.942,0.6,high,False
beck-s/discussion_threads/910.,Re: Limit Violation - Enron Australia,"FYI.

MM
---------------------- Forwarded by Michael E Moscoso/HOU/ECT on 04/10/2000 
02:22 PM ---------------------------


Chris Abel
04/07/2000 08:30 AM
To: Michael E Moscoso/HOU/ECT@ECT
cc:  
Subject: Re: Limit Violation - Enron Australia


---------------------- Forwarded by Chris Abel/HOU/ECT on 04/07/2000 08:29 AM 
---------------------------
   


From:  Ted Murphy                                                             
04/07/2000 08:25 AM	
	
	
	                           
	

To: Paul Quilkey/ENRON_DEVELOPMENT@ENRON_DEVELOPMENT
cc: Rebecca McDonald/ENRON_DEVELOPMENT@ENRON_DEVELOPMENT, Chris Abel@ECT, 
Paul Smith/ENRON_DEVELOPMENT@ENRON_DEVELOPMENT, Allan 
Ford/ENRON_DEVELOPMENT@",sally.beck@enron.com,michael.moscoso@enron.com,0.2,low,bulk/automated/fyi language (-0.08); reply/forward chain (-0.05); direct 1:1 email (+0.05),ham,0.0666,Work,-0.154,0.4,medium,False
causholli-m/deleted_items/196.,Elementary Statistics for Warriors,"Hello everyone,

Please plan to attend a meeting to discuss ""Elementary Statistic for Warriors"" this Thursday 10/4 from 3 pm to 5 pm in EB49C1.  Let me know if you have any questions or concerns.

Thank you,
Nyree
x5-4035",list.dl-warriors@enron.com,nyree.chanaba@enron.com,0.3,low,direct 1:1 email (+0.05),ham,0.0588,Work,0.586,0.4,medium,False
beck-s/all_documents/1995.,Update on Acquisition and Integration of MG plc,"Plenty to do.  They should definitely be on SAP sooner rather than later.  
Also, I think we should agree on a game plan for reviewing trading controls 
ASAP.  Alot of offices out there.  Thanks.
---------------------- Forwarded by Richard Causey/Corp/Enron on 06/16/2000 
02:28 PM ---------------------------
   
	Enron Europe
	
	From:  Enron Europe General Announcement @ ECT                           
06/16/2000 11:54 AM
	

To: ECT Europe
cc: James M Bannantine/ENRON_DEVELOPMENT@ENRON_DEVELOPMENT, Cliff 
Baxter/HOU/ECT@ECT, Sanjay Bhatnagar/ENRON_DEVELOPMENT@ENRON_DEVELOPMENT, 
Rick Buy/HOU/ECT@ECT, Richard Causey/Corp/Enron@ENRON, David W 
Delainey/HOU/ECT@ECT, Diomedes Christodoulou/SA/Enr",fernley.dyson@enron.com,richard.causey@enron.com,0.5,medium,urgent/critical language (+0.12); direct 1:1 email (+0.05),ham,0.0569,Work,0.939,0.4,medium,True
bass-e/discussion_threads/944.,A&M/UT,heard anything?,michael.simmons@enron.com,eric.bass@enron.com,0.3,low,direct 1:1 email (+0.05),ham,0.137,Personal,0.0,0.1,low,True
baughman-d/deleted_items/249.,"Just in: NEW Movies, Music & More!","==============================================
     Save $200 on the RIM 957 Blackberry Handheld @ buy.com
     http://enews.buy.com/cgi-bin5/flo?y=eE610BC8et0Blu0bIh0AV
     ==============================================

___________________________________________________________

                       <<<VIDEO/DVD>>>
___________________________________________________________

     Queer As Folk Collectors Box Set (DVD) - SAVE 23%
     buy.com price: $91.99 List Price: $119.98
     The smashing new drama about a group of gay men and lesbians
     living in Pittsburgh. Six discs.

For more info about this new DVD release, click here:
http://enews.buy.com/cgi-bin5/flo?y=eE610BC8et0Blu0BDyQ",don.baughman@enron.com,entertainment_buy.com@enews.buy.com,0.4,medium,1 exclamation(s) in subject (+0.05); direct 1:1 email (+0.05),ham,0.2583,Other,0.968,0.1,low,False
blair-l/deleted_items/424.,"CORRECTION:  Outlook Outage - Friday, December 28, 2001","This is a notice to inform you that the server where your Outlook mailbox resides is scheduled for an outage tonight.  Your mailbox will be temporarily unavailable starting anytime after 11pm and may continue to be unavailable until 1 a.m., when all server maintenance work have been completed.  Outlook Web Access (OWA) will also be unavailable during this time.  

Blackberry users:  Message delivery may be delayed for a few minutes.
 
If you have any questions, please call the Resolution Center at x31411.",maintenance.dl-exchange@enron.com,administration.enron@enron.com,0.6,high,urgent/critical language (+0.24); direct 1:1 email (+0.05),ham,0.1289,Other,0.103,0.4,medium,False
beck-s/discussion_threads/1651.,Houston visit,"Hi Sally,

I am so excited to see you and your family.  For your written
records...we'll in be Austin from Oct 27- Oct 31.  Then, we'll travel to
Houston via the Blue Bell ice cream factory on Nov 1st -- our plane leaves
from Houston on Sat, Nov 4th about 12:30.  Doing something on Friday with
Rebecca and Tyler sounds great -- she's pretty much up for anything.

Let me know what you hear from Mo -- it would be wonderful to see her, too.
Paul and I were starting to worry that something bad had happened in her
life!  It has been so long since we have talked to her.

This week's issue of Business Week has Enron in a list of the top 50
companies who are making the Internet work for them in runni",sally.beck@enron.com,stephanie_rodeghiero@hp.com,0.3,low,direct 1:1 email (+0.05),ham,0.0799,Personal,0.919,0.3,low,True
cash-m/all_documents/643.,BENJ.40387,"Christopher -

Based upon your memo and our due diligence effort to date, is there any 
indication of (a) any steps Daishowa has taken to put the committee required 
under the Pay Equity Act or (b) any increase in compensation that would be 
consistent with the Pay Equity Act and therefore enable Daishowa to dispense 
with the need for a committee?  Is there any way to currently assess what 
potential liabilities could be or to view any industry data on this issue 
that may indicate how extensive liability could be???

The main concern is that we are negotiating with Daishowa to be in a position 
to undertake, as of closing, all responsibilities associated with all matters 
disclosed, unless",deehyc@lapros.qc.ca,mark.greenberg@enron.com,0.6,high,urgent/critical language (+0.12); ALL CAPS subject (+0.08); direct 1:1 email (+0.05),ham,0.1432,Work,0.593,0.4,medium,False
bass-e/notes_inbox/537.,Re: Outage for Unify Gas Users,"I apologize.  I meant 8:00 A.M.

Sorry for the confusion.




	Matt Pena
	11/10/2000 08:19 AM
	
To: Unify Gas User Group
cc:  

Subject: Outage for Unify Gas Users

Just a reminder that our Unify Gas system will be unavailable today from 6:00 
P.M. until Saturday at 8:00 P.M. due to  server / database maintenance.",unify.group@enron.com,matt.pena@enron.com,0.6,high,urgent/critical language (+0.24); action-required language (+0.07); reply/forward chain (-0.05); direct 1:1 email (+0.05),ham,0.091,Work,-0.273,0.3,low,False
arnold-j/notes_inbox/76.,3 - URGENT - TO PREVENT LOSS OF INFORMATION,"Critical Migration Information:

1. Your scheduled Outlook Migration Date is THE EVENING OF : May 15th
2. You need to press the ""Save My Data"" button (only once) to send us your 
pre-migration information.
3. You must be connected to the network before you press the button.
4. If a POP-UP BOX appears, prompting you to ""ABORT, CANCEL OR TRUST SIGNER"" 
please  select TRUST SIGNER.
5. Any information you Add to your Personal Address Book, Journal or calendar 
after you click on the button will need to be manually re-added into Outlook 
after you have been migrated.
6. Clicking this button does not complete your migration to Outlook. Your 
migration will be completed  the evening of your migrati","aimee.shek@enron.com, albino.lopez@enron.com, andrea.williams@enron.com,  anitha.mathis@enron.com, antonette.concepcion@enron.com, bernard.rhoden@enron.com, deborah.kallus@enron.com, diane.taylor@enron.com, gardenia.sullivan@enron.com, ginger.sinclair@enron.com, janice.priddy@enron.com, jeanne.seward@enron.com, lloyd.whiteurst@enron.com, monique.criswell@enron.com, monique.mcfarland@enron.com, pauline.sanchez@enron.com, rena.lo@enron.com, shawn.simon@enron.com, valley.confer@enron.com, cynthia.barrow@enron.com, deborah.guillory@enron.com, dinah.sultanik@enron.com, georgia.fogo@enron.com, ginger.mccain@enron.com, iris.jimenez@enron.com, jennifer.mendez@enron.com, john.cevilla@enron.com, joshua.wooten@enron.com, karla.dobbs@enron.com, kayla.ruiz@enron.com, lee.wright@enron.com, maria.mitchell@enron.com, mikie.rath@enron.com, robin.hosea@enron.com, sandy.huseman@enron.com, sheri.jordan@enron.com, tashia.hayes@enron.com, donna.greif@enron.com, eric.gonzales@enron.com, jared.kaiser@enron.com, jonathan.whitehead@enron.com, omar.aboudaher@enron.com, paul.omasits@enron.com, shahnaz.lakho@enron.com, troy.denetsosie@enron.com, william.giuliani@enron.com, zionette.vincent@enron.com, adrial.boals@enron.com, albert.escamilla@enron.com, amber.ebow@enron.com, avril.forster@enron.com, bernice.rodriguez@enron.com, bill.hare@enron.com, brian.heinrich@enron.com, cheryl.johnson@enron.com, christopher.hargett@enron.com, dejoun.windless@enron.com, donna.consemiu@enron.com, donna.everett@enron.com, gloria.roberson@enron.com, james.scribner@enron.com, jason.moore@enron.com, jean.killough@enron.com, jeff.klotz@enron.com, jenny.helton@enron.com, john.harrison@enron.com, julissa.marron@enron.com, karen.lambert@enron.com, kathryn.pallant@enron.com, kelly.lombardi@enron.com, kevin.richardson@enron.com, lisa.woods@enron.com, marilyn.colbert@enron.com, michelle.laurant@enron.com, remi.otegbola@enron.com, ruby.kyser@enron.com, samuel.schott@enron.com, stacie.guidry@enron.com, steve.venturatos@enron.com, suzanne.nicholie@enron.com, tammie.huthmacher@enron.com, willie.harrell@enron.com, alexandra.villarreal@enron.com, daniel.quezada@enron.com, dutch.quigley@enron.com, ina.rangel@enron.com, jason.panos@enron.com, jesus.hernandez@enron.com, john.arnold@enron.com, john.griffith@enron.com, kimberly.hardy@enron.com, larry.may@enron.com, mike.maggi@enron.com, steve.dailey@enron.com",outlook.team@enron.com,0.5,medium,urgent/critical language (+0.24); ALL CAPS subject (+0.08); broadcast to 94 recipients (-0.12),ham,0.2135,Work,0.748,0.6,high,False
bailey-s/deleted_items/196.,JLH--OBR Evaluations Due!,"Hello Ladies-

Please fill out and turn in your OBR questionnaire/evaluation located in your 
OBR notebook as soon as possible.  I need your input in order to recommend or 
not recommend sending an OBR to agency for next year.  You are my best source 
of information.

If you want to fill out the questions and email me, that it FINE.

If you have trouble finding the eval., please call or email me.  My tel. no. 
is 281-277-6292.

Many thanks, Tami Grubb, Comm. Ext. Aff. Coor. JLH",,jg77063@aol.com,0.4,medium,action-required language (+0.07); 1 exclamation(s) in subject (+0.05),ham,0.1788,Work,0.91,0.5,medium,True
bass-e/discussion_threads/584.,Have you voted yet?,"Bush/Cheney 2000, Inc. is pleased to present the following
message from George P. Bush provided and paid for by the
Republican National Committee.
~~~~~~~~~~~~~~~~~~~~~~~~~~~~~~~~~~~~~~~~~~~~~~~~~~~~~~~~~~~~~~
~~~~~~~~~~~~~~~~~~~~~~~~~~~~~~~~~~~~~~~~~~~~~~~~~~~~~~~~~~~~~~

                      Election Day, Tuesday, November 7, 2000


  Dear Friend:

  I want to remind you that today is election day.  Our
  generation has a chance to make a difference - to send a
  signal that we want new leaders who trust you, not
  government.  You deserve a government for the 21st century
  -- a government that reflects your values -- your
  entrepreneurial spirit, your trust in initiative, and your
  co",ebass@enron.com,bushnews@georgewbush.com,0.4,medium,question in subject (+0.04); direct 1:1 email (+0.05),ham,0.2252,Other,0.996,0.2,low,False
blair-l/customer___virginia_power_dominion/11.,"RE: Critical , Other , 20011117   , NNG , 784158214","This notice is for Market Area Deliveries.  If you are not delivering in the Market Area, then this shouldn't impact you.  The DDVC penalties are assessed on the Shipper.  If you are not the Shipper and are only selling gas to a Shipper, again, you should not be impacted.  If your supply cut causes a Shipper to incur penalties, then the recourse for the Shipper may be in the sales contract which is between you and the Shipper.

-----Original Message-----
From: Greg_Hathaway@dom.com [mailto:Greg_Hathaway@dom.com]
Sent: Thursday, November 15, 2001 7:45 PM
To: Mercaldo, Vernon
Subject: Critical , Other , 20011117 , NNG , 784158214




How would this hurt us if we were only selling gas at Demarc",greg_hathaway@dom.com,vernon.mercaldo@enron.com,0.7,high,urgent/critical language (+0.24); reply/forward chain (-0.05); direct 1:1 email (+0.05); strongly negative/distressed sentiment (+0.15),ham,0.1075,Work,-0.769,0.3,low,False
bass-e/inbox/6.,"FOXSports.com has Anna K, NBA All-Stars and Online Chats!","<http://www2.foxsports.com/mailimages/email_020131.gif>
  <http://www2.foxsports.com/mailimages/top.jpg>	
  <http://www2.foxsports.com/mailimages/logo.jpg>

 

 <http://foxsports.lycos.com/?mailInfo=020206_h>	 



OK - football is over (well, except for the Pro Bowl this weekend), but never fear, FOXSports.com is here! NASCAR is back?with the Olympics, NBA and
Anna K!

**NASCAR Winston Cup racing returns to FOX, Sunday, Feb. 24 (12:30 p.m. ET), live from ""The Rock,"" North Carolina Speedway in Rockingham, N.C. NASCAR on FOX race coverage begins Saturday, Feb. 23 (1 p.m. ET) with Rockingham's Busch Series event. Click here for the NASCAR schedule <http://foxsports.lycos.com/content/view?conten",foxsportsflash_h@mailings.foxsports.com,foxsportsflash_h@mailings.foxsports.com,0.4,medium,1 exclamation(s) in subject (+0.05); direct 1:1 email (+0.05),ham,0.1653,Other,0.987,0.1,low,False
corman-s/calendar/63.,Calypso Meeting,"Set up by Kathleen Hardeman/67717
Attendees Doug Arnell, Rob Kilmer, Shelley Corman, Teresa Dyar, Ned Crady",,ruth.mann@enron.com,0.4,medium,negative sentiment (+0.08),ham,0.0973,Work,-0.557,0.2,low,False
arnold-j/_sent_mail/109.,Re: Sunday Trading,"Savita:
A couple of issues:

1.  I'm having trouble setting a syncopated basis child of a syncopated basis 
child (grandchild).  Is this not currently allowed by the system?

2.   I have a lot of counterparties whom click on hub gas daily when they 
meant to trade nymex.  Although I would like the nymex filter to bring gas 
dailies, is there anyway to separate them a little more clearly.  Eventually 
I would like to run all my products in parallel with gas daily, but I'm 
restricted right now by issue #1.

Please advise,
John",savita.puthigai@enron.com,john.arnold@enron.com,0.4,medium,action-required language (+0.07); reply/forward chain (-0.05); direct 1:1 email (+0.05),ham,0.1011,Work,0.263,0.4,medium,True
beck-s/piper__greg/11.,RE: CommodityHub Meetings with PwC and Accenture,"I assume this meeting is strictly for Accenture and PWC to pitch their vision 
to Enron on how they would help add value or help Enron execute mid/back 
office and/or CommodityLogic in a commercial manner.  I don't want this 
meeting related at all to Andy's efforts with Accenture related to 
transaction feeds unless Andy thinks it is OK.

I have told Baldwin at Accenture that Mid/back office and CommodityLogic is 
separate from what he is working on with Dave Samuals and Andy on Transaction 
hubs and is separate from DealBench, etc.  If we are not careful, Accenture 
will be working with four or five different points of contact at Net Works 
and we will end up hurting ourselves.

I am count","thomas.gros@enron.com, andy.zipper@enron.com, rex.shelby@enron.com,  sally.beck@enron.com",greg.piper@enron.com,0.4,medium,urgent/critical language (+0.12); reply/forward chain (-0.05),ham,0.0999,Work,0.896,0.3,low,False
dasovich-j/all_documents/12409.,NEWS: montana,"*  I saw this in yesterday's business section


Paper: Houston Chronicle
Date: SUN 05/13/01
Section: BUSINESS
Page: 7
Edition: 2 STAR

Montana 's power crisis may be more intense thanCalifornia's 

By JIM ROBBINS
New York Times

BUTTE, Mont. - The last large-scale metal mine is silent in this city that 
sits astride the Rocky Mountains. 
The 170-ton, house-sized ore-hauling trucks, which once rumbled with loads 24 
hours a day, have not fired up their engines since last summer. Nor have the 
conveyors, the crushers, the concentrators and the grinders. And most of the 
320 workers who carved out a living extracting copper, molybdenum and silver 
from the 600-foot deep Continental Pit have sca",ca.team@enron.com,jennifer.rudolph@enron.com,0.7,high,urgent/critical language (+0.24); direct 1:1 email (+0.05); strongly negative/distressed sentiment (+0.15),ham,0.1813,Other,-0.783,0.2,low,False
