file,subject,body,to,from,spam_label,spam_conf,category_label,true_category,vader_compound,true_priority,true_bucket
T1-W-L1,Notes from the Alderleaf Health onboarding call,"Sharing notes from this morning's onboarding call for the new EHR vendor. Nothing needs action, just archiving for reference.",team@alderleafhealth.com,ops@alderleafhealth.com,ham,0.1485,Work,Work,0.421,0.18,low
T1-W-L2,Menu update for next month - Union Street Cafe,"Rotating in a couple new seasonal items next month, chef will share the tasting schedule when it's ready. No rush on anything from your end.",staff@unionstreetcafe.com,manager@unionstreetcafe.com,ham,0.156,Work,Work,0.361,0.16,low
T1-W-L3,Fenwick & Cole - library subscription renewed,Just confirming the legal research database subscription auto-renewed for another year. No action needed on anyone's part.,attorneys@fenwickcole.com,admin@fenwickcole.com,ham,0.1999,Work,Work,-0.178,0.14,low
T1-W-L4,Great turnout at the open house,"Just wanted to say the open house went really well yesterday, lots of good feedback from families. Thanks everyone for helping out.",staff@maplegroveschools.org,principal@maplegroveschools.org,ham,0.1129,Personal,Work,0.926,0.15,low
T1-W-L5,Ferro Manufacturing - shift schedule for next month posted,"Next month's shift schedule is posted on the board and in the portal. Same rotation as usual, nothing's changed.",floor-staff@ferromfg.com,scheduling@ferromfg.com,ham,0.132,Work,Work,0.0,0.17,low
T1-W-L6,Cascade Nonprofit Alliance - volunteer thank you,"Wanted to send a quick thank you to everyone who volunteered at the food drive this weekend, it made a real difference. No reply needed.",volunteers@cascadealliance.org,coordinator@cascadealliance.org,ham,0.1467,Personal,Work,0.421,0.13,low
T1-W-L7,Solstice Robotics - lab cleaned and restocked,"FYI the materials lab was restocked and cleaned over the weekend, should be good to go for whenever you need it next.",rd-team@solsticerobotics.com,facilities@solsticerobotics.com,ham,0.1214,Personal,Work,0.572,0.16,low
T1-W-L8,Larkspur Realty - new listing photos are in,"Photos from the shoot on Elm Street came back, they're in the shared drive whenever you want to take a look.",agents@larkspurrealty.com,marketing@larkspurrealty.com,ham,0.1607,Personal,Work,0.077,0.19,low
T1-W-L9,Nimbus Retail - Q2 sales recap deck,"Attaching the Q2 recap deck for anyone who wants to reference it, nothing new here that wasn't in the meeting.",regional-managers@nimbusretail.com,analytics@nimbusretail.com,ham,0.1274,Work,Work,0.0,0.18,low
T1-W-L10,BrightPath Consulting - office plants watered,"Just a heads up the office plant service came by today, everything's set for the next few weeks.",office@brightpathconsulting.com,admin@brightpathconsulting.com,ham,0.1561,Work,Work,0.0,0.12,low
T1-W-L11,nice work on the demo,"hey, just wanted to say the client demo yesterday went really smoothly, good job. no need to reply, just wanted you to know.",dev@solsticerobotics.com,teamlead@solsticerobotics.com,ham,0.1248,Personal,Work,0.583,0.16,low
T1-W-M1,Can you review the intake form draft?,"Whenever you get a chance this week, could you take a look at the new patient intake form draft and flag anything unclear?",nurse.lead@alderleafhealth.com,admin@alderleafhealth.com,ham,0.1452,Work,Work,0.0,0.4,medium
T1-W-M2,Need your sign-off on the catering order by Wednesday,"We need to place the catering order for the fundraiser by Wednesday, can you approve the final headcount before then?",events@cascadealliance.org,coordinator@cascadealliance.org,ham,0.1402,Personal,Work,0.0,0.44,medium
T1-W-M3,Please confirm your availability for the site visit,Can you confirm if you're available for the client site visit next week? Need to lock in the schedule soon.,engineer@ferromfg.com,pm@ferromfg.com,ham,0.1722,Work,Work,0.318,0.42,medium
T1-W-M4,Parent conference sign-ups need review,Could you look over the parent-teacher conference sign-up sheet this week and let me know if any time slots need adjusting?,teacher@maplegroveschools.org,office@maplegroveschools.org,ham,0.1005,Work,Work,0.0,0.39,medium
T1-W-M5,Draft contract for the Elm Street listing,"Attached the draft listing agreement, could you review and send comments back sometime before Friday's meeting?",broker@larkspurrealty.com,agent@larkspurrealty.com,ham,0.0867,Work,Work,0.494,0.41,medium
T1-W-M6,Following up on the vendor comparison,Circling back on the vendor comparison spreadsheet - any chance you can finish your section by end of week?,procurement@brightpathconsulting.com,lead@brightpathconsulting.com,ham,0.1157,Work,Work,0.25,0.43,medium
T1-W-M7,Need input on the store layout change,"We're planning to shift the front-of-store layout next month, could use your input before we finalize, no huge rush but soon would help.",store-manager@nimbusretail.com,regional@nimbusretail.com,ham,0.1789,Work,Work,0.471,0.38,medium
T1-W-M8,Please review the associate's draft brief,Could you review the draft brief before it goes to the client on Thursday? Want your notes in the next couple days.,partner@fenwickcole.com,associate@fenwickcole.com,ham,0.1185,Work,Work,0.382,0.45,medium
T1-W-M9,Reminder: submit your firmware test results,Just following up - could you send over the firmware test results sometime this week? Need them before we move to the next sprint.,qa@solsticerobotics.com,lead@solsticerobotics.com,ham,0.1638,Work,Work,0.0,0.4,medium
T1-W-M10,Shift swap request - need approval,Could you approve my shift swap for next Tuesday when you get a chance? Trying to confirm with the other person soon.,scheduling@ferromfg.com,employee@ferromfg.com,ham,0.1173,Work,Work,0.625,0.37,medium
T1-W-M11,need your notes on the grant application,"hey, could you send over your section of the grant application sometime this week? deadline to submit internally is coming up soon-ish.",grants@cascadealliance.org,writer@cascadealliance.org,ham,0.1508,Work,Work,0.612,0.42,medium
T1-W-H1,Patient transfer needs approval right now,"We have a patient who needs to be transferred immediately, I need your sign-off on the transfer paperwork in the next few minutes.",dr.chen@alderleafhealth.com,charge.nurse@alderleafhealth.com,ham,0.1853,Work,Work,0.477,0.9,high
T1-W-H2,Kitchen fire suppression system went off,"The fire suppression system just triggered in the kitchen, everyone's out safely but we need the fire department contact and the owner on the phone now.",owner@unionstreetcafe.com,manager@unionstreetcafe.com,ham,0.1707,Work,Work,-0.527,0.93,high
T1-W-H3,Court filing window closes at 5pm today,"We cannot miss the filing window today, it closes at 5pm. I need the signed affidavit back from you within the hour.",associate@fenwickcole.com,partner@fenwickcole.com,ham,0.1294,Work,Work,0.114,0.92,high
T1-W-H4,Student went missing during the field trip,"One of the students isn't with the group and we can't locate them, we need the school office to call the parents immediately.",office@maplegroveschools.org,teacher@maplegroveschools.org,ham,0.119,Work,Work,-0.296,0.95,high
T1-W-H5,Buyer wants to withdraw the offer today,The buyer is threatening to pull out of the deal today unless we get the inspection report to them in the next hour. Need your help now.,broker@larkspurrealty.com,agent@larkspurrealty.com,ham,0.1639,Work,Work,-0.178,0.85,high
T1-W-H6,"Client is furious, needs a call in the next 15 minutes","The client just called extremely upset about the missed milestone, they want someone on the phone in the next 15 minutes or they're pulling the contract.",account-lead@brightpathconsulting.com,associate@brightpathconsulting.com,ham,0.1863,Work,Work,-0.817,0.88,high
T1-W-H7,POS system is down at all three stores,"All three registers are down company-wide right now, customers can't check out. Need IT on this immediately.",it@nimbusretail.com,ops@nimbusretail.com,ham,0.2051,Work,Work,0.0,0.91,high
T1-W-H8,Someone's hand is caught in the press,"There's been an accident on the floor, someone's hand is caught in the press. Call 911 and get maintenance down here right now.",safety@ferromfg.com,floor-supervisor@ferromfg.com,ham,0.1366,Work,Work,0.511,0.98,high
T1-W-H9,Robot arm malfunctioned during the live customer demo,"The robot arm just malfunctioned mid-demo in front of the client, need an engineer on the call right now before they walk.",engineering@solsticerobotics.com,sales@solsticerobotics.com,ham,0.1555,Work,Work,0.0,0.83,high
T1-W-H10,Grant deadline moved up to tonight,Just heard the funder moved the deadline up to tonight at midnight instead of next week. We need the final draft from you within the next few hours.,writer@cascadealliance.org,director@cascadealliance.org,ham,0.1286,Personal,Work,0.361,0.87,high
T1-W-H11,need this now,"need the signed release from you in the next ten minutes or we miss the broadcast window, please call me",associate@fenwickcole.com,partner@fenwickcole.com,ham,0.1759,Work,Work,0.178,0.86,high
T1-W-H12,911,"come to the loading dock now, forklift tipped over",safety@ferromfg.com,floor-supervisor@ferromfg.com,ham,0.1517,Work,Work,0.0,0.97,high
T1-P-L1,found this old photo,"Was cleaning out a drawer and found this old photo of us from high school, thought you'd get a kick out of it. No need to respond.",jess.friend@gmail.com,me@gmail.com,ham,0.1425,Personal,Personal,-0.296,0.14,low
T1-P-L2,grandma's cookie recipe,"Finally typed up grandma's cookie recipe like you asked, attaching it here. No rush trying it out.",cousin@gmail.com,me@gmail.com,ham,0.1328,Personal,Personal,0.077,0.15,low
T1-P-L3,how was the concert,"Saw your story from the concert last night, looked like a blast! Tell me about it whenever, no rush.",roommate@gmail.com,me@gmail.com,ham,0.1391,Personal,Personal,0.077,0.13,low
T1-P-L4,new plant on the windowsill,"Got a new plant for the kitchen windowsill, it's doing surprisingly well so far. Thought I'd share since you always ask about my plants.",bestfriend@gmail.com,me@gmail.com,ham,0.1315,Work,Personal,0.67,0.12,low
T1-P-L5,that show you recommended,"Finally started the show you told me about months ago, really into it now, thanks for the rec. No response needed.",partner@gmail.com,me@gmail.com,ham,0.1352,Work,Personal,0.361,0.16,low
T1-P-L6,sunday morning walk,"Went on a nice long walk this morning, weather was perfect, made me think of our old Sunday routine. Miss those.",sister@gmail.com,me@gmail.com,ham,0.1152,Personal,Personal,0.71,0.15,low
T1-P-L7,random question,"Random, but do you remember the name of that little diner we used to go to as kids? Trying to remember for no real reason.",brother@gmail.com,me@gmail.com,ham,0.1202,Personal,Personal,-0.421,0.17,low
T1-P-L8,lol you have to see this,"lol my cat just knocked an entire plant off the shelf, sending you the video, no context needed just enjoy",bestfriend@gmail.com,me@gmail.com,ham,0.1529,Work,Personal,0.793,0.11,low
T1-P-L9,thinking of grandpa today,"Just been thinking about grandpa a lot today, no particular reason, wanted to share that with someone who'd understand.",uncle@gmail.com,me@gmail.com,ham,0.1665,Personal,Personal,0.0,0.18,low
T1-P-L10,new haircut,"Got a haircut today, feeling good about it, attaching a picture because why not. No need to respond, just wanted to share.",friend@gmail.com,me@gmail.com,ham,0.1611,Work,Personal,0.757,0.13,low
T1-P-L11,miss you,"hey just thinking about you today, hope things are good over there, no need to write back right away",collegefriend@gmail.com,me@gmail.com,ham,0.1627,Personal,Personal,0.459,0.14,low
T1-P-M1,can you watch the dog next weekend?,Would you be able to watch the dog next weekend while we're out of town? Let me know soon so I can figure out a backup if not.,neighbor@gmail.com,me@gmail.com,ham,0.1079,Work,Personal,0.0,0.41,medium
T1-P-M2,need to figure out thanksgiving,"We should figure out Thanksgiving plans soon, are you hosting again this year or should we? Would help to know in the next week or two.",sister@gmail.com,me@gmail.com,ham,0.1282,Work,Personal,0.402,0.38,medium
T1-P-M3,rent split for next month,Can we sort out the rent split before the end of the month? Want to make sure we're both clear before it's due.,roommate@gmail.com,me@gmail.com,ham,0.1484,Work,Personal,0.637,0.44,medium
T1-P-M4,can you send the group photo?,Could you send me the group photo from the reunion when you get a chance? Want to get prints made before the holidays.,cousin@gmail.com,me@gmail.com,ham,0.1453,Personal,Personal,0.599,0.36,medium
T1-P-M5,need to talk about the lease,"We should talk about whether we're renewing the lease, landlord wants an answer in the next couple weeks. Can we grab coffee this week to discuss?",partner@gmail.com,me@gmail.com,ham,0.1191,Work,Personal,0.0,0.43,medium
T1-P-M6,borrowing the car this weekend?,Any chance I could borrow your car this weekend? Mine's in the shop. Let me know soon so I can make other plans if not.,friend@gmail.com,me@gmail.com,ham,0.1099,Personal,Personal,0.25,0.39,medium
T1-P-M7,mom's doctor appointment - can you come?,"Mom has a follow-up appointment next week and I think it'd help to have both of us there, are you free that day?",brother@gmail.com,me@gmail.com,ham,0.1589,Personal,Personal,0.718,0.45,medium
T1-P-M8,wedding RSVP - need your answer soon,"Hey, we need final headcounts for the caterer soon, can you send your RSVP this week? No worries either way, just need to know.",collegefriend@gmail.com,me@gmail.com,ham,0.1459,Work,Personal,0.325,0.42,medium
T1-P-M9,can we reschedule game night,"Something came up, can we move game night to next week instead? Let me know what day works for everyone.",friend@gmail.com,me@gmail.com,ham,0.0882,Personal,Personal,0.0,0.34,medium
T1-P-M10,need a favor before I move,"I'm moving in a couple weeks and could really use a hand packing up the garage sometime before then, any chance you're free one of these days?",bestfriend@gmail.com,me@gmail.com,ham,0.1716,Personal,Personal,0.888,0.4,medium
T1-P-M11,need an answer on the trip soon,"hey, flights are getting more expensive, need to know if you're in for the trip by this weekend so I can book",collegefriend@gmail.com,me@gmail.com,ham,0.1157,Work,Personal,0.0,0.43,medium
T1-P-H1,"mom fell, we're at the ER","Mom fell down the stairs, we're at the ER right now, please call me as soon as you get this.",sibling@gmail.com,me@gmail.com,ham,0.1443,Personal,Personal,0.318,0.96,high
T1-P-H2,the baby's fever won't go down,"The baby's fever is at 104 and not coming down with medicine, we're heading to urgent care, please call me the second you see this.",partner@gmail.com,me@gmail.com,ham,0.1481,Work,Personal,0.875,0.97,high
T1-P-H3,pipe burst in the basement,"A pipe just burst in the basement and it's flooding fast, I need help right now, can you come over immediately.",neighbor@gmail.com,me@gmail.com,ham,0.1784,Work,Personal,0.402,0.88,high
T1-P-H4,grandpa is in the hospital,"Grandpa was taken to the hospital this morning, doctors are running tests now, will update as soon as I know more, please call when you can.",cousin@gmail.com,me@gmail.com,ham,0.1114,Work,Personal,0.38,0.9,high
T1-P-H5,"lost my wallet and keys, locked out","I lost my wallet and keys somewhere downtown and I'm locked out of the apartment, can you come let me in right now?",roommate@gmail.com,me@gmail.com,ham,0.1384,Work,Personal,-0.557,0.75,high
T1-P-H6,dog got out and ran off,"The dog just got out through the fence and took off down the street, I need help looking for him right now.",neighbor@gmail.com,me@gmail.com,ham,0.153,Work,Personal,0.402,0.82,high
T1-P-H7,"fender bender, everyone's okay","Got in a small accident on the way home, everyone's okay but the car's not driveable, can you come pick me up right now?",partner@gmail.com,me@gmail.com,ham,0.1572,Personal,Personal,-0.039,0.78,high
T1-P-H8,power's out and the sump pump stopped,"Power just went out and the sump pump stopped, basement's going to flood if it's not back on soon, do you know anyone who can help right now?",brother@gmail.com,me@gmail.com,ham,0.1097,Work,Personal,-0.026,0.8,high
T1-P-H9,"having chest pains, going to the ER","I've been having chest pains for the last hour, heading to the ER now, can you meet me there?",partner@gmail.com,me@gmail.com,ham,0.1291,Personal,Personal,-0.681,0.99,high
T1-P-H10,need you right now,"i really need you to call me right now, something happened and i don't want to be alone",bestfriend@gmail.com,me@gmail.com,ham,0.1855,Personal,Personal,-0.178,0.85,high
T1-P-H11,call now,"call me now, it's about dad",sibling@gmail.com,me@gmail.com,ham,0.1487,Personal,Personal,0.0,0.94,high
T1-P-H12,smoke in the hallway,"i smell smoke in the hallway and the alarm just went off, getting everyone out now, call me when you can",roommate@gmail.com,me@gmail.com,ham,0.1399,Personal,Personal,-0.34,0.95,high
T1-O-L1,Your Larkspur Realty market report is ready,"This month's local market report is ready to view online, covers recent sales trends in your area.",subscriber@gmail.com,reports@larkspurrealty.com,ham,0.1997,Work,Other,0.612,0.16,low
T1-O-L2,Maple Grove PTA newsletter - October,"This month's PTA newsletter covers the book fair, staff appreciation week, and upcoming volunteer opportunities.",parents@maplegroveschools.org,pta@maplegroveschools.org,ham,0.1369,Work,Other,0.802,0.15,low
T1-O-L3,Your Nimbus Retail loyalty points summary,You've earned 340 points this quarter. Check your account anytime to see rewards you can redeem.,customer@gmail.com,rewards@nimbusretail.com,ham,0.1383,Work,Other,0.765,0.13,low
T1-O-L4,Alumni association fall gathering recap,"Thanks to everyone who came out to the fall gathering, photos are posted on the alumni portal whenever you'd like to browse.",alumni@stateuniv.edu,events@stateuniv-alumni.org,ham,0.1152,Work,Other,0.66,0.14,low
T1-O-L5,Community garden plot availability,"A few plots opened up for next season, no rush to decide, sign-ups stay open through the spring.",residents@fernwoodhoa.org,garden@fernwoodhoa.org,ham,0.1304,Work,Other,-0.296,0.17,low
T1-O-L6,Your streaming service - new season available,A new season of a show you watched is now available. Check it out whenever you're in the mood.,viewer@gmail.com,notify@streamflix.com,ham,0.1736,Personal,Other,0.0,0.12,low
T1-O-L7,Church bulletin for this Sunday,"This week's bulletin is attached, covers the sermon topic and upcoming fellowship events. See you whenever you can make it.",congregation@rivercommunitychurch.org,office@rivercommunitychurch.org,ham,0.1257,Personal,Other,0.0,0.15,low
T1-O-L8,Your utility usage report for last month,"Your household used slightly less energy than last month, nice work. No action needed, just an FYI.",customer@gmail.com,usage@cityutilities.gov,ham,0.1455,Work,Other,0.446,0.14,low
T1-O-L9,Gym class schedule update for next month,"A couple class times are shifting slightly next month, updated schedule is on the app whenever you want to check.",members@ironoakgym.com,frontdesk@ironoakgym.com,ham,0.1485,Work,Other,0.077,0.16,low
T1-O-L10,Your insurance policy summary is available,"Your annual policy summary is ready to view online. Nothing has changed, this is just the yearly recap.",policyholder@gmail.com,documents@shieldinsurance.com,ham,0.1557,Work,Other,0.361,0.13,low
T1-O-L11,Book club pick for next month,"Next month's pick is out, no pressure to finish it in time, we always end up chatting about other stuff anyway.",members@fernwoodhoa.org,bookclub@fernwoodhoa.org,ham,0.1349,Work,Other,0.224,0.18,low
T1-O-L12,thanks for coming to the tasting,"thanks so much for coming out to the wine tasting last night, hope you had fun, hope to see you at the next one",member@vinecrestwinery.com,events@vinecrestwinery.com,ham,0.0902,Personal,Other,0.931,0.15,low
T1-O-M1,Please confirm your annual checkup,"Your annual checkup is coming up in the next couple weeks, please confirm you'll be attending or call to reschedule.",patient@gmail.com,scheduling@alderleafhealth.com,ham,0.1288,Work,Other,0.557,0.37,medium
T1-O-M2,HOA dues due soon,"Quarterly HOA dues are due by the end of next week, please submit payment through the portal to avoid a late fee.",residents@fernwoodhoa.org,treasurer@fernwoodhoa.org,ham,0.1595,Work,Other,0.026,0.42,medium
T1-O-M3,Your car's registration expires this month,"Reminder that your vehicle registration expires at the end of this month, please renew before then to avoid a fine.",driver@gmail.com,notices@dmv.gov,ham,0.1532,Work,Other,0.226,0.44,medium
T1-O-M4,Please RSVP for the alumni reunion,"We need a headcount for catering soon, please RSVP by the end of the week if you're planning to attend the reunion.",alumni@stateuniv.edu,events@stateuniv-alumni.org,ham,0.1271,Work,Other,0.557,0.38,medium
T1-O-M5,Membership renewal needed soon,"Your gym membership is up for renewal in two weeks, please update your payment info so you don't lose access.",member@ironoakgym.com,billing@ironoakgym.com,ham,0.1896,Work,Other,-0.103,0.4,medium
T1-O-M6,Action needed: policy document signature,We need your signature on the updated policy document within the next week to keep your coverage active.,policyholder@gmail.com,underwriting@shieldinsurance.com,ham,0.1398,Work,Other,0.402,0.45,medium
T1-O-M7,Package requires signature - reschedule needed,We attempted delivery but a signature was required and no one was available. Please reschedule within the next few days.,customer@gmail.com,delivery@swiftship.com,ham,0.1843,Work,Other,0.039,0.36,medium
T1-O-M8,Please update your emergency contact info,"It's been a while since your emergency contact info was updated on file, could you confirm it's still correct sometime this week?",patient@gmail.com,records@alderleafhealth.com,ham,0.1121,Work,Other,-0.44,0.35,medium
T1-O-M9,Water shutoff notice for maintenance,"Water will be shut off for scheduled maintenance next week for a few hours, please plan accordingly.",residents@fernwoodhoa.org,maintenance@cityutilities.gov,ham,0.1226,Work,Other,0.318,0.41,medium
T1-O-M10,Your flight itinerary has changed slightly,"Your departure gate has changed for next week's flight, please review the updated itinerary before you travel.",traveler@gmail.com,itinerary@skywingair.com,ham,0.1124,Work,Other,0.318,0.39,medium
T1-O-M11,need you to confirm the pledge amount,could you confirm your pledge amount for the building fund sometime this week? want to finalize the total before the board meets,congregation@rivercommunitychurch.org,office@rivercommunitychurch.org,ham,0.1502,Personal,Other,0.077,0.37,medium
T1-O-H1,Boil water advisory in effect immediately,A boil water advisory is now in effect for your area due to a main break. Do not drink tap water until further notice.,residents@fernwoodhoa.org,alerts@cityutilities.gov,ham,0.144,Other,Other,0.0,0.9,high
T1-O-H2,Your policy will lapse tonight without payment,Your insurance payment failed and coverage lapses at midnight tonight unless it's resolved. Please call immediately.,policyholder@gmail.com,billing@shieldinsurance.com,ham,0.1579,Personal,Other,-0.077,0.82,high
T1-O-H3,Flight cancelled - rebooking required today,"Your flight tomorrow has been cancelled. Please rebook today, seats on alternate flights are limited.",traveler@gmail.com,alerts@skywingair.com,ham,0.1604,Other,Other,-0.382,0.78,high
T1-O-H4,Gas leak reported in your building,A gas leak has been reported in your building. Evacuate immediately and do not use any electrical switches.,residents@fernwoodhoa.org,safety@cityutilities.gov,ham,0.1291,Work,Other,-0.586,0.99,high
T1-O-H5,Abnormal test result - please call us today,We received a test result that needs to be discussed right away. Please call the office as soon as possible today.,patient@gmail.com,results@alderleafhealth.com,ham,0.1599,Work,Other,0.557,0.93,high
T1-O-H6,Severe storm approaching your area,A severe storm with damaging winds is expected to hit your area within the hour. Secure loose items and take shelter.,residents@fernwoodhoa.org,alerts@weatherservice.gov,ham,0.1456,Other,Other,-0.813,0.88,high
T1-O-H7,Fraud alert - unusual charge on your card,"We detected a large, unusual charge on your account just now. If this wasn't you, please call us immediately to freeze the card.",cardholder@gmail.com,fraud@shieldbank.com,ham,0.2039,Personal,Other,-0.026,0.85,high
T1-O-H8,call us right away,"please call the office right away, it's about your recent visit, we need to speak with you today",patient@gmail.com,nurse@alderleafhealth.com,ham,0.1849,Work,Other,0.318,0.89,high
T1-O-H9,evacuation notice,"wildfire is approaching the area, evacuation ordered for your zone effective immediately, leave now",residents@fernwoodhoa.org,alerts@weatherservice.gov,ham,0.1508,Other,Other,0.44,0.99,high
T2-W-L1,Pixelforge Studios - sprint retro notes,"Notes from yesterday's retro are in the wiki, nothing controversial came up, just archiving for the record.",dev-team@pixelforgestudios.com,scrum@pixelforgestudios.com,ham,0.1354,Personal,Work,0.151,0.17,low
T2-W-L2,Willowbrook Vet - new exam room furniture arrived,"The new furniture for exam room 3 arrived and is set up. No action needed, just letting everyone know.",staff@willowbrookvet.com,office@willowbrookvet.com,ham,0.1339,Personal,Work,-0.296,0.15,low
T2-W-L3,Ironclad Builders - safety training completed,"This quarter's safety training session wrapped up yesterday, certificates are filed. Nothing further needed from the crew.",crew@ironcladbuilders.com,safety@ironcladbuilders.com,ham,0.1309,Work,Work,0.681,0.16,low
T2-W-L4,Bluewave Marketing - client testimonial posted,"Posted the new client testimonial to the site, looks great. Thought the team would like to see it.",team@bluewavemarketing.com,content@bluewavemarketing.com,ham,0.1463,Personal,Work,0.765,0.14,low
T2-W-L5,Sunnyside Daycare - art supplies restocked,"Art supplies got restocked this week, thanks to whoever put in the order. All set for the month.",teachers@sunnysidedaycare.com,director@sunnysidedaycare.com,ham,0.1324,Work,Work,0.44,0.13,low
T2-W-L6,Timber Auto Repair - new diagnostic tool arrived,"The new diagnostic scanner came in today, it's set up at bay 2 whenever anyone wants to try it out.",mechanics@timberautorepair.com,shop-manager@timberautorepair.com,ham,0.1558,Personal,Work,0.0,0.17,low
T2-W-L7,Crestview Inn - great reviews this week,"We got a few really nice reviews this week mentioning the front desk team by name, wanted to share the good news.",staff@crestviewinn.com,gm@crestviewinn.com,ham,0.1247,Work,Work,0.906,0.15,low
T2-W-L8,Riverside Theater Co - set pieces in storage,"Moved last season's set pieces into the storage unit, all labeled. FYI for whenever we plan the next show.",crew@riversidetheaterco.org,stage-manager@riversidetheaterco.org,ham,0.1057,Work,Work,0.202,0.16,low
T2-W-L9,Golden Acres Farm - irrigation check went fine,"Ran the irrigation check this morning, everything's working as expected. Nothing to report otherwise.",crew@goldenacresfarm.com,foreman@goldenacresfarm.com,ham,0.1347,Work,Work,0.202,0.14,low
T2-W-L10,Cipher Systems - new coffee machine in the break room,"New coffee machine is up and running in the break room, previous one finally gave out. Enjoy.",staff@ciphersystems.com,office-manager@ciphersystems.com,ham,0.1255,Personal,Work,0.494,0.12,low
T2-W-L11,good job this week,"just wanted to say the team really pulled together this week, nice work all around, no reply needed",dev-team@pixelforgestudios.com,scrum@pixelforgestudios.com,ham,0.1185,Work,Work,0.542,0.15,low
T2-W-M1,Need your review on the new hire's code,Could you review the new hire's first PR sometime this week? Want to give feedback before their next sprint starts.,senior-dev@pixelforgestudios.com,manager@pixelforgestudios.com,ham,0.1502,Work,Work,0.077,0.39,medium
T2-W-M2,Please confirm the surgery schedule for next week,Could you confirm you're available for next week's scheduled surgeries? Need to finalize the calendar soon.,dr.patel@willowbrookvet.com,scheduling@willowbrookvet.com,ham,0.1123,Work,Work,0.318,0.41,medium
T2-W-M3,Permit paperwork needs your signature,"The building permit paperwork needs your signature before we can submit it, could you swing by the office this week?",foreman@ironcladbuilders.com,pm@ironcladbuilders.com,ham,0.1336,Work,Work,0.0,0.43,medium
T2-W-M4,Client wants revised ad copy this week,"The client asked for revised ad copy, could you get a draft together sometime before Thursday's check-in?",copywriter@bluewavemarketing.com,account-mgr@bluewavemarketing.com,ham,0.1331,Work,Work,0.0,0.4,medium
T2-W-M5,Need updated enrollment forms,"A couple families still need to submit updated enrollment forms, could you follow up with them this week?",admin@sunnysidedaycare.com,director@sunnysidedaycare.com,ham,0.1394,Work,Work,0.0,0.37,medium
T2-W-M6,Parts order needs approval,"The parts order for next week's jobs needs your approval, could you look it over sometime today or tomorrow?",shop-manager@timberautorepair.com,parts-desk@timberautorepair.com,ham,0.1629,Work,Work,0.735,0.42,medium
T2-W-M7,Need the banquet setup confirmed,Could you confirm the banquet hall setup for next weekend's event sometime this week? Vendor needs a final headcount soon.,events@crestviewinn.com,gm@crestviewinn.com,ham,0.1136,Work,Work,0.0,0.44,medium
T2-W-M8,Need your notes on the script revisions,Could you send your notes on the second act revisions sometime this week? Rehearsal schedule depends on it.,director@riversidetheaterco.org,playwright@riversidetheaterco.org,ham,0.1363,Work,Work,0.0,0.38,medium
T2-W-M9,Need the harvest schedule finalized,Could we finalize the harvest schedule for next week sometime in the next couple days? Need to line up the crew.,foreman@goldenacresfarm.com,owner@goldenacresfarm.com,ham,0.1476,Work,Work,0.0,0.4,medium
T2-W-M10,Need sign-off on the security patch rollout,Could you review and approve the patch rollout plan sometime this week? Want to schedule it before the month is out.,security-lead@ciphersystems.com,engineer@ciphersystems.com,ham,0.1482,Work,Work,0.402,0.43,medium
T2-W-M11,need feedback on the pitch deck,could you take a look at the pitch deck sometime this week? presenting it to the client soon and want another set of eyes,account-mgr@bluewavemarketing.com,designer@bluewavemarketing.com,ham,0.1534,Work,Work,0.077,0.39,medium
T2-W-H1,Production database is being hit by a DDoS attack,"We're seeing a live DDoS attack against production right now, need the security team on the incident call immediately.",security-lead@ciphersystems.com,oncall@ciphersystems.com,ham,0.1605,Work,Work,-0.586,0.94,high
T2-W-H2,"Dog is coding, need the vet now","A dog just went into respiratory distress in the waiting room, need Dr. Patel back here immediately, this can't wait.",dr.patel@willowbrookvet.com,tech@willowbrookvet.com,ham,0.1603,Work,Work,-0.527,0.97,high
T2-W-H3,Scaffolding just collapsed on site,"Scaffolding collapsed on the east side of the site, need everyone off the floor and 911 called right now.",foreman@ironcladbuilders.com,crew-lead@ironcladbuilders.com,ham,0.1763,Personal,Work,-0.494,0.99,high
T2-W-H4,Campaign went live with the wrong pricing,"The ad campaign just went live with the wrong pricing, it's already getting clicks, need this pulled down immediately.",account-mgr@bluewavemarketing.com,analyst@bluewavemarketing.com,ham,0.1563,Work,Work,-0.735,0.86,high
T2-W-H5,Child is missing from the playground,"We can't find one of the kids on the playground, need all hands searching right now and the parents called immediately.",director@sunnysidedaycare.com,teacher@sunnysidedaycare.com,ham,0.1738,Personal,Work,-0.296,0.98,high
T2-W-H6,Car caught fire on the lift,"A customer's car just caught fire while up on the lift, everyone's clear but need the fire department called now.",shop-manager@timberautorepair.com,mechanic@timberautorepair.com,ham,0.1628,Work,Work,-0.572,0.97,high
T2-W-H7,Guest collapsed in the lobby,"A guest just collapsed in the lobby, we've called 911 but need the on-duty manager down here right now.",gm@crestviewinn.com,frontdesk@crestviewinn.com,ham,0.1505,Work,Work,-0.25,0.96,high
T2-W-H8,Lead actor injured during rehearsal,"The lead actor just took a bad fall during blocking, we've called for help, need you at the theater right now.",director@riversidetheaterco.org,stage-manager@riversidetheaterco.org,ham,0.1343,Work,Work,-0.727,0.9,high
T2-W-H9,"Frost warning tonight, need crew now","Unexpected frost warning just came in for tonight, need the crew out covering the fields within the hour or we lose the crop.",crew@goldenacresfarm.com,owner@goldenacresfarm.com,ham,0.1513,Personal,Work,-0.758,0.89,high
T2-W-H10,Client data may have been exposed,"We think client data may have been exposed in the last deploy, need the security team investigating immediately, this is not a drill.",security-lead@ciphersystems.com,cto@ciphersystems.com,ham,0.134,Work,Work,0.202,0.99,high
T2-W-H11,need you at the site now,"get to the site right now, someone fell off the scaffolding, ambulance is on the way",foreman@ironcladbuilders.com,crew-lead@ironcladbuilders.com,ham,0.1992,Personal,Work,0.0,0.98,high
T2-W-H12,call me right now,"call me right now, the animal is crashing and we need you back here immediately",dr.patel@willowbrookvet.com,tech@willowbrookvet.com,ham,0.2181,Work,Work,0.0,0.96,high
T2-P-L1,aunt carol's garden is huge this year,"Aunt Carol's tomatoes are out of control this year, she sent me way too many, thought you'd enjoy hearing about it.",nephew@gmail.com,me@gmail.com,ham,0.1384,Work,Personal,0.67,0.14,low
T2-P-L2,found our old dorm photos,"Was going through boxes and found photos from our dorm days, wow we looked young. Sending a few over.",exroommate@gmail.com,me@gmail.com,ham,0.1486,Personal,Personal,0.586,0.15,low
T2-P-L3,thanks for the advice last month,"Just wanted to say the advice you gave me last month really helped, things worked out well. No need to reply.",mentor@gmail.com,me@gmail.com,ham,0.1294,Work,Personal,0.421,0.16,low
T2-P-L4,the kid next door is hilarious,"The neighbor's kid asked me the funniest question today, had to share it with you, made my whole day.",friend@gmail.com,me@gmail.com,ham,0.1493,Personal,Personal,0.818,0.13,low
T2-P-L5,finally hit my running goal,"Finally hit the running goal we talked about at the gym, felt good to tell someone who'd actually get it.",gymbuddy@gmail.com,me@gmail.com,ham,0.143,Personal,Personal,0.44,0.17,low
T2-P-L6,loved this month's book pick,"Really loved this month's book club pick, excited to talk about it whenever we all get together next.",bookclubfriend@gmail.com,me@gmail.com,ham,0.1421,Personal,Personal,0.888,0.15,low
T2-P-L7,in-laws are visiting next month,"Just found out the in-laws are visiting next month, should be fun, will keep you posted on plans.",spouse-sibling@gmail.com,me@gmail.com,ham,0.1603,Personal,Personal,0.511,0.16,low
T2-P-L8,godson's drawing made me tear up,"Your son drew me a picture and it's now on my fridge, tell him it made my whole week.",godparent-friend@gmail.com,me@gmail.com,ham,0.1513,Personal,Personal,0.0,0.14,low
T2-P-L9,remember this old inside joke,"Saw something today that reminded me of that ridiculous inside joke from years ago, still makes me laugh.",childhoodfriend@gmail.com,me@gmail.com,ham,0.1558,Personal,Personal,0.67,0.13,low
T2-P-L10,new coworker is actually really fun,"The new coworker I mentioned turned out to be really fun, we grabbed lunch today, thought you'd want the update.",workfriend@gmail.com,me@gmail.com,ham,0.1184,Personal,Personal,0.817,0.15,low
T2-P-L11,lol look what the dog did now,"lol the dog dug up half the yard again, sending pics, not even mad anymore honestly",friend@gmail.com,me@gmail.com,ham,0.1425,Personal,Personal,0.881,0.12,low
T2-P-M1,can you help me move the couch this weekend?,"Moving a new couch in this weekend and could use an extra pair of hands, are you free Saturday? Let me know soon.",friend@gmail.com,me@gmail.com,ham,0.1169,Personal,Personal,0.718,0.38,medium
T2-P-M2,need an answer on babysitting next friday,Could you babysit next Friday night? Need to know by Wednesday so I can book a sitter elsewhere if not.,neighbor@gmail.com,me@gmail.com,ham,0.0951,Personal,Personal,0.0,0.42,medium
T2-P-M3,can we talk about splitting mom's care?,"We should talk soon about how to split up helping with mom's care, are you free to call sometime this week?",sibling@gmail.com,me@gmail.com,ham,0.1518,Personal,Personal,0.898,0.44,medium
T2-P-M4,need the number for your contractor,Could you send me your contractor's number sometime this week? Trying to get quotes before the month's out.,workfriend@gmail.com,me@gmail.com,ham,0.1726,Work,Personal,0.153,0.33,medium
T2-P-M5,planning the surprise party details,"We need to lock in the venue for the surprise party soon, can you confirm your part of the plan by this weekend?",friend@gmail.com,me@gmail.com,ham,0.1429,Work,Personal,0.823,0.4,medium
T2-P-M6,need to return your ladder,"I still have your ladder, want it back sometime this week? Happy to drop it off whenever works.",neighbor@gmail.com,me@gmail.com,ham,0.1485,Personal,Personal,0.44,0.3,medium
T2-P-M7,can you write me a reference this week?,Would you be able to write a quick reference letter sometime this week? I need to submit it fairly soon.,mentor@gmail.com,me@gmail.com,ham,0.161,Work,Personal,0.0,0.41,medium
T2-P-M8,need to plan mom and dad's anniversary,"Their anniversary is coming up in a few weeks, want to start planning something together soon so we're not scrambling?",sibling@gmail.com,me@gmail.com,ham,0.1571,Personal,Personal,0.077,0.39,medium
T2-P-M9,can you cover my shift at the co-op,Any chance you could cover my volunteer shift at the co-op this week? Need to know soon so I can find someone else if not.,friend@gmail.com,me@gmail.com,ham,0.1278,Work,Personal,0.25,0.37,medium
T2-P-M10,need help deciding on the apartment,"Torn between two apartments and need to decide by the weekend, could we talk it through sometime soon?",bestfriend@gmail.com,me@gmail.com,ham,0.1355,Work,Personal,0.178,0.36,medium
T2-P-M11,need your part of the gift money soon,"hey, ordering the group gift this week, can you send your share sometime before friday?",workfriend@gmail.com,me@gmail.com,ham,0.1762,Personal,Personal,0.791,0.34,medium
T2-P-H1,dad collapsed at home,"Dad just collapsed at home, ambulance is on the way, please call me the second you see this.",sibling@gmail.com,me@gmail.com,ham,0.1776,Personal,Personal,-0.226,0.99,high
T2-P-H2,"my son isn't breathing right, calling 911","My son is having trouble breathing, I'm calling 911 now, please come to the house as soon as you can.",spouse-sibling@gmail.com,me@gmail.com,ham,0.1742,Personal,Personal,-0.103,0.99,high
T2-P-H3,"kitchen fire, everyone's out","There's a fire in the kitchen, we're all out of the house safely but need the fire department and you here right away.",neighbor@gmail.com,me@gmail.com,ham,0.1748,Work,Personal,-0.527,0.97,high
T2-P-H4,mentor had a stroke,"Just heard my mentor had a stroke and is in the hospital, please call me when you get a chance, I need to talk to someone.",mentor@gmail.com,me@gmail.com,ham,0.1338,Work,Personal,0.511,0.85,high
T2-P-H5,"car went off the road, I'm okay but need help","I slid off the road in the storm, I'm okay but the car's stuck and I'm freezing, can you come get me right now?",friend@gmail.com,me@gmail.com,ham,0.1587,Work,Personal,0.502,0.88,high
T2-P-H6,basement is filling with water fast,"Basement is filling with water fast from the storm, I can't keep up bailing it out, can you come help right now?",neighbor@gmail.com,me@gmail.com,ham,0.1681,Work,Personal,0.402,0.81,high
T2-P-H7,think I'm having an allergic reaction,"My face is swelling up and I don't know why, I think I'm having a reaction, can you come now or tell me what to do.",bestfriend@gmail.com,me@gmail.com,ham,0.132,Personal,Personal,-0.296,0.94,high
T2-P-H8,landlord is trying to change the locks today,"Landlord just showed up saying he's changing the locks today, this feels illegal, can you call me right now, I need advice.",workfriend@gmail.com,me@gmail.com,ham,0.1575,Personal,Personal,-0.557,0.79,high
T2-P-H9,"the baby is coming, heading to the hospital","Water just broke, we're heading to the hospital right now, get here as soon as you can.",spouse-sibling@gmail.com,me@gmail.com,ham,0.1546,Personal,Personal,-0.421,0.98,high
T2-P-H10,please pick up,"please pick up the phone, it's an emergency, call me back the second you see this",sibling@gmail.com,me@gmail.com,ham,0.1479,Work,Personal,0.25,0.9,high
T2-P-H11,need you now,"i really need you right now, please just call, i'll explain when you call",bestfriend@gmail.com,me@gmail.com,ham,0.1527,Work,Personal,0.318,0.83,high
T2-P-H12,911 dad,"dad's not responding, ambulance coming, please come now",sibling@gmail.com,me@gmail.com,ham,0.15,Personal,Personal,0.318,0.99,high
T2-O-L1,Your pharmacy loyalty points update,"You've earned points on recent purchases, no action needed, just an update on your account.",customer@gmail.com,rewards@wellspringpharmacy.com,ham,0.135,Work,Other,0.318,0.13,low
T2-O-L2,Library new arrivals this month,"New titles just arrived in the mystery and history sections, browse online whenever you're curious.",patrons@cityLibrary.org,newsletter@citylibrary.org,ham,0.1848,Other,Other,0.318,0.14,low
T2-O-L3,Museum member spotlight - new exhibit preview,"A sneak preview of next season's exhibit is up on the members' portal, take a look whenever you have time.",members@artcitymuseum.org,membership@artcitymuseum.org,ham,0.1477,Work,Other,0.0,0.16,low
T2-O-L4,Your service department visit summary,"Here's a summary of your recent visit and what was done. No action needed, just for your records.",customer@gmail.com,service@crestlinemotors.com,ham,0.1969,Personal,Other,-0.296,0.12,low
T2-O-L5,Your internet plan - no changes needed,"Just confirming your plan renewed at the same rate as before, nothing you need to do.",customer@gmail.com,billing@clearlinkisp.com,ham,0.167,Work,Other,-0.296,0.15,low
T2-O-L6,Your mobile plan usage summary,"You used less data than usual this month, nice. No action needed, just an FYI.",customer@gmail.com,usage@orbitmobile.com,ham,0.1327,Work,Other,0.34,0.13,low
T2-O-L7,Your pet insurance annual summary,"Here's a look back at your pet's coverage this year. Nothing needed from you, just a recap.",policyholder@gmail.com,reports@pawshieldinsurance.com,ham,0.1737,Work,Other,0.0,0.14,low
T2-O-L8,Your food delivery order has arrived,"Your order was delivered, enjoy the meal. No action needed unless something's wrong.",customer@gmail.com,orders@quickbiteapp.com,ham,0.1794,Personal,Other,-0.273,0.11,low
T2-O-L9,Marketplace listing update,"Your listing got a few more views this week, no action needed, just a stat update.",seller@gmail.com,notify@tradepostmarket.com,ham,0.1285,Work,Other,-0.296,0.13,low
T2-O-L10,Financial aid office - FAFSA reminder for next year,"Just a heads up that next year's FAFSA opens in a few months, nothing to do yet, just a heads up.",student@stateuniv.edu,finaid@stateuniv.edu,ham,0.151,Work,Other,0.0,0.16,low
T2-O-L11,City parks department - trail maintenance complete,"The trail maintenance on the north loop finished ahead of schedule, trail's open again for whenever you want to use it.",residents@fernwoodhoa.org,parks@citygov.org,ham,0.1423,Work,Other,0.077,0.15,low
T2-O-L12,credit union rate update - fyi,"just an fyi that savings rates ticked up slightly this month, nothing you need to do, account updates automatically",member@meadowlarkcu.org,notices@meadowlarkcu.org,ham,0.2081,Work,Other,0.34,0.12,low
T2-O-M1,Please confirm your dental cleaning appointment,"Your cleaning is scheduled for next week, please confirm or call to reschedule sometime soon.",patient@gmail.com,scheduling@brightsmiledental.com,ham,0.1217,Work,Other,0.557,0.36,medium
T2-O-M2,Please renew your library card soon,"Your library card expires in a couple weeks, please renew online or in person to keep borrowing privileges.",patron@citylibrary.org,circulation@citylibrary.org,ham,0.1866,Work,Other,0.735,0.34,medium
T2-O-M3,Museum membership expiring soon,"Your membership expires at the end of the month, renew soon to keep access to member events.",member@artcitymuseum.org,membership@artcitymuseum.org,ham,0.1944,Work,Other,0.0,0.35,medium
T2-O-M4,Vehicle recall notice - action needed,"Your vehicle is affected by a recall, please schedule service within the next month to have it addressed.",owner@gmail.com,recalls@crestlinemotors.com,ham,0.1599,Work,Other,0.178,0.44,medium
T2-O-M5,Please update your account before the outage,"We're migrating systems next week, please update your saved payment info before then to avoid service interruption.",customer@gmail.com,notices@clearlinkisp.com,ham,0.167,Work,Other,0.402,0.4,medium
T2-O-M6,"Your plan is changing, review needed","Your current mobile plan is being phased out, please review the new options and select one before next billing cycle.",customer@gmail.com,plans@orbitmobile.com,ham,0.1283,Work,Other,0.318,0.42,medium
T2-O-M7,Pet insurance claim needs more info,"We need a bit more information to process your recent claim, please respond within the next couple weeks.",policyholder@gmail.com,claims@pawshieldinsurance.com,ham,0.2173,Work,Other,0.318,0.38,medium
T2-O-M8,Your delivery driver couldn't find the address,"Your order couldn't be delivered, driver had trouble finding the address, please confirm details so we can retry.",customer@gmail.com,support@quickbiteapp.com,ham,0.2113,Other,Other,-0.103,0.37,medium
T2-O-M9,Buyer has a question about your listing,"Someone's interested in your listing and asked a question, please respond within a few days so they don't move on.",seller@gmail.com,notify@tradepostmarket.com,ham,0.1328,Personal,Other,0.612,0.33,medium
T2-O-M10,Financial aid documents needed soon,"We're still missing a document for your financial aid file, please submit it within the next two weeks to avoid delays.",student@stateuniv.edu,finaid@stateuniv.edu,ham,0.1767,Work,Other,-0.273,0.43,medium
T2-O-M11,park permit needs a follow up,"we need one more form for your park event permit, can you send it sometime this week so we can finalize approval",organizer@gmail.com,parks@citygov.org,ham,0.16,Work,Other,0.477,0.36,medium
T2-O-H1,Your card was declined for a large suspicious charge,"A large charge attempt was blocked on your card just now. If this wasn't you, call us immediately to secure your account.",member@meadowlarkcu.org,fraud@meadowlarkcu.org,ham,0.2093,Personal,Other,-0.296,0.86,high
T2-O-H2,Boil water notice - effective now,"Do not drink tap water until further notice, a contamination issue was detected in your area's supply.",residents@fernwoodhoa.org,alerts@citygov.org,ham,0.1329,Other,Other,0.477,0.91,high
T2-O-H3,Your financial aid is at risk of being cancelled,Your financial aid will be cancelled if a required form isn't submitted by end of day today.,student@stateuniv.edu,finaid@stateuniv.edu,ham,0.186,Work,Other,-0.625,0.8,high
T2-O-H4,Urgent recall - stop driving the vehicle,"This recall affects your brakes and is a safety risk, please stop driving the vehicle and schedule service immediately.",owner@gmail.com,recalls@crestlinemotors.com,ham,0.1782,Work,Other,0.103,0.93,high
T2-O-H5,Internet and phone service down in your area - emergency line info,"All service is down in your area including emergency-line-capable phone service, restoration crews are working on it now, if you have a medical emergency use a neighbor's phone or go to a hospital directly.",customer@gmail.com,alerts@clearlinkisp.com,ham,0.2497,Other,Other,-0.637,0.84,high
T2-O-H6,Abnormal test result on your pet - call now,"Your pet's recent bloodwork came back with a result that needs urgent attention, please call the clinic right away.",policyholder@gmail.com,clinic@pawshieldinsurance.com,ham,0.1797,Work,Other,0.477,0.87,high
T2-O-H7,Tornado warning issued for your location,"A tornado warning was just issued for your exact location, take shelter immediately away from windows.",residents@fernwoodhoa.org,alerts@citygov.org,ham,0.1601,Other,Other,-0.586,0.99,high
T2-O-H8,call now about your account,"please call us immediately, there is unusual activity on your account that needs to be verified right now",member@meadowlarkcu.org,security@meadowlarkcu.org,ham,0.2074,Personal,Other,0.318,0.85,high
T2-O-H9,evacuate now,"flooding is rising fast in your area, evacuate immediately, do not wait",residents@fernwoodhoa.org,alerts@citygov.org,ham,0.184,Other,Other,0.0,0.99,high
T3-W-L1,Thornfield Lab - equipment calibration logged,"Logged this month's equipment calibration in the shared sheet, all instruments passed. Nothing further needed.",researchers@thornfieldlab.edu,lab-manager@thornfieldlab.edu,ham,0.156,Work,Work,0.34,0.16,low
T3-W-L2,Ledger & Vance - filing cabinet reorganized,"Reorganized the archive filing cabinet this week, everything's labeled by year now. FYI for anyone searching old files.",staff@ledgervance.com,office-manager@ledgervance.com,ham,0.1188,Work,Work,0.202,0.14,low
T3-W-L3,Redwood Roasting - new bean sample arrived,"A sample bag of the new Ethiopian lot arrived, sitting on the cupping table whenever anyone wants to try it.",roasters@redwoodroasting.com,head-roaster@redwoodroasting.com,ham,0.1582,Personal,Work,0.0,0.15,low
T3-W-L4,Swift Movers - truck maintenance done,"Truck 4 finished its routine maintenance, back in the lot and ready for next week's jobs.",drivers@swiftmovers.com,dispatch@swiftmovers.com,ham,0.1423,Work,Work,0.511,0.13,low
T3-W-L5,Pinecrest Orthodontics - waiting room magazines updated,"Swapped out the waiting room magazines for newer issues, small thing but thought I'd mention it.",staff@pinecrestortho.com,office-manager@pinecrestortho.com,ham,0.1186,Work,Work,0.0,0.12,low
T3-W-L6,Grand Regal Cinema - popcorn machine serviced,"Popcorn machine got its yearly service, running better than ever. No action needed from anyone.",staff@grandregalcinema.com,manager@grandregalcinema.com,ham,0.1448,Personal,Work,0.572,0.14,low
T3-W-L7,Everside Landscaping - mower blades sharpened,"Got all the mower blades sharpened ahead of the season, equipment's ready to go whenever we start.",crew@eversidelandscaping.com,foreman@eversidelandscaping.com,ham,0.1337,Personal,Work,0.361,0.16,low
T3-W-L8,KKZY Radio - new intro jingle recorded,"Finished recording the new morning show jingle, it's in the shared folder whenever you want a listen.",onair@kkzyradio.com,producer@kkzyradio.com,ham,0.1395,Personal,Work,0.402,0.15,low
T3-W-L9,Flourish Bakery - new oven thermometer installed,"Installed the new oven thermometer, readings look accurate now. Just an FYI, nothing needed.",bakers@flourishbakery.com,head-baker@flourishbakery.com,ham,0.134,Work,Work,0.202,0.13,low
T3-W-L10,Northgate IT - ticket backlog cleared,"Cleared out the old ticket backlog this week, queue's looking clean. Nice work team.",techs@northgateit.com,lead@northgateit.com,ham,0.1405,Personal,Work,0.743,0.14,low
T3-W-L11,nice job on the tasting event,"just wanted to say the cupping event went really well saturday, good energy from the whole team, no reply needed",roasters@redwoodroasting.com,head-roaster@redwoodroasting.com,ham,0.1033,Personal,Work,0.805,0.15,low
T3-W-M1,Need your review on the grant proposal draft,Could you review the grant proposal draft sometime this week? Want your comments before we submit next month.,pi@thornfieldlab.edu,postdoc@thornfieldlab.edu,ham,0.1412,Work,Work,0.649,0.39,medium
T3-W-M2,Client's tax documents still needed,"We're still missing a couple documents from the Hendricks file, could you follow up with them sometime this week?",associate@ledgervance.com,partner@ledgervance.com,ham,0.137,Work,Work,-0.296,0.42,medium
T3-W-M3,Need the new blend name decided,"We need to settle on a name for the new blend sometime this week, marketing wants to start on packaging soon.",head-roaster@redwoodroasting.com,marketing@redwoodroasting.com,ham,0.1796,Work,Work,0.0,0.37,medium
T3-W-M4,Need the route schedule confirmed,Could you confirm next week's delivery routes sometime today or tomorrow? Need to lock in driver assignments.,dispatch@swiftmovers.com,ops-manager@swiftmovers.com,ham,0.1474,Work,Work,0.0,0.41,medium
T3-W-M5,Need patient records transferred this week,"A patient is switching providers and needs their records sent over, could you take care of it sometime this week?",office-manager@pinecrestortho.com,dr.reyes@pinecrestortho.com,ham,0.13,Work,Work,0.494,0.38,medium
T3-W-M6,Need the concession order finalized,Could you finalize the concession supply order sometime this week? Want it in before the weekend rush.,manager@grandregalcinema.com,assistant-manager@grandregalcinema.com,ham,0.1682,Work,Work,0.077,0.4,medium
T3-W-M7,Need the new client quote approved,Could you approve the quote for the new client sometime this week? They're waiting to schedule the work.,foreman@eversidelandscaping.com,sales@eversidelandscaping.com,ham,0.1563,Work,Work,0.421,0.43,medium
T3-W-M8,Need the interview segment approved,Could you listen to the interview segment sometime this week and approve it for air? Want to get it queued up soon.,producer@kkzyradio.com,host@kkzyradio.com,ham,0.1558,Work,Work,0.477,0.36,medium
T3-W-M9,Need the wholesale order confirmed,Could you confirm this week's wholesale order numbers sometime today? Need to plan the baking schedule around it.,head-baker@flourishbakery.com,office@flourishbakery.com,ham,0.1602,Work,Work,0.0,0.39,medium
T3-W-M10,Need the server migration plan reviewed,Could you review the server migration plan sometime this week? Want to schedule it before end of month.,lead@northgateit.com,tech@northgateit.com,ham,0.1295,Work,Work,0.077,0.42,medium
T3-W-M11,need feedback on the lab safety draft,could you look over the updated lab safety procedures sometime this week? want to circulate it before next semester,pi@thornfieldlab.edu,postdoc@thornfieldlab.edu,ham,0.14,Work,Work,0.71,0.38,medium
T3-W-H1,"Sample freezer failed overnight, samples at risk","The -80 freezer failed overnight and years of samples are thawing, need everyone available to help transfer them right now.",researchers@thornfieldlab.edu,lab-manager@thornfieldlab.edu,ham,0.1894,Work,Work,-0.718,0.95,high
T3-W-H2,IRS audit letter just arrived for a client,"A client just got an audit letter with a response deadline this week, need someone on this immediately.",partner@ledgervance.com,associate@ledgervance.com,ham,0.1497,Work,Work,0.0,0.84,high
T3-W-H3,Roaster caught fire,"The main roaster just caught fire, everyone's evacuated safely but need the fire department and owner right now.",head-roaster@redwoodroasting.com,staff@redwoodroasting.com,ham,0.1648,Work,Work,-0.527,0.98,high
T3-W-H4,"Truck accident on the highway, driver hurt","One of our trucks was in an accident on the highway, driver is hurt but conscious, need dispatch coordinating with EMS right now.",dispatch@swiftmovers.com,driver@swiftmovers.com,ham,0.1643,Personal,Work,-0.758,0.97,high
T3-W-H5,Patient having a reaction in the chair,"A patient is having a reaction to the anesthesia right now, need Dr. Reyes back here immediately.",dr.reyes@pinecrestortho.com,assistant@pinecrestortho.com,ham,0.1576,Personal,Work,0.0,0.99,high
T3-W-H6,Projector caught fire during the show,"The projector just started smoking mid-film and we had to evacuate the theater, need the fire department and owner now.",manager@grandregalcinema.com,staff@grandregalcinema.com,ham,0.1616,Work,Work,-0.586,0.93,high
T3-W-H7,Crew member collapsed from heat,"One of the crew just collapsed from heat exhaustion on site, called 911, need you here right now.",foreman@eversidelandscaping.com,crew@eversidelandscaping.com,ham,0.1607,Personal,Work,-0.691,0.96,high
T3-W-H8,Transmitter went down mid-broadcast,"We just lost the transmitter live on air, need engineering on this immediately or we're off the air county-wide.",lead@northgateit.com,producer@kkzyradio.com,ham,0.1558,Work,Work,-0.318,0.87,high
T3-W-H9,Gas smell in the kitchen,"We smell gas strongly in the kitchen, evacuating now, need someone to call the gas company and the owner immediately.",head-baker@flourishbakery.com,staff@flourishbakery.com,ham,0.14,Work,Work,0.273,0.98,high
T3-W-H10,Ransomware alert triggered on the file server,"Ransomware just triggered on the main file server, need it isolated from the network immediately before it spreads further.",lead@northgateit.com,tech@northgateit.com,ham,0.1575,Work,Work,-0.026,0.97,high
T3-W-H11,get here now,"get to the site now, someone got hurt with the equipment, ambulance called",foreman@eversidelandscaping.com,crew@eversidelandscaping.com,ham,0.147,Work,Work,-0.527,0.96,high
T3-W-H12,call me now,"call me right now, the samples are ruined unless we move fast, need you here",researchers@thornfieldlab.edu,lab-manager@thornfieldlab.edu,ham,0.1914,Work,Work,-0.477,0.92,high
T3-P-L1,stepmom sent the funniest text,"Stepmom sent the most random text today, had to share it with you, she's too much sometimes.",friend@gmail.com,me@gmail.com,ham,0.1644,Personal,Personal,0.7,0.13,low
T3-P-L2,ex and I actually get along now,"Ran into my ex at the store today, weirdly it wasn't awkward at all, kind of nice actually. Thought I'd share.",bestfriend@gmail.com,me@gmail.com,ham,0.1479,Personal,Personal,0.228,0.15,low
T3-P-L3,"choir practice was a mess today, in a good way","Choir practice was chaotic today, half the sopranos were sick, but somehow it was still a good time. Miss you being there.",choirfriend@gmail.com,me@gmail.com,ham,0.1402,Personal,Personal,-0.026,0.16,low
T3-P-L4,league game recap,"We actually won our rec league game last night, first time all season, had to tell someone who'd care.",teammate@gmail.com,me@gmail.com,ham,0.1038,Personal,Personal,0.784,0.14,low
T3-P-L5,stepdad's fishing trip stories,"Stepdad went on another one of his fishing trips and came back with the wildest stories as usual, thought you'd enjoy this one.",cousin@gmail.com,me@gmail.com,ham,0.1331,Personal,Personal,0.494,0.15,low
T3-P-L6,my kid said something hilarious,"My kid said the funniest thing at dinner tonight, had to write it down before I forgot, thought you'd get a laugh too.",mentor-spouse@gmail.com,me@gmail.com,ham,0.1118,Personal,Personal,0.872,0.13,low
T3-P-L7,found our old camp photos,"Found a box of photos from summer camp, can't believe how long ago that was, sending a few your way.",childhoodfriend2@gmail.com,me@gmail.com,ham,0.1449,Personal,Personal,0.0,0.16,low
T3-P-L8,"caregiving update, nothing new","Mom's doing about the same this week, nothing new to report, just wanted to keep you in the loop like always.",caregiver-friend@gmail.com,me@gmail.com,ham,0.1258,Personal,Personal,0.361,0.18,low
T3-P-L9,adult son's new apartment looks great,"Went to see your new place today, it looks amazing, so proud of you, no need to respond just wanted you to know.",adultchild@gmail.com,me@gmail.com,ham,0.1628,Personal,Personal,0.893,0.14,low
T3-P-L10,lol you have to see the game footage,"lol someone got video of me tripping during the game last night, sending it before you see it somewhere else first",teammate@gmail.com,me@gmail.com,ham,0.1071,Personal,Personal,0.681,0.12,low
T3-P-L11,thinking about you today,"hey just thinking about you, hope everything's going okay, no need to write back right away",caregiver-friend@gmail.com,me@gmail.com,ham,0.1566,Personal,Personal,0.382,0.15,low
T3-P-M1,can you take mom to her appointment thursday?,"I have a conflict Thursday, any chance you could take mom to her appointment? Need to know soon so I can arrange something else if not.",caregiver-friend@gmail.com,me@gmail.com,ham,0.1125,Personal,Personal,-0.077,0.43,medium
T3-P-M2,need to figure out custody schedule for the holidays,"We should figure out the holiday schedule soon, are you free to talk sometime this week before things get busy?",ex-partner@gmail.com,me@gmail.com,ham,0.147,Work,Personal,0.823,0.42,medium
T3-P-M3,can you sub for me at choir this week?,"I might not make it to choir this week, any chance you could let the director know or find someone to cover my part?",choirfriend@gmail.com,me@gmail.com,ham,0.113,Work,Personal,0.25,0.32,medium
T3-P-M4,need to know if you're playing this season,"Signups for the league close soon, are you playing this season? Need a headcount before I register the team.",teammate@gmail.com,me@gmail.com,ham,0.1213,Personal,Personal,0.382,0.36,medium
T3-P-M5,can you help me with the college essay?,"My essay is due to my counselor soon, could you read it over sometime this week and give feedback?",mentor@gmail.com,me@gmail.com,ham,0.1399,Work,Personal,0.402,0.4,medium
T3-P-M6,need a ride to the airport next week,Could you give me a ride to the airport next week? Let me know soon so I can book a car service if not.,cousin@gmail.com,me@gmail.com,ham,0.1199,Work,Personal,0.0,0.38,medium
T3-P-M7,need your half of the camp fees,"Camp fees are due soon, can you send your half sometime this week so I can pay the full amount?",ex-partner@gmail.com,me@gmail.com,ham,0.1784,Work,Personal,-0.169,0.41,medium
T3-P-M8,need help watching the kids this weekend,Could you watch the kids for a couple hours this weekend? Let me know soon so I can plan around it either way.,mentor-spouse@gmail.com,me@gmail.com,ham,0.1127,Work,Personal,0.402,0.39,medium
T3-P-M9,need an answer on the camping trip,Need to know by this weekend if you're coming on the camping trip so I can finalize the site reservation.,childhoodfriend2@gmail.com,me@gmail.com,ham,0.1226,Work,Personal,0.0,0.37,medium
T3-P-M10,can we talk about the caregiving schedule,"I think we need to revisit who's covering what for mom's care, can we talk sometime this week? Nothing urgent, just overdue.",caregiver-friend@gmail.com,me@gmail.com,ham,0.1247,Personal,Personal,0.383,0.44,medium
T3-P-M11,need you to sign the school form soon,"hey, the school needs your signature on the field trip form by this week, can you send it back when you get a chance?",ex-partner@gmail.com,me@gmail.com,ham,0.1641,Personal,Personal,0.25,0.4,medium
T3-P-H1,"mom is unresponsive, calling 911","Mom's unresponsive and I'm calling 911 right now, please get here as fast as you can.",caregiver-friend@gmail.com,me@gmail.com,ham,0.1758,Personal,Personal,0.318,0.99,high
T3-P-H2,our kid is missing from the park,"I can't find our son at the park, I've looked everywhere, please come now and call the police.",ex-partner@gmail.com,me@gmail.com,ham,0.1399,Work,Personal,0.026,0.99,high
T3-P-H3,choir friend's husband collapsed,"Your husband just collapsed at rehearsal, we've called 911, please get to the church right away.",choirfriend@gmail.com,me@gmail.com,ham,0.1736,Personal,Personal,0.318,0.98,high
T3-P-H4,teammate got hurt bad during the game,"You got hurt pretty bad on that last play, ambulance is coming, wanted you to see this the second you're okay to check your phone.",teammate@gmail.com,me@gmail.com,ham,0.1299,Personal,Personal,-0.807,0.9,high
T3-P-H5,mentor's wife needs help right now,"Something happened at the house and I need help right now, can you call me the second you see this.",mentor-spouse@gmail.com,me@gmail.com,ham,0.1884,Work,Personal,0.66,0.87,high
T3-P-H6,"cousin's car flipped, everyone's okay but shaken","Just got in an accident, car flipped, everyone's okay but shaken up badly, can you come get us right now.",cousin@gmail.com,me@gmail.com,ham,0.1523,Personal,Personal,-0.813,0.92,high
T3-P-H7,adult child locked out in the cold,"I'm locked out and it's freezing, can't reach the landlord, can you come let me in or help me figure this out right now?",adultchild@gmail.com,me@gmail.com,ham,0.1778,Work,Personal,0.34,0.78,high
T3-P-H8,stepdad had a heart attack,"Stepdad just had a heart attack, we're at the hospital now, please call me the second you see this.",cousin@gmail.com,me@gmail.com,ham,0.1497,Work,Personal,0.67,0.98,high
T3-P-H9,"stove left on, house filling with smoke","I think I left the stove on, neighbor says smoke's coming from the house, can you go check right now, I'm not close by.",friend@gmail.com,me@gmail.com,ham,0.1736,Personal,Personal,0.0,0.91,high
T3-P-H10,need you now,"please call me right now, it's an emergency, i'll explain when you call",bestfriend@gmail.com,me@gmail.com,ham,0.149,Work,Personal,-0.077,0.85,high
T3-P-H11,call me,"call me the second you see this, something's wrong with mom",caregiver-friend@gmail.com,me@gmail.com,ham,0.126,Personal,Personal,-0.477,0.94,high
T3-P-H12,help now,"need help right now, can't explain over text just call",friend@gmail.com,me@gmail.com,ham,0.1879,Work,Personal,0.66,0.86,high
T3-O-L1,Your cable provider - channel lineup update,"A few channels are being renumbered next month, no action needed, your favorites list will update automatically.",subscriber@gmail.com,notices@primeviewcable.com,ham,0.1607,Work,Other,0.153,0.14,low
T3-O-L2,Vet reminder - your pet is due for a checkup someday soon,"Just a friendly reminder your pet is due for a wellness visit sometime in the coming months, no rush to schedule yet.",petowner@gmail.com,reminders@willowbrookvet.com,ham,0.16,Personal,Other,0.599,0.16,low
T3-O-L3,Your homeowners policy annual summary,"Here's your annual coverage summary, nothing has changed, just for your records.",policyholder@gmail.com,documents@harborhomeinsurance.com,ham,0.1277,Work,Other,0.0,0.13,low
T3-O-L4,Your car rental receipt,"Thanks for renting with us, here's your final receipt. No action needed.",customer@gmail.com,receipts@roadwaycarrental.com,ham,0.1326,Work,Other,0.178,0.11,low
T3-O-L5,Your ride receipt from last night,"Here's the receipt for your ride last night, thanks for riding with us.",rider@gmail.com,receipts@hoprideapp.com,ham,0.1155,Personal,Other,0.44,0.12,low
T3-O-L6,New course added to your learning platform,"A new course was just added in a topic you've browsed before, check it out whenever you're interested.",learner@gmail.com,notify@skillbridge.com,ham,0.1687,Personal,Other,0.402,0.15,low
T3-O-L7,Gym class you liked is coming back,"The class you took a few times is back on the schedule next month, no action needed, just thought you'd want to know.",member@ironoakgym.com,frontdesk@ironoakgym.com,ham,0.16,Personal,Other,0.226,0.14,low
T3-O-L8,"Your flight was smooth, thanks for flying","Thanks for flying with us, hope you had a good trip. No action needed on your end.",traveler@gmail.com,feedback@skywingair.com,ham,0.0987,Work,Other,0.856,0.13,low
T3-O-L9,Daycare waitlist - still on the list,"Just confirming you're still on our waitlist, no changes needed, we'll reach out when a spot opens.",parent@gmail.com,admissions@sunnysidedaycare.com,ham,0.1398,Work,Other,-0.273,0.16,low
T3-O-L10,Local newspaper - this week's digital edition,"This week's digital edition is ready to read whenever you have time, covers the usual local news roundup.",subscriber@gmail.com,edition@fernwoodgazette.com,ham,0.1353,Other,Other,0.361,0.12,low
T3-O-L11,Thank you for your blood donation,"Thanks so much for donating last week, your donation is on its way to help someone. No action needed.",donor@gmail.com,thanks@lifebloodcenter.org,ham,0.1108,Work,Other,0.71,0.14,low
T3-O-L12,your account statement is ready to view,"your quarterly retirement account statement is ready online whenever you want to look, nothing needs your attention",member@meadowlarkcu.org,statements@meadowlark401k.com,ham,0.1893,Personal,Other,0.649,0.13,low
T3-O-M1,Please select your channel package by next billing cycle,"Your promotional package rate is ending, please choose a plan before the next billing cycle to avoid the standard rate.",subscriber@gmail.com,billing@primeviewcable.com,ham,0.149,Work,Other,0.34,0.39,medium
T3-O-M2,Please schedule your pet's overdue vaccination,"Your pet's vaccination is now overdue, please schedule an appointment within the next couple weeks.",petowner@gmail.com,reminders@willowbrookvet.com,ham,0.1324,Work,Other,0.557,0.41,medium
T3-O-M3,Homeowners policy - inspection needed soon,We need to schedule a routine home inspection within the next month to keep your policy active.,policyholder@gmail.com,underwriting@harborhomeinsurance.com,ham,0.1608,Work,Other,0.402,0.4,medium
T3-O-M4,Toll charges pending on your rental,"A few toll charges are pending on your recent rental, please review and confirm within the next couple weeks.",customer@gmail.com,billing@roadwaycarrental.com,ham,0.1437,Work,Other,-0.226,0.34,medium
T3-O-M5,Please rate your recent ride,"We'd appreciate a rating for your recent ride, and please flag anything that felt off so we can look into it soon.",rider@gmail.com,support@hoprideapp.com,ham,0.1365,Other,Other,0.743,0.3,medium
T3-O-M6,Your course access expires soon,"Access to your enrolled course expires in two weeks, please finish or renew before then.",learner@gmail.com,notify@skillbridge.com,ham,0.1555,Personal,Other,0.318,0.38,medium
T3-O-M7,Please update your gym waiver on file,"Your liability waiver on file is outdated, please sign the updated version sometime this week to keep access.",member@ironoakgym.com,frontdesk@ironoakgym.com,ham,0.109,Work,Other,0.421,0.36,medium
T3-O-M8,Please confirm your seat selection soon,"Seat selection for your upcoming flight closes in a few days, please confirm your choice before then.",traveler@gmail.com,itinerary@skywingair.com,ham,0.1316,Work,Other,0.557,0.37,medium
T3-O-M9,"A spot opened up, please respond soon","A daycare spot just opened up for your child, please respond within 3 days to hold it or it goes to the next family.",parent@gmail.com,admissions@sunnysidedaycare.com,ham,0.1563,Work,Other,0.557,0.45,medium
T3-O-M10,Please renew your newspaper subscription,"Your subscription lapses at the end of the month, please renew soon to avoid a gap in delivery.",subscriber@gmail.com,billing@fernwoodgazette.com,ham,0.1825,Other,Other,0.34,0.33,medium
T3-O-M11,please confirm your next donation slot,"you're eligible to donate again soon, please confirm a time this week or next so we can keep supply steady",donor@gmail.com,scheduling@lifebloodcenter.org,ham,0.1355,Work,Other,0.557,0.32,medium
T3-O-H1,Service outage affecting emergency-line-capable phones,"Your home phone service, including 911 access, is down right now due to an outage. If you have an emergency, use a cell phone or go to a neighbor immediately.",subscriber@gmail.com,alerts@primeviewcable.com,ham,0.2166,Other,Other,-0.382,0.9,high
T3-O-H2,Your pet needs to be seen immediately,"Based on the symptoms you described, please bring your pet in immediately, this cannot wait until a routine appointment.",petowner@gmail.com,clinic@willowbrookvet.com,ham,0.1827,Personal,Other,0.318,0.94,high
T3-O-H3,Your home insurance claim needs urgent action,"Storm damage to your roof is worsening, please authorize emergency repairs today to prevent further damage.",policyholder@gmail.com,claims@harborhomeinsurance.com,ham,0.2003,Work,Other,-0.832,0.83,high
T3-O-H4,Rental car reported stolen from your location,"Our tracking shows unusual activity suggesting the rental may have been stolen, please call us immediately.",customer@gmail.com,security@roadwaycarrental.com,ham,0.1522,Work,Other,-0.625,0.8,high
T3-O-H5,Driver reports an emergency during your ride,"Your driver has reported an emergency situation, please check your phone and call us immediately for an update.",rider@gmail.com,safety@hoprideapp.com,ham,0.1732,Work,Other,-0.44,0.88,high
T3-O-H6,Certification exam window closes tonight,"Your certification exam window closes at midnight tonight, please complete it now or you'll need to re-enroll.",learner@gmail.com,notify@skillbridge.com,ham,0.1267,Work,Other,0.318,0.76,high
T3-O-H7,Immediate evacuation ordered near the gym,"A gas main break was reported near our location, please evacuate the building immediately if you're currently here.",member@ironoakgym.com,alerts@ironoakgym.com,ham,0.1354,Other,Other,0.318,0.97,high
T3-O-H8,"flight departing early, get to the gate now","your flight is now departing 40 minutes early due to weather, please proceed to the gate immediately, final boarding is in progress",traveler@gmail.com,alerts@skywingair.com,ham,0.1317,Other,Other,0.625,0.85,high
T3-O-H9,urgent - your child's daycare is being evacuated,"the daycare is being evacuated right now due to a fire alarm, please come to the pickup location immediately",parent@gmail.com,admissions@sunnysidedaycare.com,ham,0.1778,Work,Other,-0.178,0.99,high
T4-W-L1,Meridian Architecture - model shop reorganized,"Reorganized the model shop supplies this week, everything's labeled now. Nothing needed from anyone.",staff@meridianarch.com,office-manager@meridianarch.com,ham,0.1285,Work,Work,0.0,0.15,low
T4-W-L2,Copperline Brewing - new tap handles arrived,"New tap handles for the seasonal lineup arrived, they're in the back whenever someone wants to install them.",staff@copperlinebrewing.com,taproom-manager@copperlinebrewing.com,ham,0.1333,Personal,Work,0.0,0.14,low
T4-W-L3,Summit PT - new resistance bands stocked,"Stocked the treatment rooms with new resistance bands, old ones were getting worn out. FYI only.",therapists@summitpt.com,office-manager@summitpt.com,ham,0.1465,Work,Work,-0.103,0.13,low
T4-W-L4,Highline Motors - showroom floor waxed,"Showroom floor got waxed last night, looks great. No action needed, just wanted the team to know.",sales-team@highlinemotors.com,manager@highlinemotors.com,ham,0.1265,Personal,Work,0.44,0.12,low
T4-W-L5,Evergreen Events - vendor binder updated,"Updated the vendor contact binder with a few new caterers we liked recently, nothing else needed.",planners@evergreenevents.com,lead-planner@evergreenevents.com,ham,0.1519,Work,Work,0.421,0.16,low
T4-W-L6,Ironwood Tattoo - new flash sheets posted,"Posted a batch of new flash designs on the wall and Instagram, no action needed, just sharing.",artists@ironwoodtattoo.com,shop-owner@ironwoodtattoo.com,ham,0.1529,Work,Work,0.153,0.15,low
T4-W-L7,Second Chance Shelter - kennel deep clean done,"Finished the deep clean on the north kennel row, smells much better in there now. Nothing further needed.",staff@secondchanceshelter.org,director@secondchanceshelter.org,ham,0.132,Work,Work,0.852,0.14,low
T4-W-L8,Verity QA - test environment refreshed,"Refreshed the staging test environment overnight, all good to use whenever anyone needs it.",testers@verityqa.com,lead@verityqa.com,ham,0.1379,Personal,Work,0.44,0.13,low
T4-W-L9,Harvest Table - new farm delivery arrived,"This week's produce delivery from the farm looks great, especially the squash. Just wanted to share.",kitchen@harvesttable.com,chef@harvesttable.com,ham,0.22,Work,Work,0.743,0.15,low
T4-W-L10,Lumen Photography - backup drives organized,"Organized the backup drives by shoot date, should make finding old sessions easier going forward.",photographers@lumenphoto.com,studio-manager@lumenphoto.com,ham,0.1569,Work,Work,0.103,0.14,low
T4-W-L11,nice work on the release,"just wanted to say the last release went out clean, no issues reported, nice work everyone, no reply needed",testers@verityqa.com,lead@verityqa.com,ham,0.1259,Work,Work,0.599,0.15,low
T4-W-M1,Need your notes on the client's revised floor plan,Could you review the client's revised floor plan sometime this week? Want feedback before we present next round.,architect@meridianarch.com,principal@meridianarch.com,ham,0.1173,Work,Work,0.077,0.4,medium
T4-W-M2,Need the keg order finalized,Could you finalize this week's keg order sometime today or tomorrow? Want it in before the weekend rush.,taproom-manager@copperlinebrewing.com,brewmaster@copperlinebrewing.com,ham,0.1699,Personal,Work,0.077,0.42,medium
T4-W-M3,Need the patient reschedule handled,"A patient needs to reschedule their series of sessions, could you sort that out sometime this week?",office-manager@summitpt.com,therapist@summitpt.com,ham,0.1325,Work,Work,0.0,0.36,medium
T4-W-M4,Need the trade-in appraisal done,Could you get the trade-in appraisal done sometime this week? Customer's waiting to move forward on the deal.,sales-team@highlinemotors.com,manager@highlinemotors.com,ham,0.1408,Work,Work,0.0,0.41,medium
T4-W-M5,Need the seating chart approved,Could you approve the seating chart sometime this week? Caterer needs final numbers soon.,lead-planner@evergreenevents.com,assistant@evergreenevents.com,ham,0.1458,Work,Work,0.421,0.39,medium
T4-W-M6,Need the consent form signed for tomorrow,Could you make sure the client signs the updated consent form sometime before tomorrow's appointment?,artists@ironwoodtattoo.com,shop-owner@ironwoodtattoo.com,ham,0.1584,Work,Work,0.625,0.43,medium
T4-W-M7,Need the adoption paperwork reviewed,Could you review the adoption paperwork for the Hendersons sometime this week? Want to move forward soon if it looks good.,staff@secondchanceshelter.org,director@secondchanceshelter.org,ham,0.1406,Work,Work,0.494,0.37,medium
T4-W-M8,Need the regression suite results,Could you send over the regression suite results sometime this week? Need them before we can sign off on release.,lead@verityqa.com,engineer@verityqa.com,ham,0.1669,Work,Work,0.0,0.4,medium
T4-W-M9,Need the new menu pricing reviewed,Could you review the new menu pricing sometime this week? Want to roll it out before next month.,chef@harvesttable.com,owner@harvesttable.com,ham,0.144,Work,Work,0.077,0.38,medium
T4-W-M10,Need the wedding album proofs approved,Could you approve the wedding album proofs sometime this week? Want to send them to print soon.,photographers@lumenphoto.com,studio-manager@lumenphoto.com,ham,0.1837,Work,Work,0.477,0.35,medium
T4-W-M11,need input on the new hire schedule,could you look over the new hire's training schedule sometime this week? want to get it locked in soon,office-manager@summitpt.com,therapist@summitpt.com,ham,0.1608,Work,Work,0.077,0.38,medium
T4-W-H1,Client's building has a structural issue we flagged,"Inspectors found a structural issue at the site that needs an emergency review, need you on a call with the engineer right now.",principal@meridianarch.com,architect@meridianarch.com,ham,0.1366,Work,Work,-0.382,0.9,high
T4-W-H2,CO2 leak in the cellar,"We're getting a CO2 leak alarm in the cellar, everyone needs to clear the area immediately and call the gas supplier.",taproom-manager@copperlinebrewing.com,brewmaster@copperlinebrewing.com,ham,0.1352,Work,Work,-0.557,0.97,high
T4-W-H3,"Patient fell during the session, needs help now","A patient just fell hard during their session and can't get up, need help and possibly 911 right now.",office-manager@summitpt.com,therapist@summitpt.com,ham,0.145,Work,Work,0.612,0.98,high
T4-W-H4,Customer is threatening legal action right now,"A customer is in the showroom right now threatening legal action over the deal, need a manager out here immediately.",manager@highlinemotors.com,sales-team@highlinemotors.com,ham,0.2116,Work,Work,-0.7,0.83,high
T4-W-H5,"Venue just cancelled on us, wedding is Saturday","The venue just cancelled on us and the wedding is this Saturday, need everyone brainstorming backups right now.",lead-planner@evergreenevents.com,assistant@evergreenevents.com,ham,0.1396,Personal,Work,-0.459,0.92,high
T4-W-H6,Client is having an allergic reaction to the ink,"A client is having a reaction right now during their session, need you back here immediately.",shop-owner@ironwoodtattoo.com,artists@ironwoodtattoo.com,ham,0.1481,Work,Work,-0.296,0.96,high
T4-W-H7,Dog got loose and is running toward the road,"One of the shelter dogs just got loose and is heading toward the road, need everyone out here right now.",staff@secondchanceshelter.org,director@secondchanceshelter.org,ham,0.1562,Work,Work,-0.557,0.89,high
T4-W-H8,"Critical bug found in production, deploying now","We just found a critical bug live in production affecting all users, need everyone on the incident bridge immediately.",lead@verityqa.com,engineer@verityqa.com,ham,0.1359,Work,Work,-0.557,0.95,high
T4-W-H9,"Health inspector is here right now, unannounced","The health inspector just walked in for an unannounced visit, need you here immediately, kitchen needs to be perfect now.",owner@harvesttable.com,chef@harvesttable.com,ham,0.2191,Work,Work,0.572,0.85,high
T4-W-H10,Backup drive with the wedding shoot just failed,"The only backup of Saturday's wedding shoot just failed and won't mount, need help recovering it immediately, client picks up the album Friday.",studio-manager@lumenphoto.com,photographers@lumenphoto.com,ham,0.143,Personal,Work,-0.612,0.84,high
T4-W-H11,get out here now,"get out here right now, the dog is near the road, hurry",staff@secondchanceshelter.org,director@secondchanceshelter.org,ham,0.1639,Work,Work,0.0,0.9,high
T4-W-H12,call me now,"call me the second you see this, we have a structural problem and need the engineer on the phone now",principal@meridianarch.com,architect@meridianarch.com,ham,0.147,Work,Work,-0.402,0.88,high
T4-P-L1,work bestie update - nothing new just checking in,"Nothing new really, just wanted to say hi since we haven't talked outside work in a while. No need to respond fast.",workbestie@gmail.com,me@gmail.com,ham,0.1416,Work,Personal,-0.296,0.14,low
T4-P-L2,sister-in-law's garden update,"Your tomatoes in the community garden are doing great, walked by today and had to tell you.",sil@gmail.com,me@gmail.com,ham,0.1528,Personal,Personal,0.625,0.15,low
T4-P-L3,old coach would be proud,"Ran into someone from the old team today and it made me think of you, thought I'd share the memory.",oldcoach@gmail.com,me@gmail.com,ham,0.1274,Personal,Personal,0.649,0.13,low
T4-P-L4,miss our calls,"Been a minute since we caught up, miss our long calls, no rush to respond, just thinking of you.",longdistancepartner@gmail.com,me@gmail.com,ham,0.1665,Personal,Personal,-0.527,0.17,low
T4-P-L5,twin telepathy strikes again,"Was literally just thinking about you and then saw your post, twin telepathy is real I swear.",twin@gmail.com,me@gmail.com,ham,0.1387,Personal,Personal,-0.402,0.14,low
T4-P-L6,neighbor's new garden gnome,"Our elderly neighbor put up the funniest garden gnome collection, made my whole walk today, thought you'd laugh.",friend@gmail.com,me@gmail.com,ham,0.1446,Personal,Personal,0.802,0.12,low
T4-P-L7,church potluck was great,"The potluck after service was really nice today, missed seeing you there, hope to catch you next time.",churchfriend@gmail.com,me@gmail.com,ham,0.1448,Personal,Personal,0.824,0.15,low
T4-P-L8,loved this month's pick,"Really enjoyed this month's book, can't wait to hear everyone's thoughts at the next meeting.",bookclubmember@gmail.com,me@gmail.com,ham,0.1285,Work,Personal,0.817,0.16,low
T4-P-L9,gg last night,"gg last night, that last match was intense, still thinking about that clutch play you made",gamingfriend@gmail.com,me@gmail.com,ham,0.1307,Personal,Personal,0.727,0.11,low
T4-P-L10,the cat missed you,"The cat kept looking for you the whole time you were pet-sitting for us, she clearly misses you already, thanks again.",petsitterfriend@gmail.com,me@gmail.com,ham,0.1409,Work,Personal,0.361,0.13,low
T4-P-L11,lol check this out,"lol found the weirdest thing at the thrift store today, had to send you a picture, no reply needed",workbestie@gmail.com,me@gmail.com,ham,0.1905,Personal,Personal,0.361,0.12,low
T4-P-M1,need to plan the visit soon,"Trying to plan when I'll visit next, are you free the week of the 15th? Need to know soon to book the flight.",longdistancepartner@gmail.com,me@gmail.com,ham,0.1635,Work,Personal,0.511,0.41,medium
T4-P-M2,need you to confirm the reunion date,"We're trying to pick a date for the twin reunion trip, can you confirm which weekend works by this week?",twin@gmail.com,me@gmail.com,ham,0.1176,Work,Personal,0.0,0.36,medium
T4-P-M3,can you cover the pet sitting next week?,"Need someone to watch the cat next week, are you available? Let me know soon so I can ask someone else if not.",petsitterfriend@gmail.com,me@gmail.com,ham,0.1218,Work,Personal,0.0,0.39,medium
T4-P-M4,need the group's decision on the gaming trip,"Need to know by this weekend if you're coming to the convention, hotel block closes soon.",gamingfriend@gmail.com,me@gmail.com,ham,0.1216,Work,Personal,-0.44,0.37,medium
T4-P-M5,can we talk about the family reunion,"We should figure out reunion logistics soon, are you free to hop on a call sometime this week?",sil@gmail.com,me@gmail.com,ham,0.1797,Work,Personal,0.511,0.38,medium
T4-P-M6,need advice before I decide,"Have to make a decision about the job offer soon, could we talk sometime this week? Your advice always helps.",oldcoach@gmail.com,me@gmail.com,ham,0.1699,Work,Personal,0.382,0.42,medium
T4-P-M7,need to reschedule our coffee catch-up,"Something came up, can we move our coffee date to next week? Let me know what day works for you.",workbestie@gmail.com,me@gmail.com,ham,0.1172,Work,Personal,0.0,0.3,medium
T4-P-M8,need your answer on the potluck dish,"Signing up dishes for next week's potluck, can you let me know what you're bringing sometime soon?",churchfriend@gmail.com,me@gmail.com,ham,0.1012,Work,Personal,0.0,0.28,medium
T4-P-M9,need you to pick the next book soon,"It's your turn to pick next month's book, could you let everyone know your choice sometime this week?",bookclubmember@gmail.com,me@gmail.com,ham,0.1146,Work,Personal,0.0,0.29,medium
T4-P-M10,need to talk about visiting mom together,"Thinking we should visit mom together sometime soon, are you free to plan a weekend this month?",sil@gmail.com,me@gmail.com,ham,0.1818,Personal,Personal,0.511,0.4,medium
T4-P-M11,need an answer before I book,"hey, flights are filling up, need to know if you can make the visit work by end of week",longdistancepartner@gmail.com,me@gmail.com,ham,0.1516,Work,Personal,0.0,0.43,medium
T4-P-H1,"twin, something's wrong, call me","Something feels really wrong and I don't know why, please call me the second you see this.",twin@gmail.com,me@gmail.com,ham,0.1002,Personal,Personal,-0.636,0.9,high
T4-P-H2,"long distance emergency, need you","Something happened here and I really need to hear your voice right now, please call as soon as you can.",longdistancepartner@gmail.com,me@gmail.com,ham,0.1742,Work,Personal,-0.077,0.84,high
T4-P-H3,"old coach, need help, dad's in the hospital","Dad's in the hospital and I don't know what to do, could really use your advice, please call when you can today.",oldcoach@gmail.com,me@gmail.com,ham,0.1341,Personal,Personal,0.612,0.82,high
T4-P-H4,"church friend, urgent prayer request","Something serious just happened in our family, need people praying and need to talk to someone, can you call me right now.",churchfriend@gmail.com,me@gmail.com,ham,0.2083,Work,Personal,0.735,0.79,high
T4-P-H5,"workbestie, I think I'm getting fired, need advice now","I think I'm about to get let go in the next hour and I'm panicking, can you call me right now, I need advice fast.",workbestie@gmail.com,me@gmail.com,ham,0.1426,Work,Personal,-0.758,0.72,high
T4-P-H6,cat is having a seizure,"The cat you're watching just had what looked like a seizure, I'm calling the emergency vet now, need you to stay calm and watch her.",petsitterfriend@gmail.com,me@gmail.com,ham,0.144,Personal,Personal,0.296,0.93,high
T4-P-H7,"sister-in-law, mom fell at your place","Mom just fell at your house, is she okay, please call me the second you see this.",sil@gmail.com,me@gmail.com,ham,0.1391,Personal,Personal,0.494,0.97,high
T4-P-H8,"gaming friend, need to talk right now","Not about gaming, something's really wrong and I don't have anyone else to talk to right now, can you call?",gamingfriend@gmail.com,me@gmail.com,ham,0.1484,Personal,Personal,-0.05,0.76,high
T4-P-H9,"book club friend, need you right now","I know this is random but I really need someone right now, can you call me as soon as you see this.",bookclubmember@gmail.com,me@gmail.com,ham,0.1585,Work,Personal,0.273,0.74,high
T4-P-H10,call me now,"please call me right now, something happened, i need to talk to someone",workbestie@gmail.com,me@gmail.com,ham,0.1639,Work,Personal,0.318,0.8,high
T4-P-H11,911 sil,"mom fell hard, calling 911, please come now",sil@gmail.com,me@gmail.com,ham,0.1514,Personal,Personal,0.226,0.98,high
T4-P-H12,need you,"please pick up, need you right now, it's bad",twin@gmail.com,me@gmail.com,ham,0.1578,Work,Personal,-0.296,0.89,high
T4-O-L1,City council newsletter - this month's agenda recap,"This month's council meeting recap is up, nothing controversial, mostly routine business.",residents@fernwoodhoa.org,newsletter@citygov.org,ham,0.1604,Other,Other,0.151,0.13,low
T4-O-L2,School bus route - no changes for next semester,"Just confirming your child's bus route stays the same next semester, no action needed.",parent@gmail.com,transportation@maplegroveschools.org,ham,0.1367,Work,Other,-0.527,0.14,low
T4-O-L3,Apartment complex - pool schedule for the season,"Pool hours for the season are posted, nothing to do, just wanted residents to have the schedule.",tenants@fernwoodapartments.com,management@fernwoodapartments.com,ham,0.1403,Work,Other,0.0,0.15,low
T4-O-L4,Your credit card statement is ready,"Your monthly statement is available online, nothing unusual on it, just the regular notice.",cardholder@gmail.com,statements@brightpeakcredit.com,ham,0.2498,Personal,Other,0.625,0.12,low
T4-O-L5,Your order from Cartwheel Goods shipped,"Good news, your order shipped today. Tracking link attached, no action needed.",customer@gmail.com,orders@cartwheelgoods.com,ham,0.1832,Personal,Other,0.178,0.11,low
T4-O-L6,Your delivery arrived,"Your food order was delivered, hope you enjoy it, no action needed unless something's wrong.",customer@gmail.com,orders@doorfeastapp.com,ham,0.1698,Personal,Other,0.202,0.11,low
T4-O-L7,New matches this week,"You have a few new matches this week, check them out whenever you're free, no rush.",user@gmail.com,notify@sparkconnect.com,ham,0.2151,Personal,Other,0.273,0.14,low
T4-O-L8,Your social account - login summary,"Here's a summary of your recent logins, all from recognized devices, no action needed.",user@gmail.com,security@snapgridapp.com,ham,0.1569,Work,Other,-0.296,0.13,low
T4-O-L9,Your tax software - filing was accepted,"Your return was accepted, no further action needed, refund timeline is on your dashboard whenever you want to check.",filer@gmail.com,notify@filesimpletax.com,ham,0.2013,Personal,Other,0.318,0.12,low
T4-O-L10,HOA board meeting minutes posted,"Minutes from last week's board meeting are posted, mostly routine items, nothing urgent.",residents@brookstonehoa.org,secretary@brookstonehoa.org,ham,0.1231,Work,Other,-0.151,0.15,low
T4-O-L11,Continuing ed - new class catalog is out,"The new semester catalog for continuing ed classes just came out, browse whenever you're curious.",alumni@stateuniv.edu,continuinged@stateuniv.edu,ham,0.1506,Personal,Other,0.318,0.16,low
T4-O-L12,thanks for your feedback,"thanks for the feedback on your last stay, glad you enjoyed it, hope to host you again sometime",member@vinecrestwinery.com,events@vinecrestwinery.com,ham,0.1039,Work,Other,0.932,0.13,low
T4-O-M1,Please respond about the upcoming council vote,"A zoning change affecting your street is up for vote soon, please review and submit comments within two weeks if you have concerns.",residents@fernwoodhoa.org,clerk@citygov.org,ham,0.1228,Work,Other,0.557,0.4,medium
T4-O-M2,Please update your child's transportation form,"We need an updated pickup authorization form on file, please submit it within the next couple weeks.",parent@gmail.com,transportation@maplegroveschools.org,ham,0.1571,Work,Other,0.557,0.38,medium
T4-O-M3,Lease renewal decision needed soon,"Your lease is up for renewal, please let us know your decision within the next two weeks.",tenants@fernwoodapartments.com,management@fernwoodapartments.com,ham,0.1261,Work,Other,0.318,0.44,medium
T4-O-M4,Please verify a recent charge,"We noticed an unusual but not clearly fraudulent charge, please verify it within the next few days.",cardholder@gmail.com,fraud-review@brightpeakcredit.com,ham,0.1797,Work,Other,0.632,0.42,medium
T4-O-M5,Item in your order is on backorder,"One item in your recent order is delayed, please choose a substitute or confirm you're okay waiting within a few days.",customer@gmail.com,orders@cartwheelgoods.com,ham,0.1511,Personal,Other,0.318,0.34,medium
T4-O-M6,Please confirm delivery instructions,"Driver had trouble finding your address last time, please confirm updated delivery instructions before your next order.",customer@gmail.com,support@doorfeastapp.com,ham,0.2302,Other,Other,0.226,0.31,medium
T4-O-M7,Please verify your profile to keep matching,"We need to verify your profile photo to keep showing you matches, please complete verification within the next week.",user@gmail.com,trust@sparkconnect.com,ham,0.1612,Work,Other,0.557,0.32,medium
T4-O-M8,Please review a new login location,"We noticed a login from a new location, please confirm it was you within the next few days.",user@gmail.com,security@snapgridapp.com,ham,0.1206,Work,Other,0.557,0.41,medium
T4-O-M9,Additional documentation needed for your return,"We need one more document to finish processing your return, please upload it within the next two weeks.",filer@gmail.com,support@filesimpletax.com,ham,0.1514,Other,Other,0.318,0.39,medium
T4-O-M10,HOA - please respond about the fence variance,"Your fence variance request needs one more piece of info, please respond within the next couple weeks.",resident@gmail.com,secretary@brookstonehoa.org,ham,0.1432,Work,Other,0.557,0.37,medium
T4-O-M11,please register before the class fills up,"the continuing ed class you looked at is filling up, please register within the next week if you want a spot",alumni@stateuniv.edu,continuinged@stateuniv.edu,ham,0.1448,Work,Other,0.599,0.35,medium
T4-O-H1,Emergency zoning meeting tonight about your property,"An emergency council session is happening tonight regarding a decision that affects your property, please attend or submit comments today.",residents@fernwoodhoa.org,clerk@citygov.org,ham,0.1092,Work,Other,-0.44,0.79,high
T4-O-H2,School lockdown in effect right now,"The school is currently in a precautionary lockdown, all students are safe, please do not come to the school until further notice.",parent@gmail.com,alerts@maplegroveschools.org,ham,0.1583,Other,Other,0.637,0.99,high
T4-O-H3,Fire alarm active in your building right now,"A fire alarm is currently active in your building, please evacuate immediately using the nearest exit.",tenants@fernwoodapartments.com,management@fernwoodapartments.com,ham,0.1579,Personal,Other,-0.226,0.99,high
T4-O-H4,Your card was just used for a large purchase abroad,"A large purchase was just attempted on your card from another country, if this wasn't you call us immediately to block it.",cardholder@gmail.com,fraud@brightpeakcredit.com,ham,0.2095,Personal,Other,-0.44,0.9,high
T4-O-H5,Recall - stop using the product immediately,"The item you purchased has been recalled for a fire risk, please stop using it immediately and follow the return instructions.",customer@gmail.com,recalls@cartwheelgoods.com,ham,0.2053,Work,Other,-0.681,0.86,high
T4-O-H6,Your account is being accessed right now from an unknown device,"Someone is logged into your account right now from a device we don't recognize, please secure your account immediately.",user@gmail.com,security@snapgridapp.com,ham,0.2023,Personal,Other,0.572,0.91,high
T4-O-H7,"Filing deadline is today, action required now","We noticed your return hasn't been submitted and the deadline is today, please finish filing immediately to avoid penalties.",filer@gmail.com,alerts@filesimpletax.com,ham,0.1675,Other,Other,0.026,0.82,high
T4-O-H8,urgent - water main break flooding the parking lot,"a water main just broke and is flooding the parking lot fast, please move your car immediately if it's parked there",tenants@fernwoodapartments.com,management@fernwoodapartments.com,ham,0.1547,Personal,Other,0.077,0.88,high
T4-O-H9,call now about a safety concern,"a safety concern was just reported involving your account, please call us immediately to verify your identity",user@gmail.com,trust@sparkconnect.com,ham,0.1958,Work,Other,0.784,0.78,high
T5-W-L1,Anchor Point Marina - dock boards replaced,"Replaced a few worn boards on dock C this week, all set. Nothing needed from anyone.",staff@anchorpointmarina.com,dockmaster@anchorpointmarina.com,ham,0.1347,Work,Work,-0.296,0.14,low
T5-W-L2,Chapter House Books - staff picks shelf refreshed,"Updated the staff picks shelf with some new titles, looks good. Just wanted to mention it.",staff@chapterhousebooks.com,manager@chapterhousebooks.com,ham,0.1359,Personal,Work,0.44,0.13,low
T5-W-L3,Rising Stars Afterschool - craft supplies restocked,"Restocked the craft supply bins for next week's projects, all set for the group.",staff@risingstarsafterschool.com,director@risingstarsafterschool.com,ham,0.1261,Work,Work,0.0,0.15,low
T5-W-L4,Coastal HVAC - new van wrap looks great,"The new van wrap design got installed today, looks sharp. No action needed, just sharing.",techs@coastalhvac.com,owner@coastalhvac.com,ham,0.1423,Personal,Work,0.691,0.12,low
T5-W-L5,Cellar Door - new glassware arrived,New wine glasses arrived and are already washed and stocked behind the bar. Nothing further needed.,staff@cellardoorwinebar.com,manager@cellardoorwinebar.com,ham,0.1533,Personal,Work,0.0,0.14,low
T5-W-L6,Pinnacle Tutoring - new whiteboard installed,"Installed the new whiteboard in room 2, tutors can use it starting this week. FYI only.",tutors@pinnacletutoring.com,director@pinnacletutoring.com,ham,0.1144,Personal,Work,0.202,0.13,low
T5-W-L7,Presswork Printing - new paper stock sample,"Got a sample of the new recycled paper stock, feels nice, sitting on the counter if you want to check it out.",staff@pressworkprinting.com,manager@pressworkprinting.com,ham,0.1482,Personal,Work,0.477,0.15,low
T5-W-L8,Fluff & Fold Grooming - new dryer installed,"New high-velocity dryer got installed today, cuts drying time nicely. Nothing needed from anyone.",groomers@fluffandfold.com,owner@fluffandfold.com,ham,0.1463,Personal,Work,0.178,0.14,low
T5-W-L9,Sunbeam Solar - training video uploaded,"Uploaded the new install training video to the shared drive, watch whenever convenient, no deadline.",installers@sunbeamsolar.com,training@sunbeamsolar.com,ham,0.1431,Work,Work,0.052,0.16,low
T5-W-L10,Rapid Courier - new bike racks installed,"New bike racks are up outside the depot, should make mornings a bit easier. Just an FYI.",couriers@rapidcourier.com,dispatch@rapidcourier.com,ham,0.1753,Work,Work,0.557,0.13,low
T5-W-L11,nice work this week,"just wanted to say the team handled a busy week really well, appreciate everyone, no reply needed",techs@coastalhvac.com,owner@coastalhvac.com,ham,0.1208,Work,Work,0.716,0.15,low
T5-W-M1,Need the slip renewal list reviewed,Could you review the slip renewal list sometime this week? A few need follow-up before the season starts.,dockmaster@anchorpointmarina.com,office@anchorpointmarina.com,ham,0.124,Work,Work,0.0,0.38,medium
T5-W-M2,Need the event schedule finalized,Could you finalize the author event schedule sometime this week? Want to start promoting soon.,manager@chapterhousebooks.com,events@chapterhousebooks.com,ham,0.1418,Work,Work,0.421,0.36,medium
T5-W-M3,Need the field trip permission slips collected,Could you follow up on the missing permission slips sometime this week? Trip's coming up soon.,staff@risingstarsafterschool.com,director@risingstarsafterschool.com,ham,0.1372,Work,Work,-0.296,0.41,medium
T5-W-M4,Need the parts order confirmed,Could you confirm this week's parts order sometime today or tomorrow? Need it in before next week's jobs.,techs@coastalhvac.com,office@coastalhvac.com,ham,0.156,Work,Work,0.0,0.42,medium
T5-W-M5,Need the wine list update approved,Could you approve the updated wine list sometime this week? Want to have it printed before the weekend.,manager@cellardoorwinebar.com,sommelier@cellardoorwinebar.com,ham,0.1169,Work,Work,0.477,0.37,medium
T5-W-M6,Need the student progress reports done,Could you finish the quarterly progress reports sometime this week? Parents are expecting them soon.,tutors@pinnacletutoring.com,director@pinnacletutoring.com,ham,0.1326,Work,Work,0.681,0.4,medium
T5-W-M7,Need the proof approved before we print,Could you approve the final proof sometime today or tomorrow? Press run is scheduled for later this week.,staff@pressworkprinting.com,manager@pressworkprinting.com,ham,0.1305,Work,Work,0.421,0.43,medium
T5-W-M8,Need the appointment book reviewed,Could you look over next week's appointment book sometime this week? A couple slots need double-checking.,groomers@fluffandfold.com,owner@fluffandfold.com,ham,0.1251,Work,Work,0.0,0.34,medium
T5-W-M9,Need the site survey scheduled,Could you schedule the site survey for the Hendricks install sometime this week? Customer's waiting to move forward.,installers@sunbeamsolar.com,sales@sunbeamsolar.com,ham,0.1224,Work,Work,0.0,0.39,medium
T5-W-M10,Need the route assignments confirmed,Could you confirm tomorrow's route assignments sometime today? Want to make sure everyone's covered.,couriers@rapidcourier.com,dispatch@rapidcourier.com,ham,0.1444,Work,Work,0.382,0.38,medium
T5-W-M11,need feedback on the new booking system,could you try out the new booking system sometime this week and let me know what you think before we switch over fully,manager@cellardoorwinebar.com,sommelier@cellardoorwinebar.com,ham,0.1048,Work,Work,0.0,0.35,medium
T5-W-H1,Boat is taking on water at the dock,"One of the boats at dock C is taking on water fast, need everyone available down there right now.",staff@anchorpointmarina.com,dockmaster@anchorpointmarina.com,ham,0.1735,Personal,Work,0.0,0.94,high
T5-W-H2,Water pipe burst above the rare book section,"A pipe just burst above the rare books, water's coming down fast, need everyone helping move stock right now.",staff@chapterhousebooks.com,manager@chapterhousebooks.com,ham,0.1536,Work,Work,0.296,0.92,high
T5-W-H3,Kid is missing from the afterschool group,"We can't find one of the kids from the group, need everyone searching right now and parents called immediately.",staff@risingstarsafterschool.com,director@risingstarsafterschool.com,ham,0.1465,Personal,Work,-0.296,0.99,high
T5-W-H4,Customer has no heat and it's freezing tonight,"A customer's furnace died completely and it's below freezing tonight with young kids in the house, need someone out there immediately.",techs@coastalhvac.com,dispatch@coastalhvac.com,ham,0.1521,Personal,Work,-0.765,0.9,high
T5-W-H5,"Guest is choking, need help now","A guest is choking at table 4 right now, need everyone trained in first aid over here immediately.",manager@cellardoorwinebar.com,staff@cellardoorwinebar.com,ham,0.1886,Personal,Work,-0.511,0.99,high
T5-W-H6,"Student having a panic attack, need help now","One of the students is having a severe panic attack right now, need you back here immediately.",director@pinnacletutoring.com,tutors@pinnacletutoring.com,ham,0.1525,Personal,Work,-0.914,0.87,high
T5-W-H7,Press jammed and is smoking,"The big press just jammed and is smoking badly, need it shut down and someone here right now.",staff@pressworkprinting.com,manager@pressworkprinting.com,ham,0.1623,Personal,Work,-0.477,0.93,high
T5-W-H8,"Dog bit a groomer, need help now","A dog just bit one of the groomers pretty badly, need first aid and possibly 911 right now.",owner@fluffandfold.com,groomers@fluffandfold.com,ham,0.1741,Work,Work,0.421,0.96,high
T5-W-H9,Installer fell off the roof,"An installer just fell off the roof on site, we've called 911, need you here right now.",installers@sunbeamsolar.com,crew@sunbeamsolar.com,ham,0.162,Personal,Work,0.0,0.99,high
T5-W-H10,Courier was in an accident on route,"One of our couriers was just in an accident on their route, need dispatch coordinating with EMS immediately.",dispatch@rapidcourier.com,courier@rapidcourier.com,ham,0.1622,Personal,Work,-0.735,0.97,high
T5-W-H11,get here now,"get down to the dock right now, the boat is sinking fast",staff@anchorpointmarina.com,dockmaster@anchorpointmarina.com,ham,0.1894,Personal,Work,0.0,0.95,high
T5-W-H12,call now,"call me right now, we have no heat for a family with a newborn, need a tech out there tonight",techs@coastalhvac.com,dispatch@coastalhvac.com,ham,0.154,Personal,Work,-0.296,0.91,high
T5-P-L1,second mom update,"Hope you're doing well, nothing new here really, just wanted to check in since it's been a while.",roommateparent@gmail.com,me@gmail.com,ham,0.1341,Personal,Personal,0.612,0.15,low
T5-P-L2,date night went great,"Just wanted you to know date night went really well last week, thanks for the recommendation on the restaurant.",daughterspartner@gmail.com,me@gmail.com,ham,0.1205,Personal,Personal,0.855,0.14,low
T5-P-L3,your kid helped me carry groceries,"Your teenager helped me carry groceries in today without even being asked, made my whole day, wanted you to know.",neighborparent@gmail.com,me@gmail.com,ham,0.1537,Personal,Personal,0.0,0.13,low
T5-P-L4,choir sounded amazing this week,"The choir sounded incredible this week, you really outdid yourself with the arrangement, just wanted to say so.",choirdirector@gmail.com,me@gmail.com,ham,0.1439,Work,Personal,0.586,0.15,low
T5-P-L5,good run this morning,"Had a really good run with the club this morning, weather was perfect, wish you'd been there.",runningclubfriend@gmail.com,me@gmail.com,ham,0.1298,Personal,Personal,0.91,0.16,low
T5-P-L6,in-law's mom sent the sweetest card,"Your mom sent us the sweetest card in the mail today, made me tear up a little, thank her for us.",inlawparent@gmail.com,me@gmail.com,ham,0.1699,Personal,Personal,0.297,0.14,low
T5-P-L7,foster kiddo had a great day,"The kiddo had a really good day today, first time smiling that much since placement, wanted to share the good news.",fosterparentfriend@gmail.com,me@gmail.com,ham,0.1605,Personal,Personal,0.937,0.17,low
T5-P-L8,brother's wife found the funniest meme,"Found this meme and immediately thought you'd get it, sending it your way, no context needed.",brotherswife@gmail.com,me@gmail.com,ham,0.1588,Personal,Personal,0.34,0.12,low
T5-P-L9,thank you for the letter,"Got your letter today, made my whole week, will write back properly soon, just wanted to say thank you.",penpal@gmail.com,me@gmail.com,ham,0.1492,Work,Personal,0.612,0.16,low
T5-P-L10,group was really supportive today,"Today's meeting was really good, felt supported by everyone, just wanted to say thanks for always showing up.",supportgroupfriend@gmail.com,me@gmail.com,ham,0.1045,Work,Personal,0.879,0.15,low
T5-P-L11,lol the dog and the mail carrier,"lol the dog made friends with the mail carrier today, sending you the picture, it's too cute",runningclubfriend@gmail.com,me@gmail.com,ham,0.1741,Personal,Personal,0.893,0.12,low
T5-P-M1,need to plan the visit with the kids,"Trying to plan a visit with the grandkids soon, are you free a weekend next month? Let me know so I can plan around it.",roommateparent@gmail.com,me@gmail.com,ham,0.1551,Work,Personal,0.511,0.38,medium
T5-P-M2,need to confirm dinner with you two,"Trying to lock in a dinner date with you both soon, does next weekend work? Let me know so I can book somewhere.",daughterspartner@gmail.com,me@gmail.com,ham,0.1018,Work,Personal,0.0,0.34,medium
T5-P-M3,need to borrow the ladder again,Could I borrow your ladder again sometime this week? Trying to get the gutters done before it rains.,neighborparent@gmail.com,me@gmail.com,ham,0.1329,Work,Personal,0.0,0.3,medium
T5-P-M4,need the solo confirmed for sunday,Could you confirm who's singing the solo this Sunday sometime this week? Need to finalize the program.,choirdirector@gmail.com,me@gmail.com,ham,0.1388,Work,Personal,0.0,0.36,medium
T5-P-M5,need a running partner for the race,"Signing up for the half marathon soon, are you in? Need to know this week before registration closes.",runningclubfriend@gmail.com,me@gmail.com,ham,0.1302,Work,Personal,0.0,0.35,medium
T5-P-M6,need to plan the anniversary trip together,"Want to plan something for their anniversary, are you free to talk logistics sometime this week?",inlawparent@gmail.com,me@gmail.com,ham,0.1651,Other,Personal,0.557,0.37,medium
T5-P-M7,need the school supply list handled,"School supply list came in for the foster kiddo, could you help me get it sorted sometime this week?",fosterparentfriend@gmail.com,me@gmail.com,ham,0.1356,Work,Personal,0.402,0.39,medium
T5-P-M8,need to sort out the shared gift,"Trying to figure out the group gift for the in-laws, can you send your thoughts sometime this week?",brotherswife@gmail.com,me@gmail.com,ham,0.1299,Personal,Personal,0.802,0.32,medium
T5-P-M9,need your new address soon,"Want to send a package your way, can you send your current address sometime this week?",penpal@gmail.com,me@gmail.com,ham,0.2329,Personal,Personal,0.077,0.28,medium
T5-P-M10,need to know if you're coming to group,"Wondering if you'll be at group this week, could use your support on something, let me know when you can.",supportgroupfriend@gmail.com,me@gmail.com,ham,0.086,Work,Personal,0.402,0.4,medium
T5-P-M11,need an answer on the trip soon,"hey, need to know by this weekend if you're still coming on the trip so I can finalize the booking",daughterspartner@gmail.com,me@gmail.com,ham,0.1167,Work,Personal,0.0,0.41,medium
T5-P-H1,"second mom, need you right now","Something happened and I really need you right now, can you call me the second you see this.",roommateparent@gmail.com,me@gmail.com,ham,0.1593,Personal,Personal,0.0,0.85,high
T5-P-H2,"need you both to call, urgent","Something serious happened and I need to talk to you both right away, please call as soon as you can.",daughterspartner@gmail.com,me@gmail.com,ham,0.1892,Work,Personal,0.421,0.83,high
T5-P-H3,your kid is hurt next door,"Your teenager just got hurt playing out front, nothing life-threatening but you should come now.",neighborparent@gmail.com,me@gmail.com,ham,0.1593,Personal,Personal,-0.276,0.88,high
T5-P-H4,"choir director, need you now","Something happened right before the service and I need you here immediately, please come now.",choirdirector@gmail.com,me@gmail.com,ham,0.2133,Work,Personal,0.318,0.8,high
T5-P-H5,"collapsed during the run, need help","Someone from the running group just collapsed on the trail, we've called 911, come to the trailhead now if you can.",runningclubfriend@gmail.com,me@gmail.com,ham,0.1149,Work,Personal,-0.128,0.96,high
T5-P-H6,"in-law's mom fell, at the hospital","Your mom just fell and we're at the hospital now, please call me the second you see this.",inlawparent@gmail.com,me@gmail.com,ham,0.1451,Personal,Personal,0.318,0.97,high
T5-P-H7,foster kiddo had a bad reaction,"The kiddo is having a bad reaction to something, heading to urgent care now, please call me right away.",fosterparentfriend@gmail.com,me@gmail.com,ham,0.1612,Work,Personal,-0.178,0.95,high
T5-P-H8,"brother's wife, call me now","Something happened with your husband, my brother, please call me the second you see this.",brotherswife@gmail.com,me@gmail.com,ham,0.1587,Personal,Personal,0.318,0.93,high
T5-P-H9,"need you, can't do this alone right now","Having a really hard moment and don't want to be alone, can you call or come by as soon as you can?",supportgroupfriend@gmail.com,me@gmail.com,ham,0.1589,Personal,Personal,-0.564,0.82,high
T5-P-H10,call me now,"please call me right now, it's urgent, i'll explain when you call",roommateparent@gmail.com,me@gmail.com,ham,0.1719,Work,Personal,0.477,0.84,high
T5-P-H11,911 need you,"calling 911 now, please come to the house right away",inlawparent@gmail.com,me@gmail.com,ham,0.1998,Work,Personal,0.318,0.98,high
T5-P-H12,help,"need help right now, please call, can't talk long",fosterparentfriend@gmail.com,me@gmail.com,ham,0.1599,Work,Personal,0.772,0.9,high
T5-O-L1,Your marina slip renewal receipt,"Here's your receipt for the slip renewal, thanks. No action needed.",boatowner@gmail.com,billing@anchorpointmarina.com,ham,0.1386,Work,Other,0.178,0.11,low
T5-O-L2,Your bookstore loyalty points update,"You've earned enough points for a free coffee at the cafe counter, redeem whenever you're in next.",customer@gmail.com,rewards@chapterhousebooks.com,ham,0.1469,Work,Other,0.778,0.12,low
T5-O-L3,Afterschool program - photo day reminder for next month,"Photo day is next month, no need to do anything yet, just a heads up for planning ahead.",parent@gmail.com,office@risingstarsafterschool.com,ham,0.168,Work,Other,-0.296,0.14,low
T5-O-L4,Your HVAC maintenance visit summary,"Here's a summary of today's routine maintenance visit, everything checked out fine.",customer@gmail.com,service@coastalhvac.com,ham,0.1512,Work,Other,0.202,0.13,low
T5-O-L5,Your wine club shipment is on the way,"This month's wine club selection shipped today, enjoy. No action needed.",member@gmail.com,club@cellardoorwinebar.com,ham,0.1656,Personal,Other,0.25,0.11,low
T5-O-L6,Tutoring session recap for this week,"Here's a quick recap of this week's session, went well, nothing to flag. See you next week.",parent@gmail.com,tutors@pinnacletutoring.com,ham,0.118,Work,Other,0.273,0.15,low
T5-O-L7,Your print order is ready for pickup,"Your order is ready whenever you'd like to swing by, no rush, we're open till 6.",customer@gmail.com,orders@pressworkprinting.com,ham,0.1715,Personal,Other,0.649,0.13,low
T5-O-L8,Grooming appointment reminder for next week,"Just a friendly reminder your pup has a grooming appointment next week, nothing to do until then.",petowner@gmail.com,scheduling@fluffandfold.com,ham,0.1213,Personal,Other,0.494,0.14,low
T5-O-L9,Your solar panels produced well this month,"Your system had a great production month, check the app whenever you're curious about the numbers.",homeowner@gmail.com,monitoring@sunbeamsolar.com,ham,0.1903,Work,Other,0.818,0.12,low
T5-O-L10,Your package was delivered,"Your package was delivered to the front desk, pick up whenever convenient.",customer@gmail.com,notify@rapidcourier.com,ham,0.1355,Personal,Other,0.0,0.11,low
T5-O-L11,Unemployment office - your claim status is unchanged,"Just confirming your claim status hasn't changed since last update, no action needed at this time.",claimant@gmail.com,notices@stateunemployment.gov,ham,0.1506,Work,Other,-0.625,0.16,low
T5-O-L12,your subscription box shipped,"this month's box shipped out today, tracking is attached, enjoy whenever it arrives",subscriber@gmail.com,orders@monthlycratebox.com,ham,0.1619,Personal,Other,0.494,0.12,low
T5-O-M1,Please renew your slip contract soon,"Your slip contract is up for renewal, please respond within the next two weeks to keep your spot.",boatowner@gmail.com,office@anchorpointmarina.com,ham,0.1397,Work,Other,0.557,0.37,medium
T5-O-M2,Please pick up your holds soon,"A couple books you placed on hold are ready, please pick them up within the next week or they'll be released.",patron@gmail.com,holds@chapterhousebooks.com,ham,0.1269,Work,Other,0.727,0.32,medium
T5-O-M3,Please complete enrollment for next semester,Please complete the re-enrollment form within the next two weeks to keep your child's spot in the program.,parent@gmail.com,office@risingstarsafterschool.com,ham,0.2128,Work,Other,0.557,0.42,medium
T5-O-M4,Filter replacement recommended soon,"Your system's filter is due for replacement, please schedule service within the next couple weeks.",customer@gmail.com,service@coastalhvac.com,ham,0.1431,Work,Other,0.477,0.34,medium
T5-O-M5,Please update your wine club preferences,"We're finalizing next quarter's selections, please update your preferences within the next week if you'd like changes.",member@gmail.com,club@cellardoorwinebar.com,ham,0.1073,Work,Other,0.727,0.3,medium
T5-O-M6,Please confirm the makeup session time,"We need to reschedule a missed session, please confirm a time within the next few days.",parent@gmail.com,tutors@pinnacletutoring.com,ham,0.1332,Work,Other,0.34,0.36,medium
T5-O-M7,Please approve the revised proof soon,"We made the changes you requested, please approve the revised proof within the next couple days so we stay on schedule.",customer@gmail.com,orders@pressworkprinting.com,ham,0.1306,Work,Other,0.557,0.4,medium
T5-O-M8,Please confirm vaccination records before your visit,"We need current vaccination records before your pup's next visit, please send them within the next week.",petowner@gmail.com,scheduling@fluffandfold.com,ham,0.1939,Work,Other,0.557,0.33,medium
T5-O-M9,Please review a dip in your system's output,"We noticed a drop in your panels' output, please let us know if you'd like a technician to check within the next couple weeks.",homeowner@gmail.com,monitoring@sunbeamsolar.com,ham,0.1085,Work,Other,0.612,0.38,medium
T5-O-M10,"Delivery attempt failed, please reschedule soon","We couldn't deliver your package today, please reschedule within the next few days before it's returned to sender.",customer@gmail.com,notify@rapidcourier.com,ham,0.1702,Work,Other,0.077,0.35,medium
T5-O-M11,please submit your job search log soon,"your weekly job search log is due within the next few days to keep your claim active, please submit when you can",claimant@gmail.com,notices@stateunemployment.gov,ham,0.1817,Work,Other,0.743,0.41,medium
T5-O-H1,Severe storm warning for the marina right now,"A severe storm is about to hit the marina, please secure your boat or move it immediately if you're able.",boatowner@gmail.com,alerts@anchorpointmarina.com,ham,0.1605,Other,Other,-0.44,0.9,high
T5-O-H2,Your home security alarm was triggered,Your home security system detected motion and triggered the alarm just now. Please check your camera feed or call us immediately to confirm you're safe.,homeowner@gmail.com,monitoring@guardianhomesecurity.com,ham,0.1935,Personal,Other,0.637,0.95,high
T5-O-H3,Enrollment will be cancelled today without payment,"Your child's spot will be released to the waitlist today unless payment is received, please act immediately.",parent@gmail.com,billing@risingstarsafterschool.com,ham,0.1841,Personal,Other,0.077,0.8,high
T5-O-H4,"Gas smell reported near your unit, evacuate now","A gas leak was reported near your unit, please evacuate the building immediately and do not use any switches.",customer@gmail.com,alerts@coastalhvac.com,ham,0.1167,Other,Other,-0.026,0.98,high
T5-O-H5,"Your claim is about to expire, act today","Your unemployment claim will lapse today unless you certify immediately, please log in now to avoid a gap in benefits.",claimant@gmail.com,notices@stateunemployment.gov,ham,0.1919,Personal,Other,-0.052,0.83,high
T5-O-H6,Your solar system reports a fire risk fault,"Our monitoring detected a fault that can indicate a fire risk, please power down the system and call us immediately.",homeowner@gmail.com,monitoring@sunbeamsolar.com,ham,0.1425,Work,Other,-0.878,0.93,high
T5-O-H7,"Package with medication delayed, call us now","Your time-sensitive medication package was delayed in transit, please call us immediately to arrange urgent redelivery.",customer@gmail.com,support@rapidcourier.com,ham,0.1601,Other,Other,0.077,0.87,high
T5-O-H8,"call now, break-in detected","our system detected a possible break-in at your address right now, please call us immediately or contact the police",homeowner@gmail.com,monitoring@guardianhomesecurity.com,ham,0.186,Work,Other,0.318,0.99,high
T5-O-H9,urgent - your dog had a reaction during grooming,"your dog had an allergic reaction during grooming today, we are taking him to the emergency vet now, please call us immediately",petowner@gmail.com,scheduling@fluffandfold.com,ham,0.169,Work,Other,-0.178,0.96,high
